parentID,Родительская категория WB,subjectID,Категория / предмет WB,Артикул WB,Артикул продавца,Название,Бренд,chrtID,Размер продавца,Размер WB,SKU / штрихкод,Фото
6,Головные уборы,1563,Балаклавы,296263798,найк-балаклава,Балаклава спортивная и стильная,Nike,451045680,M-L,Стандарт,2042122665857,https://basket-18.wbbasket.ru/vol2962/part296263/296263798/images/big/1.webp
6,Головные уборы,1563,Балаклавы,297913952,найк-снуды,Снуды спортивный и стильный шарф,Nike,453106154,универсальный,1 размер,2042152096294,https://basket-18.wbbasket.ru/vol2979/part297913/297913952/images/big/1.webp
239,Спортивный товар,414,Бинты спортивные,274273327,быстр-бинт(бел),"Быстрый бинт для бокс, мма и единоборства",Lucky Sport,423002774,0,,2041543644441,https://basket-17.wbbasket.ru/vol2742/part274273/274273327/images/big/1.webp
239,Спортивный товар,414,Бинты спортивные,269528327,быст-бинт(бел),"Быстрый бинт для бокса, мма и единоборств",Lucky Sport,417053804,0,,2041439027105,https://basket-17.wbbasket.ru/vol2695/part269528/269528327/images/big/1.webp
49,Красота,349,Блески,1302265246,кико-блеск(1),Блеск для губ Kiko,KIKO MILANO,1923645020,0,,2053967728751,https://basket-45.wbbasket.ru/vol13022/part1302265/1302265246/images/big/1.webp
49,Красота,349,Блески,1302299832,кико-блеск(2),Блеск для губ Kiko,KIKO MILANO,1923683993,0,,2053967953436,https://basket-45.wbbasket.ru/vol13022/part1302299/1302299832/images/big/1.webp
49,Красота,349,Блески,1302299833,кико-блеск(3),Блеск для губ Kiko,KIKO MILANO,1923683994,0,,2053968157147,https://basket-45.wbbasket.ru/vol13022/part1302299/1302299833/images/big/1.webp
49,Красота,349,Блески,1302299834,кико-блеск(4),Блеск для губ Kiko,KIKO MILANO,1923683995,0,,2053968004359,https://basket-45.wbbasket.ru/vol13022/part1302299/1302299834/images/big/1.webp
49,Красота,349,Блески,1302299835,кико-блеск(5),Блеск для губ Kiko,KIKO MILANO,1923683996,0,,2053968029475,https://basket-45.wbbasket.ru/vol13022/part1302299/1302299835/images/big/1.webp
49,Красота,349,Блески,1302299836,кико-блеск(6),Блеск для губ Kiko,KIKO MILANO,1923683997,0,,2053968087390,https://basket-45.wbbasket.ru/vol13022/part1302299/1302299836/images/big/1.webp
49,Красота,1931,Бронзеры,1438190751,диор-бронз (2),"Бронзер для лица, оттенок 02",Dior,2149870710,0,,2054903262018,https://basket-47.wbbasket.ru/vol14381/part1438190/1438190751/images/big/1.webp
49,Красота,1931,Бронзеры,1438190750,диор-бронз (3),"Бронзер для лица, оттенок 03",Dior,2149870709,0,,2054903263350,https://basket-47.wbbasket.ru/vol14381/part1438190/1438190750/images/big/1.webp
49,Красота,1931,Бронзеры,1438190749,диор-бронз (4),"Бронзер для лица, оттенок 04",Dior,2149870708,0,,2054903210552,https://basket-47.wbbasket.ru/vol14381/part1438190/1438190749/images/big/1.webp
49,Красота,1931,Бронзеры,1438190748,диор-бронз (5),"Бронзер для лица, оттенок 05",Dior,2149870707,0,,2054903184037,https://basket-47.wbbasket.ru/vol14381/part1438190/1438190748/images/big/1.webp
3497,Спортивная обувь,128,Бутсы,223520414,эйрзум(бел),Nike Air Zoom Mercurial сороконожки шиповки для футбола,Lucky Sport,354557473,36,"22,5-23 см",2039815254252,https://basket-15.wbbasket.ru/vol2235/part223520/223520414/images/big/1.webp
3497,Спортивная обувь,128,Бутсы,223520414,эйрзум(бел),Nike Air Zoom Mercurial сороконожки шиповки для футбола,Lucky Sport,354557474,37,"23-23,5 см",2039815254269,https://basket-15.wbbasket.ru/vol2235/part223520/223520414/images/big/1.webp
3497,Спортивная обувь,128,Бутсы,223520414,эйрзум(бел),Nike Air Zoom Mercurial сороконожки шиповки для футбола,Lucky Sport,354557475,38,"24-24,5 см",2039815254276,https://basket-15.wbbasket.ru/vol2235/part223520/223520414/images/big/1.webp
3497,Спортивная обувь,128,Бутсы,223520414,эйрзум(бел),Nike Air Zoom Mercurial сороконожки шиповки для футбола,Lucky Sport,354557476,39,"24,5-25 см",2039815254283,https://basket-15.wbbasket.ru/vol2235/part223520/223520414/images/big/1.webp
3497,Спортивная обувь,128,Бутсы,223520414,эйрзум(бел),Nike Air Zoom Mercurial сороконожки шиповки для футбола,Lucky Sport,354557477,40,"25-25,5 см",2039815254290,https://basket-15.wbbasket.ru/vol2235/part223520/223520414/images/big/1.webp
3497,Спортивная обувь,128,Бутсы,223520415,эйрзум(син-км),Nike Air Zoom Mercurial сороконожки шиповки для футбола,Lucky Sport,354557478,36,"22,5-23 см",2039815260680,https://basket-15.wbbasket.ru/vol2235/part223520/223520415/images/big/1.webp
3497,Спортивная обувь,128,Бутсы,223520415,эйрзум(син-км),Nike Air Zoom Mercurial сороконожки шиповки для футбола,Lucky Sport,354557479,37,"23-23,5 см",2039815260697,https://basket-15.wbbasket.ru/vol2235/part223520/223520415/images/big/1.webp
3497,Спортивная обувь,128,Бутсы,223520415,эйрзум(син-км),Nike Air Zoom Mercurial сороконожки шиповки для футбола,Lucky Sport,354557480,38,"24-24,5 см",2039815260703,https://basket-15.wbbasket.ru/vol2235/part223520/223520415/images/big/1.webp
3497,Спортивная обувь,128,Бутсы,223520415,эйрзум(син-км),Nike Air Zoom Mercurial сороконожки шиповки для футбола,Lucky Sport,354557481,39,"24,5-25 см",2039815260710,https://basket-15.wbbasket.ru/vol2235/part223520/223520415/images/big/1.webp
3497,Спортивная обувь,128,Бутсы,223520415,эйрзум(син-км),Nike Air Zoom Mercurial сороконожки шиповки для футбола,Lucky Sport,354557482,40,"25-25,5 см",2039815260727,https://basket-15.wbbasket.ru/vol2235/part223520/223520415/images/big/1.webp
6943,Все для садоводства,1763,Грунты для растений,895533681,грунт-50,Грунт для рассады 50 л,Грунты для растений,1353717632,0,,2049752264740,https://basket-39.wbbasket.ru/vol8955/part895533/895533681/images/big/1.webp
49,Красота,385,Дезодоранты,1333074317,спрей-ног,"Спрей для ног от пота, противогрибковое средство",JaySuing,1976843652,0,,2054245043450,https://basket-45.wbbasket.ru/vol13330/part1333074/1333074317/images/big/1.webp
1513,Спортивная одежда,4606,Защита груди женская,370111549,киоку-боди(бел)1,Защита груди женская киокушинкай и карате нагрудник,Lucky Sport,541210399,M,85-95 ог,2043360705602,https://basket-21.wbbasket.ru/vol3701/part370111/370111549/images/big/1.webp
1513,Спортивная одежда,4606,Защита груди женская,370111549,киоку-боди(бел)1,Защита груди женская киокушинкай и карате нагрудник,Lucky Sport,541210398,S,75-85 ОГ,2043360705596,https://basket-21.wbbasket.ru/vol3701/part370111/370111549/images/big/1.webp
1513,Спортивная одежда,4606,Защита груди женская,370111549,киоку-боди(бел)1,Защита груди женская киокушинкай и карате нагрудник,Lucky Sport,541210396,XXS,55-65 ОГ,2043360705572,https://basket-21.wbbasket.ru/vol3701/part370111/370111549/images/big/1.webp
1513,Спортивная одежда,4606,Защита груди женская,370111549,киоку-боди(бел)1,Защита груди женская киокушинкай и карате нагрудник,Lucky Sport,541210400,L,95-105 ОГ,2043360705619,https://basket-21.wbbasket.ru/vol3701/part370111/370111549/images/big/1.webp
1513,Спортивная одежда,4606,Защита груди женская,370111549,киоку-боди(бел)1,Защита груди женская киокушинкай и карате нагрудник,Lucky Sport,541210401,XL,105-115 ОГ,2043360705626,https://basket-21.wbbasket.ru/vol3701/part370111/370111549/images/big/1.webp
1513,Спортивная одежда,4606,Защита груди женская,370111549,киоку-боди(бел)1,Защита груди женская киокушинкай и карате нагрудник,Lucky Sport,541210397,XS,65-75 ОГ,2043360705589,https://basket-21.wbbasket.ru/vol3701/part370111/370111549/images/big/1.webp
1605,Спортивные аксессуары,569,Защитные наборы,370118612,киоку-боди(чер),Киокушинкай нагрудник женский белый для каратэ и киокушинкай,,541217558,M,85-95 ОГ,2043360783587,https://basket-21.wbbasket.ru/vol3701/part370118/370118612/images/big/1.webp
1605,Спортивные аксессуары,569,Защитные наборы,370118612,киоку-боди(чер),Киокушинкай нагрудник женский белый для каратэ и киокушинкай,,541217560,XL,105-115 ОГ,2043360783600,https://basket-21.wbbasket.ru/vol3701/part370118/370118612/images/big/1.webp
1605,Спортивные аксессуары,569,Защитные наборы,370118612,киоку-боди(чер),Киокушинкай нагрудник женский белый для каратэ и киокушинкай,,541217556,XS,65-75 ОГ,2043360783563,https://basket-21.wbbasket.ru/vol3701/part370118/370118612/images/big/1.webp
1605,Спортивные аксессуары,569,Защитные наборы,370118612,киоку-боди(чер),Киокушинкай нагрудник женский белый для каратэ и киокушинкай,,541217555,XXS,55-65 ОГ,2043360783556,https://basket-21.wbbasket.ru/vol3701/part370118/370118612/images/big/1.webp
1605,Спортивные аксессуары,569,Защитные наборы,370118612,киоку-боди(чер),Киокушинкай нагрудник женский белый для каратэ и киокушинкай,,541217559,L,95-105 ОГ,2043360783594,https://basket-21.wbbasket.ru/vol3701/part370118/370118612/images/big/1.webp
1605,Спортивные аксессуары,569,Защитные наборы,370118612,киоку-боди(чер),Киокушинкай нагрудник женский белый для каратэ и киокушинкай,,541217557,S,75-85 ОГ,2043360783570,https://basket-21.wbbasket.ru/vol3701/part370118/370118612/images/big/1.webp
7,Игрушки,2547,Игрушки антистресс,206915938,попит-мишка,"Попит электронный, симпл димпл для развития",Lucky Mall,332150938,0,,2039447487745,https://basket-14.wbbasket.ru/vol2069/part206915/206915938/images/big/1.webp
7,Игрушки,2547,Игрушки антистресс,206915939,попит-лягушка,"Попит электронный, симпл димпл для развития",Lucky Mall,332150939,0,,2039447542055,https://basket-14.wbbasket.ru/vol2069/part206915/206915939/images/big/1.webp
7,Игрушки,2547,Игрушки антистресс,206915940,попит-микки,"Попит электронный, симпл димпл для развития",Lucky Mall,332150940,0,,2039447543236,https://basket-14.wbbasket.ru/vol2069/part206915/206915940/images/big/1.webp
1513,Спортивная одежда,491,Кимоно спортивное,1338455989,ги-татами(черн),Кимоно для БЖЖ джиу-джитсу грэпплинга дзюдо,Venum,1986039329,A0,150-160см,2054329319785,https://basket-45.wbbasket.ru/vol13384/part1338455/1338455989/images/big/1.webp
1513,Спортивная одежда,491,Кимоно спортивное,1338455989,ги-татами(черн),Кимоно для БЖЖ джиу-джитсу грэпплинга дзюдо,Venum,1986039330,A1,160 - 168 см,2054329319792,https://basket-45.wbbasket.ru/vol13384/part1338455/1338455989/images/big/1.webp
1513,Спортивная одежда,491,Кимоно спортивное,1338455989,ги-татами(черн),Кимоно для БЖЖ джиу-джитсу грэпплинга дзюдо,Venum,1986039331,A1L,165 - 175 см,2054329319808,https://basket-45.wbbasket.ru/vol13384/part1338455/1338455989/images/big/1.webp
1513,Спортивная одежда,491,Кимоно спортивное,1338455989,ги-татами(черн),Кимоно для БЖЖ джиу-джитсу грэпплинга дзюдо,Venum,1986039332,A2,170 - 178 см,2054329319815,https://basket-45.wbbasket.ru/vol13384/part1338455/1338455989/images/big/1.webp
1513,Спортивная одежда,491,Кимоно спортивное,1338455989,ги-татами(черн),Кимоно для БЖЖ джиу-джитсу грэпплинга дзюдо,Venum,1986039333,A2L,175 - 185 см,2054329319822,https://basket-45.wbbasket.ru/vol13384/part1338455/1338455989/images/big/1.webp
1513,Спортивная одежда,491,Кимоно спортивное,1338455989,ги-татами(черн),Кимоно для БЖЖ джиу-джитсу грэпплинга дзюдо,Venum,1986039334,A3,175 - 185см,2054329319839,https://basket-45.wbbasket.ru/vol13384/part1338455/1338455989/images/big/1.webp
1513,Спортивная одежда,491,Кимоно спортивное,1338455989,ги-татами(черн),Кимоно для БЖЖ джиу-джитсу грэпплинга дзюдо,Venum,1986039335,A3L,180 - 190 см,2054329319846,https://basket-45.wbbasket.ru/vol13384/part1338455/1338455989/images/big/1.webp
1513,Спортивная одежда,491,Кимоно спортивное,1338455989,ги-татами(черн),Кимоно для БЖЖ джиу-джитсу грэпплинга дзюдо,Venum,1986039336,A4,185 - 195 см,2054329319853,https://basket-45.wbbasket.ru/vol13384/part1338455/1338455989/images/big/1.webp
1513,Спортивная одежда,491,Кимоно спортивное,1338455989,ги-татами(черн),Кимоно для БЖЖ джиу-джитсу грэпплинга дзюдо,Venum,1986039337,A5,190 - 200 см,2054329319860,https://basket-45.wbbasket.ru/vol13384/part1338455/1338455989/images/big/1.webp
1513,Спортивная одежда,491,Кимоно спортивное,1338455989,ги-татами(черн),Кимоно для БЖЖ джиу-джитсу грэпплинга дзюдо,Venum,1986039338,M0,120-130 см,2054329319877,https://basket-45.wbbasket.ru/vol13384/part1338455/1338455989/images/big/1.webp
1513,Спортивная одежда,491,Кимоно спортивное,1338455989,ги-татами(черн),Кимоно для БЖЖ джиу-джитсу грэпплинга дзюдо,Venum,1986039339,M00,110-120 см,2054329319884,https://basket-45.wbbasket.ru/vol13384/part1338455/1338455989/images/big/1.webp
1513,Спортивная одежда,491,Кимоно спортивное,1338455989,ги-татами(черн),Кимоно для БЖЖ джиу-джитсу грэпплинга дзюдо,Venum,1986039340,M1,130-140 см,2054329319891,https://basket-45.wbbasket.ru/vol13384/part1338455/1338455989/images/big/1.webp
1513,Спортивная одежда,491,Кимоно спортивное,1338455989,ги-татами(черн),Кимоно для БЖЖ джиу-джитсу грэпплинга дзюдо,Venum,1986039341,M2,135-145 см,2054329319907,https://basket-45.wbbasket.ru/vol13384/part1338455/1338455989/images/big/1.webp
1513,Спортивная одежда,491,Кимоно спортивное,1338455989,ги-татами(черн),Кимоно для БЖЖ джиу-джитсу грэпплинга дзюдо,Venum,1986039342,M3,145-155 см,2054329319914,https://basket-45.wbbasket.ru/vol13384/part1338455/1338455989/images/big/1.webp
1513,Спортивная одежда,491,Кимоно спортивное,1338455989,ги-татами(черн),Кимоно для БЖЖ джиу-джитсу грэпплинга дзюдо,Venum,1986039343,M4,150-160 см,2054329319921,https://basket-45.wbbasket.ru/vol13384/part1338455/1338455989/images/big/1.webp
1513,Спортивная одежда,491,Кимоно спортивное,1338455990,ги-татами(бел),Кимоно для БЖЖ джиу-джитсу грэпплинга дзюдо,Venum,1986039344,A0,150-160см,2054329321313,https://basket-45.wbbasket.ru/vol13384/part1338455/1338455990/images/big/1.webp
1513,Спортивная одежда,491,Кимоно спортивное,1338455990,ги-татами(бел),Кимоно для БЖЖ джиу-джитсу грэпплинга дзюдо,Venum,1986039345,A1,160 - 168 см,2054329321320,https://basket-45.wbbasket.ru/vol13384/part1338455/1338455990/images/big/1.webp
1513,Спортивная одежда,491,Кимоно спортивное,1338455990,ги-татами(бел),Кимоно для БЖЖ джиу-джитсу грэпплинга дзюдо,Venum,1986039346,A1L,165 - 175 см,2054329321337,https://basket-45.wbbasket.ru/vol13384/part1338455/1338455990/images/big/1.webp
1513,Спортивная одежда,491,Кимоно спортивное,1338455990,ги-татами(бел),Кимоно для БЖЖ джиу-джитсу грэпплинга дзюдо,Venum,1986039347,A2,170 - 178 см,2054329321344,https://basket-45.wbbasket.ru/vol13384/part1338455/1338455990/images/big/1.webp
1513,Спортивная одежда,491,Кимоно спортивное,1338455990,ги-татами(бел),Кимоно для БЖЖ джиу-джитсу грэпплинга дзюдо,Venum,1986039348,A2L,175 - 185 см,2054329321351,https://basket-45.wbbasket.ru/vol13384/part1338455/1338455990/images/big/1.webp
1513,Спортивная одежда,491,Кимоно спортивное,1338455990,ги-татами(бел),Кимоно для БЖЖ джиу-джитсу грэпплинга дзюдо,Venum,1986039349,A3,175 - 185см,2054329321368,https://basket-45.wbbasket.ru/vol13384/part1338455/1338455990/images/big/1.webp
1513,Спортивная одежда,491,Кимоно спортивное,1338455990,ги-татами(бел),Кимоно для БЖЖ джиу-джитсу грэпплинга дзюдо,Venum,1986039350,A3L,180 - 190 см,2054329321375,https://basket-45.wbbasket.ru/vol13384/part1338455/1338455990/images/big/1.webp
1513,Спортивная одежда,491,Кимоно спортивное,1338455990,ги-татами(бел),Кимоно для БЖЖ джиу-джитсу грэпплинга дзюдо,Venum,1986039351,A4,185 - 195 см,2054329321382,https://basket-45.wbbasket.ru/vol13384/part1338455/1338455990/images/big/1.webp
1513,Спортивная одежда,491,Кимоно спортивное,1338455990,ги-татами(бел),Кимоно для БЖЖ джиу-джитсу грэпплинга дзюдо,Venum,1986039352,A5,190 - 200 см,2054329321399,https://basket-45.wbbasket.ru/vol13384/part1338455/1338455990/images/big/1.webp
1513,Спортивная одежда,491,Кимоно спортивное,1338455990,ги-татами(бел),Кимоно для БЖЖ джиу-джитсу грэпплинга дзюдо,Venum,1986039353,M0,120-130 см,2054329321405,https://basket-45.wbbasket.ru/vol13384/part1338455/1338455990/images/big/1.webp
1513,Спортивная одежда,491,Кимоно спортивное,1338455990,ги-татами(бел),Кимоно для БЖЖ джиу-джитсу грэпплинга дзюдо,Venum,1986039354,M00,110-120 см,2054329321412,https://basket-45.wbbasket.ru/vol13384/part1338455/1338455990/images/big/1.webp
1513,Спортивная одежда,491,Кимоно спортивное,1338455990,ги-татами(бел),Кимоно для БЖЖ джиу-джитсу грэпплинга дзюдо,Venum,1986039355,M1,130-140 см,2054329321429,https://basket-45.wbbasket.ru/vol13384/part1338455/1338455990/images/big/1.webp
1513,Спортивная одежда,491,Кимоно спортивное,1338455990,ги-татами(бел),Кимоно для БЖЖ джиу-джитсу грэпплинга дзюдо,Venum,1986039356,M2,135-145 см,2054329321436,https://basket-45.wbbasket.ru/vol13384/part1338455/1338455990/images/big/1.webp
1513,Спортивная одежда,491,Кимоно спортивное,1338455990,ги-татами(бел),Кимоно для БЖЖ джиу-джитсу грэпплинга дзюдо,Venum,1986039357,M3,145-155 см,2054329321443,https://basket-45.wbbasket.ru/vol13384/part1338455/1338455990/images/big/1.webp
1513,Спортивная одежда,491,Кимоно спортивное,1338455990,ги-татами(бел),Кимоно для БЖЖ джиу-джитсу грэпплинга дзюдо,Venum,1986039358,M4,150-160 см,2054329321450,https://basket-45.wbbasket.ru/vol13384/part1338455/1338455990/images/big/1.webp
1513,Спортивная одежда,491,Кимоно спортивное,1338455991,ги-татами(син),Кимоно для БЖЖ джиу-джитсу грэпплинга дзюдо,Venum,1986039359,A0,150-160см,2054329317941,https://basket-45.wbbasket.ru/vol13384/part1338455/1338455991/images/big/1.webp
1513,Спортивная одежда,491,Кимоно спортивное,1338455991,ги-татами(син),Кимоно для БЖЖ джиу-джитсу грэпплинга дзюдо,Venum,1986039360,A1,160 - 168 см,2054329317958,https://basket-45.wbbasket.ru/vol13384/part1338455/1338455991/images/big/1.webp
1513,Спортивная одежда,491,Кимоно спортивное,1338455991,ги-татами(син),Кимоно для БЖЖ джиу-джитсу грэпплинга дзюдо,Venum,1986039361,A1L,165 - 175 см,2054329317965,https://basket-45.wbbasket.ru/vol13384/part1338455/1338455991/images/big/1.webp
1513,Спортивная одежда,491,Кимоно спортивное,1338455991,ги-татами(син),Кимоно для БЖЖ джиу-джитсу грэпплинга дзюдо,Venum,1986039362,A2,170 - 178 см,2054329317972,https://basket-45.wbbasket.ru/vol13384/part1338455/1338455991/images/big/1.webp
1513,Спортивная одежда,491,Кимоно спортивное,1338455991,ги-татами(син),Кимоно для БЖЖ джиу-джитсу грэпплинга дзюдо,Venum,1986039363,A2L,175 - 185 см,2054329317989,https://basket-45.wbbasket.ru/vol13384/part1338455/1338455991/images/big/1.webp
1513,Спортивная одежда,491,Кимоно спортивное,1338455991,ги-татами(син),Кимоно для БЖЖ джиу-джитсу грэпплинга дзюдо,Venum,1986039364,A3,175 - 185см,2054329317996,https://basket-45.wbbasket.ru/vol13384/part1338455/1338455991/images/big/1.webp
1513,Спортивная одежда,491,Кимоно спортивное,1338455991,ги-татами(син),Кимоно для БЖЖ джиу-джитсу грэпплинга дзюдо,Venum,1986039365,A3L,180 - 190 см,2054329318009,https://basket-45.wbbasket.ru/vol13384/part1338455/1338455991/images/big/1.webp
1513,Спортивная одежда,491,Кимоно спортивное,1338455991,ги-татами(син),Кимоно для БЖЖ джиу-джитсу грэпплинга дзюдо,Venum,1986039366,A4,185 - 195 см,2054329318016,https://basket-45.wbbasket.ru/vol13384/part1338455/1338455991/images/big/1.webp
1513,Спортивная одежда,491,Кимоно спортивное,1338455991,ги-татами(син),Кимоно для БЖЖ джиу-джитсу грэпплинга дзюдо,Venum,1986039367,A5,190 - 200 см,2054329318023,https://basket-45.wbbasket.ru/vol13384/part1338455/1338455991/images/big/1.webp
1513,Спортивная одежда,491,Кимоно спортивное,1338455991,ги-татами(син),Кимоно для БЖЖ джиу-джитсу грэпплинга дзюдо,Venum,1986039368,M0,120-130 см,2054329318030,https://basket-45.wbbasket.ru/vol13384/part1338455/1338455991/images/big/1.webp
1513,Спортивная одежда,491,Кимоно спортивное,1338455991,ги-татами(син),Кимоно для БЖЖ джиу-джитсу грэпплинга дзюдо,Venum,1986039369,M00,110-120 см,2054329318047,https://basket-45.wbbasket.ru/vol13384/part1338455/1338455991/images/big/1.webp
1513,Спортивная одежда,491,Кимоно спортивное,1338455991,ги-татами(син),Кимоно для БЖЖ джиу-джитсу грэпплинга дзюдо,Venum,1986039370,M1,130-140 см,2054329318054,https://basket-45.wbbasket.ru/vol13384/part1338455/1338455991/images/big/1.webp
1513,Спортивная одежда,491,Кимоно спортивное,1338455991,ги-татами(син),Кимоно для БЖЖ джиу-джитсу грэпплинга дзюдо,Venum,1986039371,M2,135-145 см,2054329318061,https://basket-45.wbbasket.ru/vol13384/part1338455/1338455991/images/big/1.webp
1513,Спортивная одежда,491,Кимоно спортивное,1338455991,ги-татами(син),Кимоно для БЖЖ джиу-джитсу грэпплинга дзюдо,Venum,1986039372,M3,145-155 см,2054329318078,https://basket-45.wbbasket.ru/vol13384/part1338455/1338455991/images/big/1.webp
1513,Спортивная одежда,491,Кимоно спортивное,1338455991,ги-татами(син),Кимоно для БЖЖ джиу-джитсу грэпплинга дзюдо,Venum,1986039373,M4,150-160 см,2054329318085,https://basket-45.wbbasket.ru/vol13384/part1338455/1338455991/images/big/1.webp
1513,Спортивная одежда,491,Кимоно спортивное,1245053769,ги-венум(син),Кимоно для БЖЖ Venum джиу-джитсу грэпплинга дзюдо,Venum,1831305096,A2L,175 - 185 см,2053202924979,https://basket-44.wbbasket.ru/vol12450/part1245053/1245053769/images/big/1.webp
1513,Спортивная одежда,491,Кимоно спортивное,1245053769,ги-венум(син),Кимоно для БЖЖ Venum джиу-джитсу грэпплинга дзюдо,Venum,1831305102,M00,110-120 см,2053202925037,https://basket-44.wbbasket.ru/vol12450/part1245053/1245053769/images/big/1.webp
1513,Спортивная одежда,491,Кимоно спортивное,1245053769,ги-венум(син),Кимоно для БЖЖ Venum джиу-джитсу грэпплинга дзюдо,Venum,1831305104,M2,135-145 см,2053202925051,https://basket-44.wbbasket.ru/vol12450/part1245053/1245053769/images/big/1.webp
1513,Спортивная одежда,491,Кимоно спортивное,1245053769,ги-венум(син),Кимоно для БЖЖ Venum джиу-джитсу грэпплинга дзюдо,Venum,1831305093,A1,160 - 168 см,2053202924948,https://basket-44.wbbasket.ru/vol12450/part1245053/1245053769/images/big/1.webp
1513,Спортивная одежда,491,Кимоно спортивное,1245053769,ги-венум(син),Кимоно для БЖЖ Venum джиу-джитсу грэпплинга дзюдо,Venum,1831305094,A1L,165 - 175 см,2053202924955,https://basket-44.wbbasket.ru/vol12450/part1245053/1245053769/images/big/1.webp
1513,Спортивная одежда,491,Кимоно спортивное,1245053769,ги-венум(син),Кимоно для БЖЖ Venum джиу-джитсу грэпплинга дзюдо,Venum,1831305095,A2,170 - 178 см,2053202924962,https://basket-44.wbbasket.ru/vol12450/part1245053/1245053769/images/big/1.webp
1513,Спортивная одежда,491,Кимоно спортивное,1245053769,ги-венум(син),Кимоно для БЖЖ Venum джиу-джитсу грэпплинга дзюдо,Venum,1831305097,A3,175 - 185см,2053202924986,https://basket-44.wbbasket.ru/vol12450/part1245053/1245053769/images/big/1.webp
1513,Спортивная одежда,491,Кимоно спортивное,1245053769,ги-венум(син),Кимоно для БЖЖ Venum джиу-джитсу грэпплинга дзюдо,Venum,1831305098,A3L,180 - 190 см,2053202924993,https://basket-44.wbbasket.ru/vol12450/part1245053/1245053769/images/big/1.webp
1513,Спортивная одежда,491,Кимоно спортивное,1245053769,ги-венум(син),Кимоно для БЖЖ Venum джиу-джитсу грэпплинга дзюдо,Venum,1831305099,A4,185 - 195 см,2053202925006,https://basket-44.wbbasket.ru/vol12450/part1245053/1245053769/images/big/1.webp
1513,Спортивная одежда,491,Кимоно спортивное,1245053769,ги-венум(син),Кимоно для БЖЖ Venum джиу-джитсу грэпплинга дзюдо,Venum,1831305100,A5,190 - 200 см,2053202925013,https://basket-44.wbbasket.ru/vol12450/part1245053/1245053769/images/big/1.webp
1513,Спортивная одежда,491,Кимоно спортивное,1245053769,ги-венум(син),Кимоно для БЖЖ Venum джиу-джитсу грэпплинга дзюдо,Venum,1831305101,M0,120-130 см,2053202925020,https://basket-44.wbbasket.ru/vol12450/part1245053/1245053769/images/big/1.webp
1513,Спортивная одежда,491,Кимоно спортивное,1245053769,ги-венум(син),Кимоно для БЖЖ Venum джиу-джитсу грэпплинга дзюдо,Venum,1831305103,M1,130-140 см,2053202925044,https://basket-44.wbbasket.ru/vol12450/part1245053/1245053769/images/big/1.webp
1513,Спортивная одежда,491,Кимоно спортивное,1245053769,ги-венум(син),Кимоно для БЖЖ Venum джиу-джитсу грэпплинга дзюдо,Venum,1831305105,M3,145-155 см,2053202925068,https://basket-44.wbbasket.ru/vol12450/part1245053/1245053769/images/big/1.webp
1513,Спортивная одежда,491,Кимоно спортивное,1245053769,ги-венум(син),Кимоно для БЖЖ Venum джиу-джитсу грэпплинга дзюдо,Venum,1831305106,M4,150-160 см,2053202925075,https://basket-44.wbbasket.ru/vol12450/part1245053/1245053769/images/big/1.webp
1513,Спортивная одежда,491,Кимоно спортивное,1245053769,ги-венум(син),Кимоно для БЖЖ Venum джиу-джитсу грэпплинга дзюдо,Venum,1831305092,A0,150-160см,2053202924931,https://basket-44.wbbasket.ru/vol12450/part1245053/1245053769/images/big/1.webp
1513,Спортивная одежда,491,Кимоно спортивное,1258904179,ги-венум(чер),Кимоно для БЖЖ Venum джиу-джитсу грэпплинга дзюдо,Venum,1851393264,A0,150-160см,2053341807430,https://basket-44.wbbasket.ru/vol12589/part1258904/1258904179/images/big/1.webp
1513,Спортивная одежда,491,Кимоно спортивное,1258904179,ги-венум(чер),Кимоно для БЖЖ Venum джиу-джитсу грэпплинга дзюдо,Venum,1851393265,A1,160 - 168 см,2053341807447,https://basket-44.wbbasket.ru/vol12589/part1258904/1258904179/images/big/1.webp
1513,Спортивная одежда,491,Кимоно спортивное,1258904179,ги-венум(чер),Кимоно для БЖЖ Venum джиу-джитсу грэпплинга дзюдо,Venum,1851393266,A1L,165 - 175 см,2053341807454,https://basket-44.wbbasket.ru/vol12589/part1258904/1258904179/images/big/1.webp
1513,Спортивная одежда,491,Кимоно спортивное,1258904179,ги-венум(чер),Кимоно для БЖЖ Venum джиу-джитсу грэпплинга дзюдо,Venum,1851393267,A2,170 - 178 см,2053341807461,https://basket-44.wbbasket.ru/vol12589/part1258904/1258904179/images/big/1.webp
1513,Спортивная одежда,491,Кимоно спортивное,1258904179,ги-венум(чер),Кимоно для БЖЖ Venum джиу-джитсу грэпплинга дзюдо,Venum,1851393268,A2L,175 - 185 см,2053341807478,https://basket-44.wbbasket.ru/vol12589/part1258904/1258904179/images/big/1.webp
1513,Спортивная одежда,491,Кимоно спортивное,1258904179,ги-венум(чер),Кимоно для БЖЖ Venum джиу-джитсу грэпплинга дзюдо,Venum,1851393269,A3,175 - 185см,2053341807485,https://basket-44.wbbasket.ru/vol12589/part1258904/1258904179/images/big/1.webp
1513,Спортивная одежда,491,Кимоно спортивное,1258904179,ги-венум(чер),Кимоно для БЖЖ Venum джиу-джитсу грэпплинга дзюдо,Venum,1851393270,A3L,180 - 190 см,2053341807492,https://basket-44.wbbasket.ru/vol12589/part1258904/1258904179/images/big/1.webp
1513,Спортивная одежда,491,Кимоно спортивное,1258904179,ги-венум(чер),Кимоно для БЖЖ Venum джиу-джитсу грэпплинга дзюдо,Venum,1851393271,A4,185 - 195 см,2053341807508,https://basket-44.wbbasket.ru/vol12589/part1258904/1258904179/images/big/1.webp
1513,Спортивная одежда,491,Кимоно спортивное,1258904179,ги-венум(чер),Кимоно для БЖЖ Venum джиу-джитсу грэпплинга дзюдо,Venum,1851393272,A5,190 - 200 см,2053341807515,https://basket-44.wbbasket.ru/vol12589/part1258904/1258904179/images/big/1.webp
1513,Спортивная одежда,491,Кимоно спортивное,1258904179,ги-венум(чер),Кимоно для БЖЖ Venum джиу-джитсу грэпплинга дзюдо,Venum,1851393273,M0,120-130 см,2053341807522,https://basket-44.wbbasket.ru/vol12589/part1258904/1258904179/images/big/1.webp
1513,Спортивная одежда,491,Кимоно спортивное,1258904179,ги-венум(чер),Кимоно для БЖЖ Venum джиу-джитсу грэпплинга дзюдо,Venum,1851393274,M00,110-120 см,2053341807539,https://basket-44.wbbasket.ru/vol12589/part1258904/1258904179/images/big/1.webp
1513,Спортивная одежда,491,Кимоно спортивное,1258904179,ги-венум(чер),Кимоно для БЖЖ Venum джиу-джитсу грэпплинга дзюдо,Venum,1851393275,M1,130-140 см,2053341807546,https://basket-44.wbbasket.ru/vol12589/part1258904/1258904179/images/big/1.webp
1513,Спортивная одежда,491,Кимоно спортивное,1258904179,ги-венум(чер),Кимоно для БЖЖ Venum джиу-джитсу грэпплинга дзюдо,Venum,1851393276,M2,135-145 см,2053341807553,https://basket-44.wbbasket.ru/vol12589/part1258904/1258904179/images/big/1.webp
1513,Спортивная одежда,491,Кимоно спортивное,1258904179,ги-венум(чер),Кимоно для БЖЖ Venum джиу-джитсу грэпплинга дзюдо,Venum,1851393277,M3,145-155 см,2053341807560,https://basket-44.wbbasket.ru/vol12589/part1258904/1258904179/images/big/1.webp
1513,Спортивная одежда,491,Кимоно спортивное,1258904179,ги-венум(чер),Кимоно для БЖЖ Venum джиу-джитсу грэпплинга дзюдо,Venum,1851393278,M4,150-160 см,2053341807577,https://basket-44.wbbasket.ru/vol12589/part1258904/1258904179/images/big/1.webp
1513,Спортивная одежда,491,Кимоно спортивное,659913440,ги-оками(син),Кимоно для джиу-джитсу (бжж),Lucky Sport,887958738,A0,150-160см,2047540179351,https://basket-32.wbbasket.ru/vol6599/part659913/659913440/images/big/1.webp
1513,Спортивная одежда,491,Кимоно спортивное,659913440,ги-оками(син),Кимоно для джиу-джитсу (бжж),Lucky Sport,887958740,A1L,165 - 175 см,2047540179375,https://basket-32.wbbasket.ru/vol6599/part659913/659913440/images/big/1.webp
1513,Спортивная одежда,491,Кимоно спортивное,659913440,ги-оками(син),Кимоно для джиу-джитсу (бжж),Lucky Sport,887958741,A2,170 - 178 см,2047540179382,https://basket-32.wbbasket.ru/vol6599/part659913/659913440/images/big/1.webp
1513,Спортивная одежда,491,Кимоно спортивное,659913440,ги-оками(син),Кимоно для джиу-джитсу (бжж),Lucky Sport,887958742,A2L,175 - 185 см,2047540179399,https://basket-32.wbbasket.ru/vol6599/part659913/659913440/images/big/1.webp
1513,Спортивная одежда,491,Кимоно спортивное,659913440,ги-оками(син),Кимоно для джиу-джитсу (бжж),Lucky Sport,887958744,A3L,180 - 190 см,2047540179412,https://basket-32.wbbasket.ru/vol6599/part659913/659913440/images/big/1.webp
1513,Спортивная одежда,491,Кимоно спортивное,659913440,ги-оками(син),Кимоно для джиу-джитсу (бжж),Lucky Sport,887958747,M0,120-130 см,2047540179443,https://basket-32.wbbasket.ru/vol6599/part659913/659913440/images/big/1.webp
1513,Спортивная одежда,491,Кимоно спортивное,659913440,ги-оками(син),Кимоно для джиу-джитсу (бжж),Lucky Sport,887958748,M00,110-120 см,2047540179450,https://basket-32.wbbasket.ru/vol6599/part659913/659913440/images/big/1.webp
1513,Спортивная одежда,491,Кимоно спортивное,659913440,ги-оками(син),Кимоно для джиу-джитсу (бжж),Lucky Sport,887958749,M1,130-140 см,2047540179467,https://basket-32.wbbasket.ru/vol6599/part659913/659913440/images/big/1.webp
1513,Спортивная одежда,491,Кимоно спортивное,659913440,ги-оками(син),Кимоно для джиу-джитсу (бжж),Lucky Sport,887958751,M3,145-155 см,2047540179481,https://basket-32.wbbasket.ru/vol6599/part659913/659913440/images/big/1.webp
1513,Спортивная одежда,491,Кимоно спортивное,659913440,ги-оками(син),Кимоно для джиу-джитсу (бжж),Lucky Sport,887958752,M4,150-160 см,2047540179498,https://basket-32.wbbasket.ru/vol6599/part659913/659913440/images/big/1.webp
1513,Спортивная одежда,491,Кимоно спортивное,659913440,ги-оками(син),Кимоно для джиу-джитсу (бжж),Lucky Sport,887958745,A4,185 - 195 см,2047540179429,https://basket-32.wbbasket.ru/vol6599/part659913/659913440/images/big/1.webp
1513,Спортивная одежда,491,Кимоно спортивное,659913440,ги-оками(син),Кимоно для джиу-джитсу (бжж),Lucky Sport,887958750,M2,135-145 см,2047540179474,https://basket-32.wbbasket.ru/vol6599/part659913/659913440/images/big/1.webp
1513,Спортивная одежда,491,Кимоно спортивное,659913440,ги-оками(син),Кимоно для джиу-джитсу (бжж),Lucky Sport,887958739,A1,160 - 168 см,2047540179368,https://basket-32.wbbasket.ru/vol6599/part659913/659913440/images/big/1.webp
1513,Спортивная одежда,491,Кимоно спортивное,659913440,ги-оками(син),Кимоно для джиу-джитсу (бжж),Lucky Sport,887958743,A3,175 - 185см,2047540179405,https://basket-32.wbbasket.ru/vol6599/part659913/659913440/images/big/1.webp
1513,Спортивная одежда,491,Кимоно спортивное,659913440,ги-оками(син),Кимоно для джиу-джитсу (бжж),Lucky Sport,887958746,A5,190 - 200 см,2047540179436,https://basket-32.wbbasket.ru/vol6599/part659913/659913440/images/big/1.webp
1513,Спортивная одежда,491,Кимоно спортивное,875118926,ги-воук(бел),Кимоно для джиу-джитсу (бжж),Lucky Sport,1318820204,A0,150-160см,2049538939022,https://basket-39.wbbasket.ru/vol8751/part875118/875118926/images/big/1.webp
1513,Спортивная одежда,491,Кимоно спортивное,875118926,ги-воук(бел),Кимоно для джиу-джитсу (бжж),Lucky Sport,1318820205,A1,160 - 168 см,2049538939039,https://basket-39.wbbasket.ru/vol8751/part875118/875118926/images/big/1.webp
1513,Спортивная одежда,491,Кимоно спортивное,875118926,ги-воук(бел),Кимоно для джиу-джитсу (бжж),Lucky Sport,1318820206,A1L,165 - 175 см,2049538939046,https://basket-39.wbbasket.ru/vol8751/part875118/875118926/images/big/1.webp
1513,Спортивная одежда,491,Кимоно спортивное,875118926,ги-воук(бел),Кимоно для джиу-джитсу (бжж),Lucky Sport,1318820207,A2,170 - 178 см,2049538939053,https://basket-39.wbbasket.ru/vol8751/part875118/875118926/images/big/1.webp
1513,Спортивная одежда,491,Кимоно спортивное,875118926,ги-воук(бел),Кимоно для джиу-джитсу (бжж),Lucky Sport,1318820208,A2L,175 - 185 см,2049538939060,https://basket-39.wbbasket.ru/vol8751/part875118/875118926/images/big/1.webp
1513,Спортивная одежда,491,Кимоно спортивное,875118926,ги-воук(бел),Кимоно для джиу-джитсу (бжж),Lucky Sport,1318820209,A3,175 - 185см,2049538939077,https://basket-39.wbbasket.ru/vol8751/part875118/875118926/images/big/1.webp
1513,Спортивная одежда,491,Кимоно спортивное,875118926,ги-воук(бел),Кимоно для джиу-джитсу (бжж),Lucky Sport,1318820210,A3L,180 - 190 см,2049538939084,https://basket-39.wbbasket.ru/vol8751/part875118/875118926/images/big/1.webp
1513,Спортивная одежда,491,Кимоно спортивное,875118926,ги-воук(бел),Кимоно для джиу-джитсу (бжж),Lucky Sport,1318820211,A4,185 - 195 см,2049538939091,https://basket-39.wbbasket.ru/vol8751/part875118/875118926/images/big/1.webp
1513,Спортивная одежда,491,Кимоно спортивное,875118926,ги-воук(бел),Кимоно для джиу-джитсу (бжж),Lucky Sport,1318820212,A5,190 - 200 см,2049538939107,https://basket-39.wbbasket.ru/vol8751/part875118/875118926/images/big/1.webp
1513,Спортивная одежда,491,Кимоно спортивное,875118926,ги-воук(бел),Кимоно для джиу-джитсу (бжж),Lucky Sport,1318820213,M0,120-130 см,2049538939114,https://basket-39.wbbasket.ru/vol8751/part875118/875118926/images/big/1.webp
1513,Спортивная одежда,491,Кимоно спортивное,875118926,ги-воук(бел),Кимоно для джиу-джитсу (бжж),Lucky Sport,1318820214,M00,110-120 см,2049538939121,https://basket-39.wbbasket.ru/vol8751/part875118/875118926/images/big/1.webp
1513,Спортивная одежда,491,Кимоно спортивное,875118926,ги-воук(бел),Кимоно для джиу-джитсу (бжж),Lucky Sport,1318820215,M1,130-140 см,2049538939138,https://basket-39.wbbasket.ru/vol8751/part875118/875118926/images/big/1.webp
1513,Спортивная одежда,491,Кимоно спортивное,875118926,ги-воук(бел),Кимоно для джиу-джитсу (бжж),Lucky Sport,1318820216,M2,135-145 см,2049538939145,https://basket-39.wbbasket.ru/vol8751/part875118/875118926/images/big/1.webp
1513,Спортивная одежда,491,Кимоно спортивное,875118926,ги-воук(бел),Кимоно для джиу-джитсу (бжж),Lucky Sport,1318820217,M3,145-155 см,2049538939152,https://basket-39.wbbasket.ru/vol8751/part875118/875118926/images/big/1.webp
1513,Спортивная одежда,491,Кимоно спортивное,875118926,ги-воук(бел),Кимоно для джиу-джитсу (бжж),Lucky Sport,1318820218,M4,150-160 см,2049538939169,https://basket-39.wbbasket.ru/vol8751/part875118/875118926/images/big/1.webp
1513,Спортивная одежда,491,Кимоно спортивное,1034137490,ги-эстет(чер),Кимоно для джиу-джитсу (бжж),Lucky Sport,1542059349,A1,160 - 168 см,2051307134712,https://basket-41.wbbasket.ru/vol10341/part1034137/1034137490/images/big/1.webp
1513,Спортивная одежда,491,Кимоно спортивное,1034137490,ги-эстет(чер),Кимоно для джиу-джитсу (бжж),Lucky Sport,1542059350,A1L,165 - 175 см,2051307134729,https://basket-41.wbbasket.ru/vol10341/part1034137/1034137490/images/big/1.webp
1513,Спортивная одежда,491,Кимоно спортивное,1034137490,ги-эстет(чер),Кимоно для джиу-джитсу (бжж),Lucky Sport,1542059351,A2,170 - 178 см,2051307134736,https://basket-41.wbbasket.ru/vol10341/part1034137/1034137490/images/big/1.webp
1513,Спортивная одежда,491,Кимоно спортивное,1034137490,ги-эстет(чер),Кимоно для джиу-джитсу (бжж),Lucky Sport,1542059352,A2L,175 - 185 см,2051307134743,https://basket-41.wbbasket.ru/vol10341/part1034137/1034137490/images/big/1.webp
1513,Спортивная одежда,491,Кимоно спортивное,1034137490,ги-эстет(чер),Кимоно для джиу-джитсу (бжж),Lucky Sport,1542059353,A3,175 - 185см,2051307134750,https://basket-41.wbbasket.ru/vol10341/part1034137/1034137490/images/big/1.webp
1513,Спортивная одежда,491,Кимоно спортивное,1034137490,ги-эстет(чер),Кимоно для джиу-джитсу (бжж),Lucky Sport,1542059354,A3L,180 - 190 см,2051307134767,https://basket-41.wbbasket.ru/vol10341/part1034137/1034137490/images/big/1.webp
1513,Спортивная одежда,491,Кимоно спортивное,1034137490,ги-эстет(чер),Кимоно для джиу-джитсу (бжж),Lucky Sport,1542059355,A4,185 - 195 см,2051307134774,https://basket-41.wbbasket.ru/vol10341/part1034137/1034137490/images/big/1.webp
1513,Спортивная одежда,491,Кимоно спортивное,1034137490,ги-эстет(чер),Кимоно для джиу-джитсу (бжж),Lucky Sport,1542059356,A5,190 - 200 см,2051307134781,https://basket-41.wbbasket.ru/vol10341/part1034137/1034137490/images/big/1.webp
1513,Спортивная одежда,491,Кимоно спортивное,1034137490,ги-эстет(чер),Кимоно для джиу-джитсу (бжж),Lucky Sport,1542059357,M0,120-130 см,2051307134798,https://basket-41.wbbasket.ru/vol10341/part1034137/1034137490/images/big/1.webp
1513,Спортивная одежда,491,Кимоно спортивное,1034137490,ги-эстет(чер),Кимоно для джиу-джитсу (бжж),Lucky Sport,1542059358,M00,110-120 см,2051307134804,https://basket-41.wbbasket.ru/vol10341/part1034137/1034137490/images/big/1.webp
1513,Спортивная одежда,491,Кимоно спортивное,1034137490,ги-эстет(чер),Кимоно для джиу-джитсу (бжж),Lucky Sport,1542059359,M1,130-140 см,2051307134811,https://basket-41.wbbasket.ru/vol10341/part1034137/1034137490/images/big/1.webp
1513,Спортивная одежда,491,Кимоно спортивное,1034137490,ги-эстет(чер),Кимоно для джиу-джитсу (бжж),Lucky Sport,1542059361,M3,145-155 см,2051307134835,https://basket-41.wbbasket.ru/vol10341/part1034137/1034137490/images/big/1.webp
1513,Спортивная одежда,491,Кимоно спортивное,1034137490,ги-эстет(чер),Кимоно для джиу-джитсу (бжж),Lucky Sport,1542059362,M4,150-160 см,2051307134842,https://basket-41.wbbasket.ru/vol10341/part1034137/1034137490/images/big/1.webp
1513,Спортивная одежда,491,Кимоно спортивное,1034137490,ги-эстет(чер),Кимоно для джиу-джитсу (бжж),Lucky Sport,1542059348,A0,150-160см,2051307134705,https://basket-41.wbbasket.ru/vol10341/part1034137/1034137490/images/big/1.webp
1513,Спортивная одежда,491,Кимоно спортивное,1034137490,ги-эстет(чер),Кимоно для джиу-джитсу (бжж),Lucky Sport,1542059360,M2,135-145 см,2051307134828,https://basket-41.wbbasket.ru/vol10341/part1034137/1034137490/images/big/1.webp
1513,Спортивная одежда,491,Кимоно спортивное,1052310007,ги-манто-бел(черн),Кимоно для джиу-джитсу (бжж),Manto,1563734299,A0,150-160см,2051396755379,https://basket-42.wbbasket.ru/vol10523/part1052310/1052310007/images/big/1.webp
1513,Спортивная одежда,491,Кимоно спортивное,1052310007,ги-манто-бел(черн),Кимоно для джиу-джитсу (бжж),Manto,1563734301,A1L,165 - 175 см,2051396755393,https://basket-42.wbbasket.ru/vol10523/part1052310/1052310007/images/big/1.webp
1513,Спортивная одежда,491,Кимоно спортивное,1052310007,ги-манто-бел(черн),Кимоно для джиу-джитсу (бжж),Manto,1563734303,A2L,175 - 185 см,2051396755416,https://basket-42.wbbasket.ru/vol10523/part1052310/1052310007/images/big/1.webp
1513,Спортивная одежда,491,Кимоно спортивное,1052310007,ги-манто-бел(черн),Кимоно для джиу-джитсу (бжж),Manto,1563734304,A3,175 - 185см,2051396755423,https://basket-42.wbbasket.ru/vol10523/part1052310/1052310007/images/big/1.webp
1513,Спортивная одежда,491,Кимоно спортивное,1052310007,ги-манто-бел(черн),Кимоно для джиу-джитсу (бжж),Manto,1563734305,A3L,180 - 190 см,2051396755430,https://basket-42.wbbasket.ru/vol10523/part1052310/1052310007/images/big/1.webp
1513,Спортивная одежда,491,Кимоно спортивное,1052310007,ги-манто-бел(черн),Кимоно для джиу-джитсу (бжж),Manto,1563734306,A4,185 - 195 см,2051396755447,https://basket-42.wbbasket.ru/vol10523/part1052310/1052310007/images/big/1.webp
1513,Спортивная одежда,491,Кимоно спортивное,1052310007,ги-манто-бел(черн),Кимоно для джиу-джитсу (бжж),Manto,1563734307,A5,190 - 200 см,2051396755454,https://basket-42.wbbasket.ru/vol10523/part1052310/1052310007/images/big/1.webp
1513,Спортивная одежда,491,Кимоно спортивное,1052310007,ги-манто-бел(черн),Кимоно для джиу-джитсу (бжж),Manto,1563734308,M0,120-130 см,2051396755461,https://basket-42.wbbasket.ru/vol10523/part1052310/1052310007/images/big/1.webp
1513,Спортивная одежда,491,Кимоно спортивное,1052310007,ги-манто-бел(черн),Кимоно для джиу-джитсу (бжж),Manto,1563734310,M1,130-140 см,2051396755485,https://basket-42.wbbasket.ru/vol10523/part1052310/1052310007/images/big/1.webp
1513,Спортивная одежда,491,Кимоно спортивное,1052310007,ги-манто-бел(черн),Кимоно для джиу-джитсу (бжж),Manto,1563734311,M2,135-145 см,2051396755492,https://basket-42.wbbasket.ru/vol10523/part1052310/1052310007/images/big/1.webp
1513,Спортивная одежда,491,Кимоно спортивное,1052310007,ги-манто-бел(черн),Кимоно для джиу-джитсу (бжж),Manto,1563734312,M3,145-155 см,2051396755508,https://basket-42.wbbasket.ru/vol10523/part1052310/1052310007/images/big/1.webp
1513,Спортивная одежда,491,Кимоно спортивное,1052310007,ги-манто-бел(черн),Кимоно для джиу-джитсу (бжж),Manto,1563734313,M4,150-160 см,2051396755515,https://basket-42.wbbasket.ru/vol10523/part1052310/1052310007/images/big/1.webp
1513,Спортивная одежда,491,Кимоно спортивное,1052310007,ги-манто-бел(черн),Кимоно для джиу-джитсу (бжж),Manto,1563734300,A1,160 - 168 см,2051396755386,https://basket-42.wbbasket.ru/vol10523/part1052310/1052310007/images/big/1.webp
1513,Спортивная одежда,491,Кимоно спортивное,1052310007,ги-манто-бел(черн),Кимоно для джиу-джитсу (бжж),Manto,1563734302,A2,170 - 178 см,2051396755409,https://basket-42.wbbasket.ru/vol10523/part1052310/1052310007/images/big/1.webp
1513,Спортивная одежда,491,Кимоно спортивное,1052310007,ги-манто-бел(черн),Кимоно для джиу-джитсу (бжж),Manto,1563734309,M00,110-120 см,2051396755478,https://basket-42.wbbasket.ru/vol10523/part1052310/1052310007/images/big/1.webp
1513,Спортивная одежда,491,Кимоно спортивное,1052310008,ги-манто-глб(чер),Кимоно для джиу-джитсу (бжж),Manto,1563734315,A1,160 - 168 см,2051396755546,https://basket-42.wbbasket.ru/vol10523/part1052310/1052310008/images/big/1.webp
1513,Спортивная одежда,491,Кимоно спортивное,1052310008,ги-манто-глб(чер),Кимоно для джиу-джитсу (бжж),Manto,1563734317,A2,170 - 178 см,2051396755560,https://basket-42.wbbasket.ru/vol10523/part1052310/1052310008/images/big/1.webp
1513,Спортивная одежда,491,Кимоно спортивное,1052310008,ги-манто-глб(чер),Кимоно для джиу-джитсу (бжж),Manto,1563734322,A5,190 - 200 см,2051396755614,https://basket-42.wbbasket.ru/vol10523/part1052310/1052310008/images/big/1.webp
1513,Спортивная одежда,491,Кимоно спортивное,1052310008,ги-манто-глб(чер),Кимоно для джиу-джитсу (бжж),Manto,1563734323,M0,120-130 см,2051396755621,https://basket-42.wbbasket.ru/vol10523/part1052310/1052310008/images/big/1.webp
1513,Спортивная одежда,491,Кимоно спортивное,1052310008,ги-манто-глб(чер),Кимоно для джиу-джитсу (бжж),Manto,1563734324,M00,110-120 см,2051396755638,https://basket-42.wbbasket.ru/vol10523/part1052310/1052310008/images/big/1.webp
1513,Спортивная одежда,491,Кимоно спортивное,1052310008,ги-манто-глб(чер),Кимоно для джиу-джитсу (бжж),Manto,1563734325,M1,130-140 см,2051396755645,https://basket-42.wbbasket.ru/vol10523/part1052310/1052310008/images/big/1.webp
1513,Спортивная одежда,491,Кимоно спортивное,1052310008,ги-манто-глб(чер),Кимоно для джиу-джитсу (бжж),Manto,1563734327,M3,145-155 см,2051396755669,https://basket-42.wbbasket.ru/vol10523/part1052310/1052310008/images/big/1.webp
1513,Спортивная одежда,491,Кимоно спортивное,1052310008,ги-манто-глб(чер),Кимоно для джиу-джитсу (бжж),Manto,1563734328,M4,150-160 см,2051396755676,https://basket-42.wbbasket.ru/vol10523/part1052310/1052310008/images/big/1.webp
1513,Спортивная одежда,491,Кимоно спортивное,1052310008,ги-манто-глб(чер),Кимоно для джиу-джитсу (бжж),Manto,1563734314,A0,150-160см,2051396755539,https://basket-42.wbbasket.ru/vol10523/part1052310/1052310008/images/big/1.webp
1513,Спортивная одежда,491,Кимоно спортивное,1052310008,ги-манто-глб(чер),Кимоно для джиу-джитсу (бжж),Manto,1563734316,A1L,165 - 175 см,2051396755553,https://basket-42.wbbasket.ru/vol10523/part1052310/1052310008/images/big/1.webp
1513,Спортивная одежда,491,Кимоно спортивное,1052310008,ги-манто-глб(чер),Кимоно для джиу-джитсу (бжж),Manto,1563734318,A2L,175 - 185 см,2051396755577,https://basket-42.wbbasket.ru/vol10523/part1052310/1052310008/images/big/1.webp
1513,Спортивная одежда,491,Кимоно спортивное,1052310008,ги-манто-глб(чер),Кимоно для джиу-джитсу (бжж),Manto,1563734319,A3,175 - 185см,2051396755584,https://basket-42.wbbasket.ru/vol10523/part1052310/1052310008/images/big/1.webp
1513,Спортивная одежда,491,Кимоно спортивное,1052310008,ги-манто-глб(чер),Кимоно для джиу-джитсу (бжж),Manto,1563734320,A3L,180 - 190 см,2051396755591,https://basket-42.wbbasket.ru/vol10523/part1052310/1052310008/images/big/1.webp
1513,Спортивная одежда,491,Кимоно спортивное,1052310008,ги-манто-глб(чер),Кимоно для джиу-джитсу (бжж),Manto,1563734321,A4,185 - 195 см,2051396755607,https://basket-42.wbbasket.ru/vol10523/part1052310/1052310008/images/big/1.webp
1513,Спортивная одежда,491,Кимоно спортивное,1052310008,ги-манто-глб(чер),Кимоно для джиу-джитсу (бжж),Manto,1563734326,M2,135-145 см,2051396755652,https://basket-42.wbbasket.ru/vol10523/part1052310/1052310008/images/big/1.webp
1513,Спортивная одежда,491,Кимоно спортивное,1052310009,ги-манто-роз(чер),Кимоно для джиу-джитсу (бжж),Manto,1563734329,A0,150-160см,2051396755683,https://basket-42.wbbasket.ru/vol10523/part1052310/1052310009/images/big/1.webp
1513,Спортивная одежда,491,Кимоно спортивное,1052310009,ги-манто-роз(чер),Кимоно для джиу-джитсу (бжж),Manto,1563734331,A1L,165 - 175 см,2051396755706,https://basket-42.wbbasket.ru/vol10523/part1052310/1052310009/images/big/1.webp
1513,Спортивная одежда,491,Кимоно спортивное,1052310009,ги-манто-роз(чер),Кимоно для джиу-джитсу (бжж),Manto,1563734333,A2L,175 - 185 см,2051396755720,https://basket-42.wbbasket.ru/vol10523/part1052310/1052310009/images/big/1.webp
1513,Спортивная одежда,491,Кимоно спортивное,1052310009,ги-манто-роз(чер),Кимоно для джиу-джитсу (бжж),Manto,1563734338,M0,120-130 см,2051396755775,https://basket-42.wbbasket.ru/vol10523/part1052310/1052310009/images/big/1.webp
1513,Спортивная одежда,491,Кимоно спортивное,1052310009,ги-манто-роз(чер),Кимоно для джиу-джитсу (бжж),Manto,1563734339,M00,110-120 см,2051396755782,https://basket-42.wbbasket.ru/vol10523/part1052310/1052310009/images/big/1.webp
1513,Спортивная одежда,491,Кимоно спортивное,1052310009,ги-манто-роз(чер),Кимоно для джиу-джитсу (бжж),Manto,1563734340,M1,130-140 см,2051396755799,https://basket-42.wbbasket.ru/vol10523/part1052310/1052310009/images/big/1.webp
1513,Спортивная одежда,491,Кимоно спортивное,1052310009,ги-манто-роз(чер),Кимоно для джиу-джитсу (бжж),Manto,1563734341,M2,135-145 см,2051396755805,https://basket-42.wbbasket.ru/vol10523/part1052310/1052310009/images/big/1.webp
1513,Спортивная одежда,491,Кимоно спортивное,1052310009,ги-манто-роз(чер),Кимоно для джиу-джитсу (бжж),Manto,1563734342,M3,145-155 см,2051396755812,https://basket-42.wbbasket.ru/vol10523/part1052310/1052310009/images/big/1.webp
1513,Спортивная одежда,491,Кимоно спортивное,1052310009,ги-манто-роз(чер),Кимоно для джиу-джитсу (бжж),Manto,1563734343,M4,150-160 см,2051396755829,https://basket-42.wbbasket.ru/vol10523/part1052310/1052310009/images/big/1.webp
1513,Спортивная одежда,491,Кимоно спортивное,1052310009,ги-манто-роз(чер),Кимоно для джиу-джитсу (бжж),Manto,1563734330,A1,160 - 168 см,2051396755690,https://basket-42.wbbasket.ru/vol10523/part1052310/1052310009/images/big/1.webp
1513,Спортивная одежда,491,Кимоно спортивное,1052310009,ги-манто-роз(чер),Кимоно для джиу-джитсу (бжж),Manto,1563734332,A2,170 - 178 см,2051396755713,https://basket-42.wbbasket.ru/vol10523/part1052310/1052310009/images/big/1.webp
1513,Спортивная одежда,491,Кимоно спортивное,1052310009,ги-манто-роз(чер),Кимоно для джиу-джитсу (бжж),Manto,1563734334,A3,175 - 185см,2051396755737,https://basket-42.wbbasket.ru/vol10523/part1052310/1052310009/images/big/1.webp
1513,Спортивная одежда,491,Кимоно спортивное,1052310009,ги-манто-роз(чер),Кимоно для джиу-джитсу (бжж),Manto,1563734335,A3L,180 - 190 см,2051396755744,https://basket-42.wbbasket.ru/vol10523/part1052310/1052310009/images/big/1.webp
1513,Спортивная одежда,491,Кимоно спортивное,1052310009,ги-манто-роз(чер),Кимоно для джиу-джитсу (бжж),Manto,1563734336,A4,185 - 195 см,2051396755751,https://basket-42.wbbasket.ru/vol10523/part1052310/1052310009/images/big/1.webp
1513,Спортивная одежда,491,Кимоно спортивное,1052310009,ги-манто-роз(чер),Кимоно для джиу-джитсу (бжж),Manto,1563734337,A5,190 - 200 см,2051396755768,https://basket-42.wbbasket.ru/vol10523/part1052310/1052310009/images/big/1.webp
1513,Спортивная одежда,491,Кимоно спортивное,1052310010,ги-монар(чер),Кимоно для джиу-джитсу (бжж),Kingz Kimonos,1563734345,A1,160 - 168 см,2051396755843,https://basket-42.wbbasket.ru/vol10523/part1052310/1052310010/images/big/1.webp
1513,Спортивная одежда,491,Кимоно спортивное,1052310010,ги-монар(чер),Кимоно для джиу-джитсу (бжж),Kingz Kimonos,1563734346,A1L,165 - 175 см,2051396755850,https://basket-42.wbbasket.ru/vol10523/part1052310/1052310010/images/big/1.webp
1513,Спортивная одежда,491,Кимоно спортивное,1052310010,ги-монар(чер),Кимоно для джиу-джитсу (бжж),Kingz Kimonos,1563734349,A3,175 - 185см,2051396755881,https://basket-42.wbbasket.ru/vol10523/part1052310/1052310010/images/big/1.webp
1513,Спортивная одежда,491,Кимоно спортивное,1052310010,ги-монар(чер),Кимоно для джиу-джитсу (бжж),Kingz Kimonos,1563734350,A3L,180 - 190 см,2051396755898,https://basket-42.wbbasket.ru/vol10523/part1052310/1052310010/images/big/1.webp
1513,Спортивная одежда,491,Кимоно спортивное,1052310010,ги-монар(чер),Кимоно для джиу-джитсу (бжж),Kingz Kimonos,1563734351,A4,185 - 195 см,2051396755904,https://basket-42.wbbasket.ru/vol10523/part1052310/1052310010/images/big/1.webp
1513,Спортивная одежда,491,Кимоно спортивное,1052310010,ги-монар(чер),Кимоно для джиу-джитсу (бжж),Kingz Kimonos,1563734352,A5,190 - 200 см,2051396755911,https://basket-42.wbbasket.ru/vol10523/part1052310/1052310010/images/big/1.webp
1513,Спортивная одежда,491,Кимоно спортивное,1052310010,ги-монар(чер),Кимоно для джиу-джитсу (бжж),Kingz Kimonos,1563734354,M00,110-120 см,2051396755935,https://basket-42.wbbasket.ru/vol10523/part1052310/1052310010/images/big/1.webp
1513,Спортивная одежда,491,Кимоно спортивное,1052310010,ги-монар(чер),Кимоно для джиу-джитсу (бжж),Kingz Kimonos,1563734355,M1,130-140 см,2051396755942,https://basket-42.wbbasket.ru/vol10523/part1052310/1052310010/images/big/1.webp
1513,Спортивная одежда,491,Кимоно спортивное,1052310010,ги-монар(чер),Кимоно для джиу-джитсу (бжж),Kingz Kimonos,1563734358,M4,150-160 см,2051396755973,https://basket-42.wbbasket.ru/vol10523/part1052310/1052310010/images/big/1.webp
1513,Спортивная одежда,491,Кимоно спортивное,1052310010,ги-монар(чер),Кимоно для джиу-джитсу (бжж),Kingz Kimonos,1563734344,A0,150-160см,2051396755836,https://basket-42.wbbasket.ru/vol10523/part1052310/1052310010/images/big/1.webp
1513,Спортивная одежда,491,Кимоно спортивное,1052310010,ги-монар(чер),Кимоно для джиу-джитсу (бжж),Kingz Kimonos,1563734347,A2,170 - 178 см,2051396755867,https://basket-42.wbbasket.ru/vol10523/part1052310/1052310010/images/big/1.webp
1513,Спортивная одежда,491,Кимоно спортивное,1052310010,ги-монар(чер),Кимоно для джиу-джитсу (бжж),Kingz Kimonos,1563734348,A2L,175 - 185 см,2051396755874,https://basket-42.wbbasket.ru/vol10523/part1052310/1052310010/images/big/1.webp
1513,Спортивная одежда,491,Кимоно спортивное,1052310010,ги-монар(чер),Кимоно для джиу-джитсу (бжж),Kingz Kimonos,1563734353,M0,120-130 см,2051396755928,https://basket-42.wbbasket.ru/vol10523/part1052310/1052310010/images/big/1.webp
1513,Спортивная одежда,491,Кимоно спортивное,1052310010,ги-монар(чер),Кимоно для джиу-джитсу (бжж),Kingz Kimonos,1563734356,M2,135-145 см,2051396755959,https://basket-42.wbbasket.ru/vol10523/part1052310/1052310010/images/big/1.webp
1513,Спортивная одежда,491,Кимоно спортивное,1052310010,ги-монар(чер),Кимоно для джиу-джитсу (бжж),Kingz Kimonos,1563734357,M3,145-155 см,2051396755966,https://basket-42.wbbasket.ru/vol10523/part1052310/1052310010/images/big/1.webp
1513,Спортивная одежда,491,Кимоно спортивное,1052310011,ги-хябус(чер),Кимоно для джиу-джитсу (бжж),Hayabusa,1563734361,A1L,165 - 175 см,2051396756055,https://basket-42.wbbasket.ru/vol10523/part1052310/1052310011/images/big/1.webp
1513,Спортивная одежда,491,Кимоно спортивное,1052310011,ги-хябус(чер),Кимоно для джиу-джитсу (бжж),Hayabusa,1563734362,A2,170 - 178 см,2051396756062,https://basket-42.wbbasket.ru/vol10523/part1052310/1052310011/images/big/1.webp
1513,Спортивная одежда,491,Кимоно спортивное,1052310011,ги-хябус(чер),Кимоно для джиу-джитсу (бжж),Hayabusa,1563734363,A2L,175 - 185 см,2051396756079,https://basket-42.wbbasket.ru/vol10523/part1052310/1052310011/images/big/1.webp
1513,Спортивная одежда,491,Кимоно спортивное,1052310011,ги-хябус(чер),Кимоно для джиу-джитсу (бжж),Hayabusa,1563734364,A3,175 - 185см,2051396756086,https://basket-42.wbbasket.ru/vol10523/part1052310/1052310011/images/big/1.webp
1513,Спортивная одежда,491,Кимоно спортивное,1052310011,ги-хябус(чер),Кимоно для джиу-джитсу (бжж),Hayabusa,1563734371,M2,135-145 см,2051396756154,https://basket-42.wbbasket.ru/vol10523/part1052310/1052310011/images/big/1.webp
1513,Спортивная одежда,491,Кимоно спортивное,1052310011,ги-хябус(чер),Кимоно для джиу-джитсу (бжж),Hayabusa,1563734359,A0,150-160см,2051396756031,https://basket-42.wbbasket.ru/vol10523/part1052310/1052310011/images/big/1.webp
1513,Спортивная одежда,491,Кимоно спортивное,1052310011,ги-хябус(чер),Кимоно для джиу-джитсу (бжж),Hayabusa,1563734360,A1,160 - 168 см,2051396756048,https://basket-42.wbbasket.ru/vol10523/part1052310/1052310011/images/big/1.webp
1513,Спортивная одежда,491,Кимоно спортивное,1052310011,ги-хябус(чер),Кимоно для джиу-джитсу (бжж),Hayabusa,1563734365,A3L,180 - 190 см,2051396756093,https://basket-42.wbbasket.ru/vol10523/part1052310/1052310011/images/big/1.webp
1513,Спортивная одежда,491,Кимоно спортивное,1052310011,ги-хябус(чер),Кимоно для джиу-джитсу (бжж),Hayabusa,1563734366,A4,185 - 195 см,2051396756109,https://basket-42.wbbasket.ru/vol10523/part1052310/1052310011/images/big/1.webp
1513,Спортивная одежда,491,Кимоно спортивное,1052310011,ги-хябус(чер),Кимоно для джиу-джитсу (бжж),Hayabusa,1563734367,A5,190 - 200 см,2051396756116,https://basket-42.wbbasket.ru/vol10523/part1052310/1052310011/images/big/1.webp
1513,Спортивная одежда,491,Кимоно спортивное,1052310011,ги-хябус(чер),Кимоно для джиу-джитсу (бжж),Hayabusa,1563734368,M0,120-130 см,2051396756123,https://basket-42.wbbasket.ru/vol10523/part1052310/1052310011/images/big/1.webp
1513,Спортивная одежда,491,Кимоно спортивное,1052310011,ги-хябус(чер),Кимоно для джиу-джитсу (бжж),Hayabusa,1563734369,M00,110-120 см,2051396756130,https://basket-42.wbbasket.ru/vol10523/part1052310/1052310011/images/big/1.webp
1513,Спортивная одежда,491,Кимоно спортивное,1052310011,ги-хябус(чер),Кимоно для джиу-джитсу (бжж),Hayabusa,1563734370,M1,130-140 см,2051396756147,https://basket-42.wbbasket.ru/vol10523/part1052310/1052310011/images/big/1.webp
1513,Спортивная одежда,491,Кимоно спортивное,1052310011,ги-хябус(чер),Кимоно для джиу-джитсу (бжж),Hayabusa,1563734372,M3,145-155 см,2051396756161,https://basket-42.wbbasket.ru/vol10523/part1052310/1052310011/images/big/1.webp
1513,Спортивная одежда,491,Кимоно спортивное,1052310011,ги-хябус(чер),Кимоно для джиу-джитсу (бжж),Hayabusa,1563734373,M4,150-160 см,2051396756178,https://basket-42.wbbasket.ru/vol10523/part1052310/1052310011/images/big/1.webp
1513,Спортивная одежда,491,Кимоно спортивное,1052310012,ги-шйрол(чер),Кимоно для джиу-джитсу (бжж),SHOYOROLL,1563734374,A0,150-160см,2051396756208,https://basket-42.wbbasket.ru/vol10523/part1052310/1052310012/images/big/1.webp
1513,Спортивная одежда,491,Кимоно спортивное,1052310012,ги-шйрол(чер),Кимоно для джиу-джитсу (бжж),SHOYOROLL,1563734375,A1,160 - 168 см,2051396756215,https://basket-42.wbbasket.ru/vol10523/part1052310/1052310012/images/big/1.webp
1513,Спортивная одежда,491,Кимоно спортивное,1052310012,ги-шйрол(чер),Кимоно для джиу-джитсу (бжж),SHOYOROLL,1563734376,A1L,165 - 175 см,2051396756222,https://basket-42.wbbasket.ru/vol10523/part1052310/1052310012/images/big/1.webp
1513,Спортивная одежда,491,Кимоно спортивное,1052310012,ги-шйрол(чер),Кимоно для джиу-джитсу (бжж),SHOYOROLL,1563734377,A2,170 - 178 см,2051396756239,https://basket-42.wbbasket.ru/vol10523/part1052310/1052310012/images/big/1.webp
1513,Спортивная одежда,491,Кимоно спортивное,1052310012,ги-шйрол(чер),Кимоно для джиу-джитсу (бжж),SHOYOROLL,1563734378,A2L,175 - 185 см,2051396756246,https://basket-42.wbbasket.ru/vol10523/part1052310/1052310012/images/big/1.webp
1513,Спортивная одежда,491,Кимоно спортивное,1052310012,ги-шйрол(чер),Кимоно для джиу-джитсу (бжж),SHOYOROLL,1563734379,A3,175 - 185см,2051396756253,https://basket-42.wbbasket.ru/vol10523/part1052310/1052310012/images/big/1.webp
1513,Спортивная одежда,491,Кимоно спортивное,1052310012,ги-шйрол(чер),Кимоно для джиу-джитсу (бжж),SHOYOROLL,1563734380,A3L,180 - 190 см,2051396756260,https://basket-42.wbbasket.ru/vol10523/part1052310/1052310012/images/big/1.webp
1513,Спортивная одежда,491,Кимоно спортивное,1052310012,ги-шйрол(чер),Кимоно для джиу-джитсу (бжж),SHOYOROLL,1563734381,A4,185 - 195 см,2051396756277,https://basket-42.wbbasket.ru/vol10523/part1052310/1052310012/images/big/1.webp
1513,Спортивная одежда,491,Кимоно спортивное,1052310012,ги-шйрол(чер),Кимоно для джиу-джитсу (бжж),SHOYOROLL,1563734383,M0,120-130 см,2051396756291,https://basket-42.wbbasket.ru/vol10523/part1052310/1052310012/images/big/1.webp
1513,Спортивная одежда,491,Кимоно спортивное,1052310012,ги-шйрол(чер),Кимоно для джиу-джитсу (бжж),SHOYOROLL,1563734384,M00,110-120 см,2051396756307,https://basket-42.wbbasket.ru/vol10523/part1052310/1052310012/images/big/1.webp
1513,Спортивная одежда,491,Кимоно спортивное,1052310012,ги-шйрол(чер),Кимоно для джиу-джитсу (бжж),SHOYOROLL,1563734386,M2,135-145 см,2051396756321,https://basket-42.wbbasket.ru/vol10523/part1052310/1052310012/images/big/1.webp
1513,Спортивная одежда,491,Кимоно спортивное,1052310012,ги-шйрол(чер),Кимоно для джиу-джитсу (бжж),SHOYOROLL,1563734387,M3,145-155 см,2051396756338,https://basket-42.wbbasket.ru/vol10523/part1052310/1052310012/images/big/1.webp
1513,Спортивная одежда,491,Кимоно спортивное,1052310012,ги-шйрол(чер),Кимоно для джиу-джитсу (бжж),SHOYOROLL,1563734388,M4,150-160 см,2051396756345,https://basket-42.wbbasket.ru/vol10523/part1052310/1052310012/images/big/1.webp
1513,Спортивная одежда,491,Кимоно спортивное,1052310012,ги-шйрол(чер),Кимоно для джиу-джитсу (бжж),SHOYOROLL,1563734382,A5,190 - 200 см,2051396756284,https://basket-42.wbbasket.ru/vol10523/part1052310/1052310012/images/big/1.webp
1513,Спортивная одежда,491,Кимоно спортивное,1052310012,ги-шйрол(чер),Кимоно для джиу-джитсу (бжж),SHOYOROLL,1563734385,M1,130-140 см,2051396756314,https://basket-42.wbbasket.ru/vol10523/part1052310/1052310012/images/big/1.webp
1513,Спортивная одежда,491,Кимоно спортивное,381442524,кимоно-мизуно(син),Кимоно для дзюдо,Mizuno,554542422,150,150-155 см,2043510067116,https://basket-22.wbbasket.ru/vol3814/part381442/381442524/images/big/1.webp
1513,Спортивная одежда,491,Кимоно спортивное,381442524,кимоно-мизуно(син),Кимоно для дзюдо,Mizuno,554407963,130,130-135 см,2043508551030,https://basket-22.wbbasket.ru/vol3814/part381442/381442524/images/big/1.webp
1513,Спортивная одежда,491,Кимоно спортивное,381442524,кимоно-мизуно(син),Кимоно для дзюдо,Mizuno,677976642,135,135-140 см,2045161386974,https://basket-22.wbbasket.ru/vol3814/part381442/381442524/images/big/1.webp
1513,Спортивная одежда,491,Кимоно спортивное,381442524,кимоно-мизуно(син),Кимоно для дзюдо,Mizuno,554542421,140,140-145 см,2043510067109,https://basket-22.wbbasket.ru/vol3814/part381442/381442524/images/big/1.webp
1513,Спортивная одежда,491,Кимоно спортивное,381442524,кимоно-мизуно(син),Кимоно для дзюдо,Mizuno,677976643,145,145-150 см,2045161386981,https://basket-22.wbbasket.ru/vol3814/part381442/381442524/images/big/1.webp
1513,Спортивная одежда,491,Кимоно спортивное,381442524,кимоно-мизуно(син),Кимоно для дзюдо,Mizuno,677976644,155,155-160 см,2045161386998,https://basket-22.wbbasket.ru/vol3814/part381442/381442524/images/big/1.webp
1513,Спортивная одежда,491,Кимоно спортивное,381442524,кимоно-мизуно(син),Кимоно для дзюдо,Mizuno,554542423,160,160-165 см,2043510067123,https://basket-22.wbbasket.ru/vol3814/part381442/381442524/images/big/1.webp
1513,Спортивная одежда,491,Кимоно спортивное,381442524,кимоно-мизуно(син),Кимоно для дзюдо,Mizuno,677976645,165,165-170 см,2045161387001,https://basket-22.wbbasket.ru/vol3814/part381442/381442524/images/big/1.webp
1513,Спортивная одежда,491,Кимоно спортивное,381442524,кимоно-мизуно(син),Кимоно для дзюдо,Mizuno,554542424,170,170-175 см,2043510067130,https://basket-22.wbbasket.ru/vol3814/part381442/381442524/images/big/1.webp
1513,Спортивная одежда,491,Кимоно спортивное,381442524,кимоно-мизуно(син),Кимоно для дзюдо,Mizuno,677976646,175,175-180 см,2045161387018,https://basket-22.wbbasket.ru/vol3814/part381442/381442524/images/big/1.webp
1513,Спортивная одежда,491,Кимоно спортивное,381442524,кимоно-мизуно(син),Кимоно для дзюдо,Mizuno,554542425,180,180-185 см,2043510067147,https://basket-22.wbbasket.ru/vol3814/part381442/381442524/images/big/1.webp
1513,Спортивная одежда,491,Кимоно спортивное,381442524,кимоно-мизуно(син),Кимоно для дзюдо,Mizuno,677976647,185,185-190 см,2045161387025,https://basket-22.wbbasket.ru/vol3814/part381442/381442524/images/big/1.webp
1513,Спортивная одежда,491,Кимоно спортивное,381442524,кимоно-мизуно(син),Кимоно для дзюдо,Mizuno,554542426,190,190-195 см,2043510067154,https://basket-22.wbbasket.ru/vol3814/part381442/381442524/images/big/1.webp
1513,Спортивная одежда,491,Кимоно спортивное,381442524,кимоно-мизуно(син),Кимоно для дзюдо,Mizuno,677976648,195,195-200 см,2045161387032,https://basket-22.wbbasket.ru/vol3814/part381442/381442524/images/big/1.webp
1513,Спортивная одежда,491,Кимоно спортивное,381442524,кимоно-мизуно(син),Кимоно для дзюдо,Mizuno,677976649,200,200-205 см,2045161387049,https://basket-22.wbbasket.ru/vol3814/part381442/381442524/images/big/1.webp
1513,Спортивная одежда,491,Кимоно спортивное,1127600146,кмн-миз550(бел),Кимоно для дзюдо 550,Mizuno,1667940719,120,115-120 см,2052074182210,https://basket-43.wbbasket.ru/vol11276/part1127600/1127600146/images/big/1.webp
1513,Спортивная одежда,491,Кимоно спортивное,1127600146,кмн-миз550(бел),Кимоно для дзюдо 550,Mizuno,1667878260,170,165-170 см,2052073313240,https://basket-43.wbbasket.ru/vol11276/part1127600/1127600146/images/big/1.webp
1513,Спортивная одежда,491,Кимоно спортивное,1127600146,кмн-миз550(бел),Кимоно для дзюдо 550,Mizuno,1667878261,175,170-175 см,2052073313257,https://basket-43.wbbasket.ru/vol11276/part1127600/1127600146/images/big/1.webp
1513,Спортивная одежда,491,Кимоно спортивное,1127600146,кмн-миз550(бел),Кимоно для дзюдо 550,Mizuno,1667878262,180,175-185 см,2052073313264,https://basket-43.wbbasket.ru/vol11276/part1127600/1127600146/images/big/1.webp
1513,Спортивная одежда,491,Кимоно спортивное,1127600146,кмн-миз550(бел),Кимоно для дзюдо 550,Mizuno,1667878263,185,180-185 см,2052073313271,https://basket-43.wbbasket.ru/vol11276/part1127600/1127600146/images/big/1.webp
1513,Спортивная одежда,491,Кимоно спортивное,1127600146,кмн-миз550(бел),Кимоно для дзюдо 550,Mizuno,1667878264,190,185-195 см,2052073313288,https://basket-43.wbbasket.ru/vol11276/part1127600/1127600146/images/big/1.webp
1513,Спортивная одежда,491,Кимоно спортивное,1127600146,кмн-миз550(бел),Кимоно для дзюдо 550,Mizuno,1667940720,125,120-125 см,2052074182227,https://basket-43.wbbasket.ru/vol11276/part1127600/1127600146/images/big/1.webp
1513,Спортивная одежда,491,Кимоно спортивное,1127600146,кмн-миз550(бел),Кимоно для дзюдо 550,Mizuno,1667878252,130,125-130 см,2052073313165,https://basket-43.wbbasket.ru/vol11276/part1127600/1127600146/images/big/1.webp
1513,Спортивная одежда,491,Кимоно спортивное,1127600146,кмн-миз550(бел),Кимоно для дзюдо 550,Mizuno,1667878253,135,130-135 см,2052073313172,https://basket-43.wbbasket.ru/vol11276/part1127600/1127600146/images/big/1.webp
1513,Спортивная одежда,491,Кимоно спортивное,1127600146,кмн-миз550(бел),Кимоно для дзюдо 550,Mizuno,1667878254,140,135-140 см,2052073313189,https://basket-43.wbbasket.ru/vol11276/part1127600/1127600146/images/big/1.webp
1513,Спортивная одежда,491,Кимоно спортивное,1127600146,кмн-миз550(бел),Кимоно для дзюдо 550,Mizuno,1667878255,145,140-145 см,2052073313196,https://basket-43.wbbasket.ru/vol11276/part1127600/1127600146/images/big/1.webp
1513,Спортивная одежда,491,Кимоно спортивное,1127600146,кмн-миз550(бел),Кимоно для дзюдо 550,Mizuno,1667878256,150,145-150 см,2052073313202,https://basket-43.wbbasket.ru/vol11276/part1127600/1127600146/images/big/1.webp
1513,Спортивная одежда,491,Кимоно спортивное,1127600146,кмн-миз550(бел),Кимоно для дзюдо 550,Mizuno,1667878257,155,150-155 см,2052073313219,https://basket-43.wbbasket.ru/vol11276/part1127600/1127600146/images/big/1.webp
1513,Спортивная одежда,491,Кимоно спортивное,1127600146,кмн-миз550(бел),Кимоно для дзюдо 550,Mizuno,1667878258,160,155-160 см,2052073313226,https://basket-43.wbbasket.ru/vol11276/part1127600/1127600146/images/big/1.webp
1513,Спортивная одежда,491,Кимоно спортивное,1127600146,кмн-миз550(бел),Кимоно для дзюдо 550,Mizuno,1667878259,165,160-165 см,2052073313233,https://basket-43.wbbasket.ru/vol11276/part1127600/1127600146/images/big/1.webp
1513,Спортивная одежда,491,Кимоно спортивное,1127601732,кмн-миз550(син),Кимоно для дзюдо 550,Mizuno,1667879959,150,145-150 см,2052073329081,https://basket-43.wbbasket.ru/vol11276/part1127601/1127601732/images/big/1.webp
1513,Спортивная одежда,491,Кимоно спортивное,1127601732,кмн-миз550(син),Кимоно для дзюдо 550,Mizuno,1667879960,155,150-155 см,2052073329098,https://basket-43.wbbasket.ru/vol11276/part1127601/1127601732/images/big/1.webp
1513,Спортивная одежда,491,Кимоно спортивное,1127601732,кмн-миз550(син),Кимоно для дзюдо 550,Mizuno,1667879961,160,155-160 см,2052073329104,https://basket-43.wbbasket.ru/vol11276/part1127601/1127601732/images/big/1.webp
1513,Спортивная одежда,491,Кимоно спортивное,1127601732,кмн-миз550(син),Кимоно для дзюдо 550,Mizuno,1667879962,165,160-165 см,2052073329111,https://basket-43.wbbasket.ru/vol11276/part1127601/1127601732/images/big/1.webp
1513,Спортивная одежда,491,Кимоно спортивное,1127601732,кмн-миз550(син),Кимоно для дзюдо 550,Mizuno,1667879963,170,165-170 см,2052073329128,https://basket-43.wbbasket.ru/vol11276/part1127601/1127601732/images/big/1.webp
1513,Спортивная одежда,491,Кимоно спортивное,1127601732,кмн-миз550(син),Кимоно для дзюдо 550,Mizuno,1667879964,175,170-175 см,2052073329135,https://basket-43.wbbasket.ru/vol11276/part1127601/1127601732/images/big/1.webp
1513,Спортивная одежда,491,Кимоно спортивное,1127601732,кмн-миз550(син),Кимоно для дзюдо 550,Mizuno,1667879965,180,175-185 см,2052073329142,https://basket-43.wbbasket.ru/vol11276/part1127601/1127601732/images/big/1.webp
1513,Спортивная одежда,491,Кимоно спортивное,1127601732,кмн-миз550(син),Кимоно для дзюдо 550,Mizuno,1667879966,185,180-185 см,2052073329159,https://basket-43.wbbasket.ru/vol11276/part1127601/1127601732/images/big/1.webp
1513,Спортивная одежда,491,Кимоно спортивное,1127601732,кмн-миз550(син),Кимоно для дзюдо 550,Mizuno,1667879967,190,185-195 см,2052073329166,https://basket-43.wbbasket.ru/vol11276/part1127601/1127601732/images/big/1.webp
1513,Спортивная одежда,491,Кимоно спортивное,1127601732,кмн-миз550(син),Кимоно для дзюдо 550,Mizuno,1667940722,120,115-120 см,2052074179401,https://basket-43.wbbasket.ru/vol11276/part1127601/1127601732/images/big/1.webp
1513,Спортивная одежда,491,Кимоно спортивное,1127601732,кмн-миз550(син),Кимоно для дзюдо 550,Mizuno,1667940721,125,120-125 см,2052074179395,https://basket-43.wbbasket.ru/vol11276/part1127601/1127601732/images/big/1.webp
1513,Спортивная одежда,491,Кимоно спортивное,1127601732,кмн-миз550(син),Кимоно для дзюдо 550,Mizuno,1667879955,130,125-130 см,2052073329043,https://basket-43.wbbasket.ru/vol11276/part1127601/1127601732/images/big/1.webp
1513,Спортивная одежда,491,Кимоно спортивное,1127601732,кмн-миз550(син),Кимоно для дзюдо 550,Mizuno,1667879956,135,130-135 см,2052073329050,https://basket-43.wbbasket.ru/vol11276/part1127601/1127601732/images/big/1.webp
1513,Спортивная одежда,491,Кимоно спортивное,1127601732,кмн-миз550(син),Кимоно для дзюдо 550,Mizuno,1667879957,140,135-140 см,2052073329067,https://basket-43.wbbasket.ru/vol11276/part1127601/1127601732/images/big/1.webp
1513,Спортивная одежда,491,Кимоно спортивное,1127601732,кмн-миз550(син),Кимоно для дзюдо 550,Mizuno,1667879958,145,140-145 см,2052073329074,https://basket-43.wbbasket.ru/vol11276/part1127601/1127601732/images/big/1.webp
1513,Спортивная одежда,491,Кимоно спортивное,1129663238,кмн-скр550(син),Кимоно для дзюдо 550,KuSakura,1670953433,135,130-135 см,2052095481545,https://basket-43.wbbasket.ru/vol11296/part1129663/1129663238/images/big/1.webp
1513,Спортивная одежда,491,Кимоно спортивное,1129663238,кмн-скр550(син),Кимоно для дзюдо 550,KuSakura,1670953434,140,135-140 см,2052095481552,https://basket-43.wbbasket.ru/vol11296/part1129663/1129663238/images/big/1.webp
1513,Спортивная одежда,491,Кимоно спортивное,1129663238,кмн-скр550(син),Кимоно для дзюдо 550,KuSakura,1670953439,165,160-165 см,2052095481606,https://basket-43.wbbasket.ru/vol11296/part1129663/1129663238/images/big/1.webp
1513,Спортивная одежда,491,Кимоно спортивное,1129663238,кмн-скр550(син),Кимоно для дзюдо 550,KuSakura,1670953440,170,165-170 см,2052095481613,https://basket-43.wbbasket.ru/vol11296/part1129663/1129663238/images/big/1.webp
1513,Спортивная одежда,491,Кимоно спортивное,1129663238,кмн-скр550(син),Кимоно для дзюдо 550,KuSakura,1670953442,180,175-185 см,2052095481637,https://basket-43.wbbasket.ru/vol11296/part1129663/1129663238/images/big/1.webp
1513,Спортивная одежда,491,Кимоно спортивное,1129663238,кмн-скр550(син),Кимоно для дзюдо 550,KuSakura,1670953437,155,150-155 см,2052095481583,https://basket-43.wbbasket.ru/vol11296/part1129663/1129663238/images/big/1.webp
1513,Спортивная одежда,491,Кимоно спортивное,1129663238,кмн-скр550(син),Кимоно для дзюдо 550,KuSakura,1670953443,185,180-185 см,2052095481644,https://basket-43.wbbasket.ru/vol11296/part1129663/1129663238/images/big/1.webp
1513,Спортивная одежда,491,Кимоно спортивное,1129663238,кмн-скр550(син),Кимоно для дзюдо 550,KuSakura,1670953444,190,185-195 см,2052095481651,https://basket-43.wbbasket.ru/vol11296/part1129663/1129663238/images/big/1.webp
1513,Спортивная одежда,491,Кимоно спортивное,1129663238,кмн-скр550(син),Кимоно для дзюдо 550,KuSakura,1670953430,120,115-120 см,2052095481514,https://basket-43.wbbasket.ru/vol11296/part1129663/1129663238/images/big/1.webp
1513,Спортивная одежда,491,Кимоно спортивное,1129663238,кмн-скр550(син),Кимоно для дзюдо 550,KuSakura,1670953431,125,120-125 см,2052095481521,https://basket-43.wbbasket.ru/vol11296/part1129663/1129663238/images/big/1.webp
1513,Спортивная одежда,491,Кимоно спортивное,1129663238,кмн-скр550(син),Кимоно для дзюдо 550,KuSakura,1670953432,130,125-130 см,2052095481538,https://basket-43.wbbasket.ru/vol11296/part1129663/1129663238/images/big/1.webp
1513,Спортивная одежда,491,Кимоно спортивное,1129663238,кмн-скр550(син),Кимоно для дзюдо 550,KuSakura,1670953435,145,140-145 см,2052095481569,https://basket-43.wbbasket.ru/vol11296/part1129663/1129663238/images/big/1.webp
1513,Спортивная одежда,491,Кимоно спортивное,1129663238,кмн-скр550(син),Кимоно для дзюдо 550,KuSakura,1670953436,150,145-150 см,2052095481576,https://basket-43.wbbasket.ru/vol11296/part1129663/1129663238/images/big/1.webp
1513,Спортивная одежда,491,Кимоно спортивное,1129663238,кмн-скр550(син),Кимоно для дзюдо 550,KuSakura,1670953438,160,155-160 см,2052095481590,https://basket-43.wbbasket.ru/vol11296/part1129663/1129663238/images/big/1.webp
1513,Спортивная одежда,491,Кимоно спортивное,1129663238,кмн-скр550(син),Кимоно для дзюдо 550,KuSakura,1670953441,175,170-175 см,2052095481620,https://basket-43.wbbasket.ru/vol11296/part1129663/1129663238/images/big/1.webp
1513,Спортивная одежда,491,Кимоно спортивное,1129663239,кмн-скр550(бел),Кимоно для дзюдо 550,KuSakura,1670953446,125,120-125 см,2052095481682,https://basket-43.wbbasket.ru/vol11296/part1129663/1129663239/images/big/1.webp
1513,Спортивная одежда,491,Кимоно спортивное,1129663239,кмн-скр550(бел),Кимоно для дзюдо 550,KuSakura,1670953447,130,125-130 см,2052095481699,https://basket-43.wbbasket.ru/vol11296/part1129663/1129663239/images/big/1.webp
1513,Спортивная одежда,491,Кимоно спортивное,1129663239,кмн-скр550(бел),Кимоно для дзюдо 550,KuSakura,1670953452,155,150-155 см,2052095481743,https://basket-43.wbbasket.ru/vol11296/part1129663/1129663239/images/big/1.webp
1513,Спортивная одежда,491,Кимоно спортивное,1129663239,кмн-скр550(бел),Кимоно для дзюдо 550,KuSakura,1670953448,135,130-135 см,2052095481705,https://basket-43.wbbasket.ru/vol11296/part1129663/1129663239/images/big/1.webp
1513,Спортивная одежда,491,Кимоно спортивное,1129663239,кмн-скр550(бел),Кимоно для дзюдо 550,KuSakura,1670953455,170,165-170 см,2052095481774,https://basket-43.wbbasket.ru/vol11296/part1129663/1129663239/images/big/1.webp
1513,Спортивная одежда,491,Кимоно спортивное,1129663239,кмн-скр550(бел),Кимоно для дзюдо 550,KuSakura,1670953457,180,175-185 см,2052095481798,https://basket-43.wbbasket.ru/vol11296/part1129663/1129663239/images/big/1.webp
1513,Спортивная одежда,491,Кимоно спортивное,1129663239,кмн-скр550(бел),Кимоно для дзюдо 550,KuSakura,1670953458,185,180-185 см,2052095481804,https://basket-43.wbbasket.ru/vol11296/part1129663/1129663239/images/big/1.webp
1513,Спортивная одежда,491,Кимоно спортивное,1129663239,кмн-скр550(бел),Кимоно для дзюдо 550,KuSakura,1670953459,190,185-195 см,2052095481811,https://basket-43.wbbasket.ru/vol11296/part1129663/1129663239/images/big/1.webp
1513,Спортивная одежда,491,Кимоно спортивное,1129663239,кмн-скр550(бел),Кимоно для дзюдо 550,KuSakura,1670953445,120,115-120 см,2052095481675,https://basket-43.wbbasket.ru/vol11296/part1129663/1129663239/images/big/1.webp
1513,Спортивная одежда,491,Кимоно спортивное,1129663239,кмн-скр550(бел),Кимоно для дзюдо 550,KuSakura,1670953449,140,135-140 см,2052095481712,https://basket-43.wbbasket.ru/vol11296/part1129663/1129663239/images/big/1.webp
1513,Спортивная одежда,491,Кимоно спортивное,1129663239,кмн-скр550(бел),Кимоно для дзюдо 550,KuSakura,1670953450,145,140-145 см,2052095481729,https://basket-43.wbbasket.ru/vol11296/part1129663/1129663239/images/big/1.webp
1513,Спортивная одежда,491,Кимоно спортивное,1129663239,кмн-скр550(бел),Кимоно для дзюдо 550,KuSakura,1670953451,150,145-150 см,2052095481736,https://basket-43.wbbasket.ru/vol11296/part1129663/1129663239/images/big/1.webp
1513,Спортивная одежда,491,Кимоно спортивное,1129663239,кмн-скр550(бел),Кимоно для дзюдо 550,KuSakura,1670953453,160,155-160 см,2052095481750,https://basket-43.wbbasket.ru/vol11296/part1129663/1129663239/images/big/1.webp
1513,Спортивная одежда,491,Кимоно спортивное,1129663239,кмн-скр550(бел),Кимоно для дзюдо 550,KuSakura,1670953454,165,160-165 см,2052095481767,https://basket-43.wbbasket.ru/vol11296/part1129663/1129663239/images/big/1.webp
1513,Спортивная одежда,491,Кимоно спортивное,1129663239,кмн-скр550(бел),Кимоно для дзюдо 550,KuSakura,1670953456,175,170-175 см,2052095481781,https://basket-43.wbbasket.ru/vol11296/part1129663/1129663239/images/big/1.webp
1513,Спортивная одежда,491,Кимоно спортивное,451348760,кимоно-сакура(бел),Кимоно для дзюдо 750 IJF Approved,KuSakura,637321421,165,165-170 см,2044571041763,https://basket-25.wbbasket.ru/vol4513/part451348/451348760/images/big/1.webp
1513,Спортивная одежда,491,Кимоно спортивное,451348760,кимоно-сакура(бел),Кимоно для дзюдо 750 IJF Approved,KuSakura,637321422,175,175-180 см,2044571041770,https://basket-25.wbbasket.ru/vol4513/part451348/451348760/images/big/1.webp
1513,Спортивная одежда,491,Кимоно спортивное,451348760,кимоно-сакура(бел),Кимоно для дзюдо 750 IJF Approved,KuSakura,637321416,190,190-195 см,2044571041725,https://basket-25.wbbasket.ru/vol4513/part451348/451348760/images/big/1.webp
1513,Спортивная одежда,491,Кимоно спортивное,451348760,кимоно-сакура(бел),Кимоно для дзюдо 750 IJF Approved,KuSakura,637321417,135,135-140 см,2044571041732,https://basket-25.wbbasket.ru/vol4513/part451348/451348760/images/big/1.webp
1513,Спортивная одежда,491,Кимоно спортивное,451348760,кимоно-сакура(бел),Кимоно для дзюдо 750 IJF Approved,KuSakura,637321411,140,140-145 см,2044571041671,https://basket-25.wbbasket.ru/vol4513/part451348/451348760/images/big/1.webp
1513,Спортивная одежда,491,Кимоно спортивное,451348760,кимоно-сакура(бел),Кимоно для дзюдо 750 IJF Approved,KuSakura,637321418,145,145-150 см,2044571041749,https://basket-25.wbbasket.ru/vol4513/part451348/451348760/images/big/1.webp
1513,Спортивная одежда,491,Кимоно спортивное,451348760,кимоно-сакура(бел),Кимоно для дзюдо 750 IJF Approved,KuSakura,637321412,150,150-155 см,2044571041688,https://basket-25.wbbasket.ru/vol4513/part451348/451348760/images/big/1.webp
1513,Спортивная одежда,491,Кимоно спортивное,451348760,кимоно-сакура(бел),Кимоно для дзюдо 750 IJF Approved,KuSakura,637321420,155,155-160 см,2044571041756,https://basket-25.wbbasket.ru/vol4513/part451348/451348760/images/big/1.webp
1513,Спортивная одежда,491,Кимоно спортивное,451348760,кимоно-сакура(бел),Кимоно для дзюдо 750 IJF Approved,KuSakura,637321413,160,160-165 см,2044571041695,https://basket-25.wbbasket.ru/vol4513/part451348/451348760/images/big/1.webp
1513,Спортивная одежда,491,Кимоно спортивное,451348760,кимоно-сакура(бел),Кимоно для дзюдо 750 IJF Approved,KuSakura,637321414,170,170-175 см,2044571041701,https://basket-25.wbbasket.ru/vol4513/part451348/451348760/images/big/1.webp
1513,Спортивная одежда,491,Кимоно спортивное,451348760,кимоно-сакура(бел),Кимоно для дзюдо 750 IJF Approved,KuSakura,637321415,180,180-185 см,2044571041718,https://basket-25.wbbasket.ru/vol4513/part451348/451348760/images/big/1.webp
1513,Спортивная одежда,491,Кимоно спортивное,451348760,кимоно-сакура(бел),Кимоно для дзюдо 750 IJF Approved,KuSakura,637321423,185,185-190 см,2044571041787,https://basket-25.wbbasket.ru/vol4513/part451348/451348760/images/big/1.webp
1513,Спортивная одежда,491,Кимоно спортивное,451348760,кимоно-сакура(бел),Кимоно для дзюдо 750 IJF Approved,KuSakura,637321424,195,195-200 см,2044571041794,https://basket-25.wbbasket.ru/vol4513/part451348/451348760/images/big/1.webp
1513,Спортивная одежда,491,Кимоно спортивное,451348760,кимоно-сакура(бел),Кимоно для дзюдо 750 IJF Approved,KuSakura,683137794,200,200-205 см,2045229087683,https://basket-25.wbbasket.ru/vol4513/part451348/451348760/images/big/1.webp
1513,Спортивная одежда,491,Кимоно спортивное,451348760,кимоно-сакура(бел),Кимоно для дзюдо 750 IJF Approved,KuSakura,637321410,130,130-135 см,2044571041664,https://basket-25.wbbasket.ru/vol4513/part451348/451348760/images/big/1.webp
1513,Спортивная одежда,491,Кимоно спортивное,451348762,кимоно-сакура(син),Кимоно для дзюдо 750 IJF Approved,KuSakura,637321435,165,165-170 см,2044571042753,https://basket-25.wbbasket.ru/vol4513/part451348/451348762/images/big/1.webp
1513,Спортивная одежда,491,Кимоно спортивное,451348762,кимоно-сакура(син),Кимоно для дзюдо 750 IJF Approved,KuSakura,637321436,175,175-185 см,2044571042760,https://basket-25.wbbasket.ru/vol4513/part451348/451348762/images/big/1.webp
1513,Спортивная одежда,491,Кимоно спортивное,451348762,кимоно-сакура(син),Кимоно для дзюдо 750 IJF Approved,KuSakura,637321438,195,195-200 см,2044571042784,https://basket-25.wbbasket.ru/vol4513/part451348/451348762/images/big/1.webp
1513,Спортивная одежда,491,Кимоно спортивное,451348762,кимоно-сакура(син),Кимоно для дзюдо 750 IJF Approved,KuSakura,637321428,160,160-165 см,2044571042685,https://basket-25.wbbasket.ru/vol4513/part451348/451348762/images/big/1.webp
1513,Спортивная одежда,491,Кимоно спортивное,451348762,кимоно-сакура(син),Кимоно для дзюдо 750 IJF Approved,KuSakura,637321429,170,170-175 см,2044571042692,https://basket-25.wbbasket.ru/vol4513/part451348/451348762/images/big/1.webp
1513,Спортивная одежда,491,Кимоно спортивное,451348762,кимоно-сакура(син),Кимоно для дзюдо 750 IJF Approved,KuSakura,683137795,200,200-205 см,2045229089212,https://basket-25.wbbasket.ru/vol4513/part451348/451348762/images/big/1.webp
1513,Спортивная одежда,491,Кимоно спортивное,451348762,кимоно-сакура(син),Кимоно для дзюдо 750 IJF Approved,KuSakura,637321431,190,190-195 см,2044571042715,https://basket-25.wbbasket.ru/vol4513/part451348/451348762/images/big/1.webp
1513,Спортивная одежда,491,Кимоно спортивное,451348762,кимоно-сакура(син),Кимоно для дзюдо 750 IJF Approved,KuSakura,637321430,180,180-185 см,2044571042708,https://basket-25.wbbasket.ru/vol4513/part451348/451348762/images/big/1.webp
1513,Спортивная одежда,491,Кимоно спортивное,451348762,кимоно-сакура(син),Кимоно для дзюдо 750 IJF Approved,KuSakura,637321432,135,135-140 см,2044571042722,https://basket-25.wbbasket.ru/vol4513/part451348/451348762/images/big/1.webp
1513,Спортивная одежда,491,Кимоно спортивное,451348762,кимоно-сакура(син),Кимоно для дзюдо 750 IJF Approved,KuSakura,637321426,140,140-145 см,2044571042661,https://basket-25.wbbasket.ru/vol4513/part451348/451348762/images/big/1.webp
1513,Спортивная одежда,491,Кимоно спортивное,451348762,кимоно-сакура(син),Кимоно для дзюдо 750 IJF Approved,KuSakura,637321437,185,185-195 см,2044571042777,https://basket-25.wbbasket.ru/vol4513/part451348/451348762/images/big/1.webp
1513,Спортивная одежда,491,Кимоно спортивное,451348762,кимоно-сакура(син),Кимоно для дзюдо 750 IJF Approved,KuSakura,637321425,130,130-135 см,2044571042654,https://basket-25.wbbasket.ru/vol4513/part451348/451348762/images/big/1.webp
1513,Спортивная одежда,491,Кимоно спортивное,451348762,кимоно-сакура(син),Кимоно для дзюдо 750 IJF Approved,KuSakura,637321433,145,145-150 см,2044571042739,https://basket-25.wbbasket.ru/vol4513/part451348/451348762/images/big/1.webp
1513,Спортивная одежда,491,Кимоно спортивное,451348762,кимоно-сакура(син),Кимоно для дзюдо 750 IJF Approved,KuSakura,637321427,150,150-155 см,2044571042678,https://basket-25.wbbasket.ru/vol4513/part451348/451348762/images/big/1.webp
1513,Спортивная одежда,491,Кимоно спортивное,451348762,кимоно-сакура(син),Кимоно для дзюдо 750 IJF Approved,KuSakura,637321434,155,155-160 см,2044571042746,https://basket-25.wbbasket.ru/vol4513/part451348/451348762/images/big/1.webp
1513,Спортивная одежда,491,Кимоно спортивное,729394447,кимоно-адикрсн(бел),Кимоно для дзюдо 750 IJF Approved,adidas,1030385451,150,150-155 см,2048081661343,https://basket-34.wbbasket.ru/vol7293/part729394/729394447/images/big/1.webp
1513,Спортивная одежда,491,Кимоно спортивное,729394447,кимоно-адикрсн(бел),Кимоно для дзюдо 750 IJF Approved,adidas,1030385452,155,155-160 см,2048081661350,https://basket-34.wbbasket.ru/vol7293/part729394/729394447/images/big/1.webp
1513,Спортивная одежда,491,Кимоно спортивное,729394447,кимоно-адикрсн(бел),Кимоно для дзюдо 750 IJF Approved,adidas,1030385454,165,165-170 см,2048081661374,https://basket-34.wbbasket.ru/vol7293/part729394/729394447/images/big/1.webp
1513,Спортивная одежда,491,Кимоно спортивное,729394447,кимоно-адикрсн(бел),Кимоно для дзюдо 750 IJF Approved,adidas,1030385455,170,170-175 см,2048081661381,https://basket-34.wbbasket.ru/vol7293/part729394/729394447/images/big/1.webp
1513,Спортивная одежда,491,Кимоно спортивное,729394447,кимоно-адикрсн(бел),Кимоно для дзюдо 750 IJF Approved,adidas,1030385457,180,180-185 см,2048081661404,https://basket-34.wbbasket.ru/vol7293/part729394/729394447/images/big/1.webp
1513,Спортивная одежда,491,Кимоно спортивное,729394447,кимоно-адикрсн(бел),Кимоно для дзюдо 750 IJF Approved,adidas,1030385458,185,185-195 см,2048081661411,https://basket-34.wbbasket.ru/vol7293/part729394/729394447/images/big/1.webp
1513,Спортивная одежда,491,Кимоно спортивное,729394447,кимоно-адикрсн(бел),Кимоно для дзюдо 750 IJF Approved,adidas,1030385459,190,190-195 см,2048081661428,https://basket-34.wbbasket.ru/vol7293/part729394/729394447/images/big/1.webp
1513,Спортивная одежда,491,Кимоно спортивное,729394447,кимоно-адикрсн(бел),Кимоно для дзюдо 750 IJF Approved,adidas,1030385460,195,195-200 см,2048081661435,https://basket-34.wbbasket.ru/vol7293/part729394/729394447/images/big/1.webp
1513,Спортивная одежда,491,Кимоно спортивное,729394447,кимоно-адикрсн(бел),Кимоно для дзюдо 750 IJF Approved,adidas,1135118523,200,200-205 см,2048501421465,https://basket-34.wbbasket.ru/vol7293/part729394/729394447/images/big/1.webp
1513,Спортивная одежда,491,Кимоно спортивное,729394447,кимоно-адикрсн(бел),Кимоно для дзюдо 750 IJF Approved,adidas,1030385450,145,145-150 см,2048081661336,https://basket-34.wbbasket.ru/vol7293/part729394/729394447/images/big/1.webp
1513,Спортивная одежда,491,Кимоно спортивное,729394447,кимоно-адикрсн(бел),Кимоно для дзюдо 750 IJF Approved,adidas,1030385453,160,160-165 см,2048081661367,https://basket-34.wbbasket.ru/vol7293/part729394/729394447/images/big/1.webp
1513,Спортивная одежда,491,Кимоно спортивное,729394447,кимоно-адикрсн(бел),Кимоно для дзюдо 750 IJF Approved,adidas,1030385456,175,175-185 см,2048081661398,https://basket-34.wbbasket.ru/vol7293/part729394/729394447/images/big/1.webp
1513,Спортивная одежда,491,Кимоно спортивное,729394447,кимоно-адикрсн(бел),Кимоно для дзюдо 750 IJF Approved,adidas,1030385447,130,130-135 см,2048081661305,https://basket-34.wbbasket.ru/vol7293/part729394/729394447/images/big/1.webp
1513,Спортивная одежда,491,Кимоно спортивное,729394447,кимоно-адикрсн(бел),Кимоно для дзюдо 750 IJF Approved,adidas,1030385448,135,135-140 см,2048081661312,https://basket-34.wbbasket.ru/vol7293/part729394/729394447/images/big/1.webp
1513,Спортивная одежда,491,Кимоно спортивное,729394447,кимоно-адикрсн(бел),Кимоно для дзюдо 750 IJF Approved,adidas,1030385449,140,140-145 см,2048081661329,https://basket-34.wbbasket.ru/vol7293/part729394/729394447/images/big/1.webp
1513,Спортивная одежда,491,Кимоно спортивное,729487230,кимоно-адикрсн(син),Кимоно для дзюдо 750 IJF Approved,adidas,1030516902,130,130-135 см,2048082649012,https://basket-34.wbbasket.ru/vol7294/part729487/729487230/images/big/1.webp
1513,Спортивная одежда,491,Кимоно спортивное,729487230,кимоно-адикрсн(син),Кимоно для дзюдо 750 IJF Approved,adidas,1030516903,135,135-140 см,2048082649029,https://basket-34.wbbasket.ru/vol7294/part729487/729487230/images/big/1.webp
1513,Спортивная одежда,491,Кимоно спортивное,729487230,кимоно-адикрсн(син),Кимоно для дзюдо 750 IJF Approved,adidas,1030516904,140,140-145 см,2048082649036,https://basket-34.wbbasket.ru/vol7294/part729487/729487230/images/big/1.webp
1513,Спортивная одежда,491,Кимоно спортивное,729487230,кимоно-адикрсн(син),Кимоно для дзюдо 750 IJF Approved,adidas,1030516905,145,145-150 см,2048082649043,https://basket-34.wbbasket.ru/vol7294/part729487/729487230/images/big/1.webp
1513,Спортивная одежда,491,Кимоно спортивное,729487230,кимоно-адикрсн(син),Кимоно для дзюдо 750 IJF Approved,adidas,1030516906,150,150-155 см,2048082649050,https://basket-34.wbbasket.ru/vol7294/part729487/729487230/images/big/1.webp
1513,Спортивная одежда,491,Кимоно спортивное,729487230,кимоно-адикрсн(син),Кимоно для дзюдо 750 IJF Approved,adidas,1030516907,155,155-160 см,2048082649067,https://basket-34.wbbasket.ru/vol7294/part729487/729487230/images/big/1.webp
1513,Спортивная одежда,491,Кимоно спортивное,729487230,кимоно-адикрсн(син),Кимоно для дзюдо 750 IJF Approved,adidas,1030516908,160,160-165 см,2048082649074,https://basket-34.wbbasket.ru/vol7294/part729487/729487230/images/big/1.webp
1513,Спортивная одежда,491,Кимоно спортивное,729487230,кимоно-адикрсн(син),Кимоно для дзюдо 750 IJF Approved,adidas,1030516910,170,170-175 см,2048082649098,https://basket-34.wbbasket.ru/vol7294/part729487/729487230/images/big/1.webp
1513,Спортивная одежда,491,Кимоно спортивное,729487230,кимоно-адикрсн(син),Кимоно для дзюдо 750 IJF Approved,adidas,1030516911,175,175-185 см,2048082649104,https://basket-34.wbbasket.ru/vol7294/part729487/729487230/images/big/1.webp
1513,Спортивная одежда,491,Кимоно спортивное,729487230,кимоно-адикрсн(син),Кимоно для дзюдо 750 IJF Approved,adidas,1030516909,165,165-170 см,2048082649081,https://basket-34.wbbasket.ru/vol7294/part729487/729487230/images/big/1.webp
1513,Спортивная одежда,491,Кимоно спортивное,729487230,кимоно-адикрсн(син),Кимоно для дзюдо 750 IJF Approved,adidas,1030516915,195,195-200 см,2048082649142,https://basket-34.wbbasket.ru/vol7294/part729487/729487230/images/big/1.webp
1513,Спортивная одежда,491,Кимоно спортивное,729487230,кимоно-адикрсн(син),Кимоно для дзюдо 750 IJF Approved,adidas,1030516912,180,180-185 см,2048082649111,https://basket-34.wbbasket.ru/vol7294/part729487/729487230/images/big/1.webp
1513,Спортивная одежда,491,Кимоно спортивное,729487230,кимоно-адикрсн(син),Кимоно для дзюдо 750 IJF Approved,adidas,1030516913,185,185-195 см,2048082649128,https://basket-34.wbbasket.ru/vol7294/part729487/729487230/images/big/1.webp
1513,Спортивная одежда,491,Кимоно спортивное,729487230,кимоно-адикрсн(син),Кимоно для дзюдо 750 IJF Approved,adidas,1030516914,190,190-195 см,2048082649135,https://basket-34.wbbasket.ru/vol7294/part729487/729487230/images/big/1.webp
1513,Спортивная одежда,491,Кимоно спортивное,729487230,кимоно-адикрсн(син),Кимоно для дзюдо 750 IJF Approved,adidas,1030516916,200,200-205 см,2048082649159,https://basket-34.wbbasket.ru/vol7294/part729487/729487230/images/big/1.webp
1513,Спортивная одежда,491,Кимоно спортивное,869579789,кимоно-ессимо(син),Кимоно для дзюдо 750 IJF Approved,Essimo,1309675740,150,150-155 см,2049489196826,https://basket-38.wbbasket.ru/vol8695/part869579/869579789/images/big/1.webp
1513,Спортивная одежда,491,Кимоно спортивное,869579789,кимоно-ессимо(син),Кимоно для дзюдо 750 IJF Approved,Essimo,1309675741,155,155-160 см,2049489196833,https://basket-38.wbbasket.ru/vol8695/part869579/869579789/images/big/1.webp
1513,Спортивная одежда,491,Кимоно спортивное,869579789,кимоно-ессимо(син),Кимоно для дзюдо 750 IJF Approved,Essimo,1309675736,130,130-135 см,2049489196789,https://basket-38.wbbasket.ru/vol8695/part869579/869579789/images/big/1.webp
1513,Спортивная одежда,491,Кимоно спортивное,869579789,кимоно-ессимо(син),Кимоно для дзюдо 750 IJF Approved,Essimo,1309675737,135,135-140 см,2049489196796,https://basket-38.wbbasket.ru/vol8695/part869579/869579789/images/big/1.webp
1513,Спортивная одежда,491,Кимоно спортивное,869579789,кимоно-ессимо(син),Кимоно для дзюдо 750 IJF Approved,Essimo,1309675738,140,140-145 см,2049489196802,https://basket-38.wbbasket.ru/vol8695/part869579/869579789/images/big/1.webp
1513,Спортивная одежда,491,Кимоно спортивное,869579789,кимоно-ессимо(син),Кимоно для дзюдо 750 IJF Approved,Essimo,1309675739,145,145-150 см,2049489196819,https://basket-38.wbbasket.ru/vol8695/part869579/869579789/images/big/1.webp
1513,Спортивная одежда,491,Кимоно спортивное,869579789,кимоно-ессимо(син),Кимоно для дзюдо 750 IJF Approved,Essimo,1309675742,160,160-165 см,2049489196840,https://basket-38.wbbasket.ru/vol8695/part869579/869579789/images/big/1.webp
1513,Спортивная одежда,491,Кимоно спортивное,869579789,кимоно-ессимо(син),Кимоно для дзюдо 750 IJF Approved,Essimo,1309675743,165,165-170 см,2049489196857,https://basket-38.wbbasket.ru/vol8695/part869579/869579789/images/big/1.webp
1513,Спортивная одежда,491,Кимоно спортивное,869579789,кимоно-ессимо(син),Кимоно для дзюдо 750 IJF Approved,Essimo,1309675744,170,170-175 см,2049489196864,https://basket-38.wbbasket.ru/vol8695/part869579/869579789/images/big/1.webp
1513,Спортивная одежда,491,Кимоно спортивное,869579789,кимоно-ессимо(син),Кимоно для дзюдо 750 IJF Approved,Essimo,1309675745,175,175-185 см,2049489196871,https://basket-38.wbbasket.ru/vol8695/part869579/869579789/images/big/1.webp
1513,Спортивная одежда,491,Кимоно спортивное,869579789,кимоно-ессимо(син),Кимоно для дзюдо 750 IJF Approved,Essimo,1309675746,180,180-185 см,2049489196888,https://basket-38.wbbasket.ru/vol8695/part869579/869579789/images/big/1.webp
1513,Спортивная одежда,491,Кимоно спортивное,869579789,кимоно-ессимо(син),Кимоно для дзюдо 750 IJF Approved,Essimo,1309675747,185,185-195 см,2049489196895,https://basket-38.wbbasket.ru/vol8695/part869579/869579789/images/big/1.webp
1513,Спортивная одежда,491,Кимоно спортивное,869579789,кимоно-ессимо(син),Кимоно для дзюдо 750 IJF Approved,Essimo,1309675748,190,190-195 см,2049489196901,https://basket-38.wbbasket.ru/vol8695/part869579/869579789/images/big/1.webp
1513,Спортивная одежда,491,Кимоно спортивное,869579789,кимоно-ессимо(син),Кимоно для дзюдо 750 IJF Approved,Essimo,1309675749,195,195-200 см,2049489196918,https://basket-38.wbbasket.ru/vol8695/part869579/869579789/images/big/1.webp
1513,Спортивная одежда,491,Кимоно спортивное,869579789,кимоно-ессимо(син),Кимоно для дзюдо 750 IJF Approved,Essimo,1309675750,200,200-205 см,2049489196925,https://basket-38.wbbasket.ru/vol8695/part869579/869579789/images/big/1.webp
1513,Спортивная одежда,491,Кимоно спортивное,972402744,кимоно-ессимо(бел),Кимоно для дзюдо 750 IJF Approved,Essimo,1457345952,130,125-130 см,2050563873120,https://basket-41.wbbasket.ru/vol9724/part972402/972402744/images/big/1.webp
1513,Спортивная одежда,491,Кимоно спортивное,972402744,кимоно-ессимо(бел),Кимоно для дзюдо 750 IJF Approved,Essimo,1457345953,135,135-140 см,2050563873137,https://basket-41.wbbasket.ru/vol9724/part972402/972402744/images/big/1.webp
1513,Спортивная одежда,491,Кимоно спортивное,972402744,кимоно-ессимо(бел),Кимоно для дзюдо 750 IJF Approved,Essimo,1457345954,140,140-145 см,2050563873144,https://basket-41.wbbasket.ru/vol9724/part972402/972402744/images/big/1.webp
1513,Спортивная одежда,491,Кимоно спортивное,972402744,кимоно-ессимо(бел),Кимоно для дзюдо 750 IJF Approved,Essimo,1457345955,145,145-150 см,2050563873151,https://basket-41.wbbasket.ru/vol9724/part972402/972402744/images/big/1.webp
1513,Спортивная одежда,491,Кимоно спортивное,972402744,кимоно-ессимо(бел),Кимоно для дзюдо 750 IJF Approved,Essimo,1457345956,150,150-155 см,2050563873168,https://basket-41.wbbasket.ru/vol9724/part972402/972402744/images/big/1.webp
1513,Спортивная одежда,491,Кимоно спортивное,972402744,кимоно-ессимо(бел),Кимоно для дзюдо 750 IJF Approved,Essimo,1457345957,155,155-160 см,2050563873175,https://basket-41.wbbasket.ru/vol9724/part972402/972402744/images/big/1.webp
1513,Спортивная одежда,491,Кимоно спортивное,972402744,кимоно-ессимо(бел),Кимоно для дзюдо 750 IJF Approved,Essimo,1457345958,160,160-165 см,2050563873182,https://basket-41.wbbasket.ru/vol9724/part972402/972402744/images/big/1.webp
1513,Спортивная одежда,491,Кимоно спортивное,972402744,кимоно-ессимо(бел),Кимоно для дзюдо 750 IJF Approved,Essimo,1457345959,165,165-170 см,2050563873199,https://basket-41.wbbasket.ru/vol9724/part972402/972402744/images/big/1.webp
1513,Спортивная одежда,491,Кимоно спортивное,972402744,кимоно-ессимо(бел),Кимоно для дзюдо 750 IJF Approved,Essimo,1457345960,170,170-175 см,2050563873205,https://basket-41.wbbasket.ru/vol9724/part972402/972402744/images/big/1.webp
1513,Спортивная одежда,491,Кимоно спортивное,972402744,кимоно-ессимо(бел),Кимоно для дзюдо 750 IJF Approved,Essimo,1457345961,175,175-185 см,2050563873212,https://basket-41.wbbasket.ru/vol9724/part972402/972402744/images/big/1.webp
1513,Спортивная одежда,491,Кимоно спортивное,972402744,кимоно-ессимо(бел),Кимоно для дзюдо 750 IJF Approved,Essimo,1457345962,180,180-185 см,2050563873229,https://basket-41.wbbasket.ru/vol9724/part972402/972402744/images/big/1.webp
1513,Спортивная одежда,491,Кимоно спортивное,972402744,кимоно-ессимо(бел),Кимоно для дзюдо 750 IJF Approved,Essimo,1457345963,185,185-195 см,2050563873236,https://basket-41.wbbasket.ru/vol9724/part972402/972402744/images/big/1.webp
1513,Спортивная одежда,491,Кимоно спортивное,972402744,кимоно-ессимо(бел),Кимоно для дзюдо 750 IJF Approved,Essimo,1457345964,190,190-195 см,2050563873243,https://basket-41.wbbasket.ru/vol9724/part972402/972402744/images/big/1.webp
1513,Спортивная одежда,491,Кимоно спортивное,972402744,кимоно-ессимо(бел),Кимоно для дзюдо 750 IJF Approved,Essimo,1457345965,195,195-200 см,2050563873250,https://basket-41.wbbasket.ru/vol9724/part972402/972402744/images/big/1.webp
1513,Спортивная одежда,491,Кимоно спортивное,972402744,кимоно-ессимо(бел),Кимоно для дзюдо 750 IJF Approved,Essimo,1457345966,200,200-205 см,2050563873267,https://basket-41.wbbasket.ru/vol9724/part972402/972402744/images/big/1.webp
1513,Спортивная одежда,491,Кимоно спортивное,382003834,кимоно-мизуно(бел),Кимоно для дзюдо IJF Approved,Mizuno,555011330,150,150-155 см,2043516721715,https://basket-22.wbbasket.ru/vol3820/part382003/382003834/images/big/1.webp
1513,Спортивная одежда,491,Кимоно спортивное,382003834,кимоно-мизуно(бел),Кимоно для дзюдо IJF Approved,Mizuno,555011328,130,130-135 см,2043516721692,https://basket-22.wbbasket.ru/vol3820/part382003/382003834/images/big/1.webp
1513,Спортивная одежда,491,Кимоно спортивное,382003834,кимоно-мизуно(бел),Кимоно для дзюдо IJF Approved,Mizuno,677976650,135,135-140 см,2045161393880,https://basket-22.wbbasket.ru/vol3820/part382003/382003834/images/big/1.webp
1513,Спортивная одежда,491,Кимоно спортивное,382003834,кимоно-мизуно(бел),Кимоно для дзюдо IJF Approved,Mizuno,555011329,140,140-145 см,2043516721708,https://basket-22.wbbasket.ru/vol3820/part382003/382003834/images/big/1.webp
1513,Спортивная одежда,491,Кимоно спортивное,382003834,кимоно-мизуно(бел),Кимоно для дзюдо IJF Approved,Mizuno,677976651,145,145-150 см,2045161393897,https://basket-22.wbbasket.ru/vol3820/part382003/382003834/images/big/1.webp
1513,Спортивная одежда,491,Кимоно спортивное,382003834,кимоно-мизуно(бел),Кимоно для дзюдо IJF Approved,Mizuno,677976652,155,155-160 см,2045161393903,https://basket-22.wbbasket.ru/vol3820/part382003/382003834/images/big/1.webp
1513,Спортивная одежда,491,Кимоно спортивное,382003834,кимоно-мизуно(бел),Кимоно для дзюдо IJF Approved,Mizuno,555011331,160,160-165 см,2043516721722,https://basket-22.wbbasket.ru/vol3820/part382003/382003834/images/big/1.webp
1513,Спортивная одежда,491,Кимоно спортивное,382003834,кимоно-мизуно(бел),Кимоно для дзюдо IJF Approved,Mizuno,677976653,165,165-170 см,2045161393910,https://basket-22.wbbasket.ru/vol3820/part382003/382003834/images/big/1.webp
1513,Спортивная одежда,491,Кимоно спортивное,382003834,кимоно-мизуно(бел),Кимоно для дзюдо IJF Approved,Mizuno,555011332,170,170-175 см,2043516721739,https://basket-22.wbbasket.ru/vol3820/part382003/382003834/images/big/1.webp
1513,Спортивная одежда,491,Кимоно спортивное,382003834,кимоно-мизуно(бел),Кимоно для дзюдо IJF Approved,Mizuno,677976654,175,175-180 см,2045161393927,https://basket-22.wbbasket.ru/vol3820/part382003/382003834/images/big/1.webp
1513,Спортивная одежда,491,Кимоно спортивное,382003834,кимоно-мизуно(бел),Кимоно для дзюдо IJF Approved,Mizuno,555011333,180,180-185 см,2043516721746,https://basket-22.wbbasket.ru/vol3820/part382003/382003834/images/big/1.webp
1513,Спортивная одежда,491,Кимоно спортивное,382003834,кимоно-мизуно(бел),Кимоно для дзюдо IJF Approved,Mizuno,677976655,185,185-190 см,2045161393934,https://basket-22.wbbasket.ru/vol3820/part382003/382003834/images/big/1.webp
1513,Спортивная одежда,491,Кимоно спортивное,382003834,кимоно-мизуно(бел),Кимоно для дзюдо IJF Approved,Mizuno,555011334,190,190-195 см,2043516721753,https://basket-22.wbbasket.ru/vol3820/part382003/382003834/images/big/1.webp
1513,Спортивная одежда,491,Кимоно спортивное,382003834,кимоно-мизуно(бел),Кимоно для дзюдо IJF Approved,Mizuno,677976656,195,195-200 см,2045161393941,https://basket-22.wbbasket.ru/vol3820/part382003/382003834/images/big/1.webp
1513,Спортивная одежда,491,Кимоно спортивное,382003834,кимоно-мизуно(бел),Кимоно для дзюдо IJF Approved,Mizuno,677976657,200,200-205 см,2045161393958,https://basket-22.wbbasket.ru/vol3820/part382003/382003834/images/big/1.webp
1513,Спортивная одежда,491,Кимоно спортивное,451350191,кимоно-адидас(бел),Кимоно для дзюдо IJF Approved,adidas,637322995,175,175-185 см,2044571106202,https://basket-25.wbbasket.ru/vol4513/part451350/451350191/images/big/1.webp
1513,Спортивная одежда,491,Кимоно спортивное,451350191,кимоно-адидас(бел),Кимоно для дзюдо IJF Approved,adidas,637322999,195,195-200 см,2044571106240,https://basket-25.wbbasket.ru/vol4513/part451350/451350191/images/big/1.webp
1513,Спортивная одежда,491,Кимоно спортивное,451350191,кимоно-адидас(бел),Кимоно для дзюдо IJF Approved,adidas,637322986,130,130-135 см,2044571106110,https://basket-25.wbbasket.ru/vol4513/part451350/451350191/images/big/1.webp
1513,Спортивная одежда,491,Кимоно спортивное,451350191,кимоно-адидас(бел),Кимоно для дзюдо IJF Approved,adidas,637322994,170,170-175 см,2044571106196,https://basket-25.wbbasket.ru/vol4513/part451350/451350191/images/big/1.webp
1513,Спортивная одежда,491,Кимоно спортивное,451350191,кимоно-адидас(бел),Кимоно для дзюдо IJF Approved,adidas,637322996,180,180-185 см,2044571106219,https://basket-25.wbbasket.ru/vol4513/part451350/451350191/images/big/1.webp
1513,Спортивная одежда,491,Кимоно спортивное,451350191,кимоно-адидас(бел),Кимоно для дзюдо IJF Approved,adidas,637322997,185,185-195 см,2044571106226,https://basket-25.wbbasket.ru/vol4513/part451350/451350191/images/big/1.webp
1513,Спортивная одежда,491,Кимоно спортивное,451350191,кимоно-адидас(бел),Кимоно для дзюдо IJF Approved,adidas,637322998,190,190-195 см,2044571106233,https://basket-25.wbbasket.ru/vol4513/part451350/451350191/images/big/1.webp
1513,Спортивная одежда,491,Кимоно спортивное,451350191,кимоно-адидас(бел),Кимоно для дзюдо IJF Approved,adidas,1862135417,200,200-205 см,2053439570024,https://basket-25.wbbasket.ru/vol4513/part451350/451350191/images/big/1.webp
1513,Спортивная одежда,491,Кимоно спортивное,451350191,кимоно-адидас(бел),Кимоно для дзюдо IJF Approved,adidas,637322987,135,135-140 см,2044571106127,https://basket-25.wbbasket.ru/vol4513/part451350/451350191/images/big/1.webp
1513,Спортивная одежда,491,Кимоно спортивное,451350191,кимоно-адидас(бел),Кимоно для дзюдо IJF Approved,adidas,637322988,140,140-145 см,2044571106134,https://basket-25.wbbasket.ru/vol4513/part451350/451350191/images/big/1.webp
1513,Спортивная одежда,491,Кимоно спортивное,451350191,кимоно-адидас(бел),Кимоно для дзюдо IJF Approved,adidas,637322989,145,145-150 см,2044571106141,https://basket-25.wbbasket.ru/vol4513/part451350/451350191/images/big/1.webp
1513,Спортивная одежда,491,Кимоно спортивное,451350191,кимоно-адидас(бел),Кимоно для дзюдо IJF Approved,adidas,637322990,150,150-155 см,2044571106158,https://basket-25.wbbasket.ru/vol4513/part451350/451350191/images/big/1.webp
1513,Спортивная одежда,491,Кимоно спортивное,451350191,кимоно-адидас(бел),Кимоно для дзюдо IJF Approved,adidas,637322991,155,155-160 см,2044571106165,https://basket-25.wbbasket.ru/vol4513/part451350/451350191/images/big/1.webp
1513,Спортивная одежда,491,Кимоно спортивное,451350191,кимоно-адидас(бел),Кимоно для дзюдо IJF Approved,adidas,637322992,160,160-165 см,2044571106172,https://basket-25.wbbasket.ru/vol4513/part451350/451350191/images/big/1.webp
1513,Спортивная одежда,491,Кимоно спортивное,451350191,кимоно-адидас(бел),Кимоно для дзюдо IJF Approved,adidas,637322993,165,165-170 см,2044571106189,https://basket-25.wbbasket.ru/vol4513/part451350/451350191/images/big/1.webp
1513,Спортивная одежда,491,Кимоно спортивное,451350192,кимоно-адидас(син),Кимоно для дзюдо IJF Approved,adidas,637323002,140,140-145 см,2044571114702,https://basket-25.wbbasket.ru/vol4513/part451350/451350192/images/big/1.webp
1513,Спортивная одежда,491,Кимоно спортивное,451350192,кимоно-адидас(син),Кимоно для дзюдо IJF Approved,adidas,637323003,145,145-150 см,2044571114719,https://basket-25.wbbasket.ru/vol4513/part451350/451350192/images/big/1.webp
1513,Спортивная одежда,491,Кимоно спортивное,451350192,кимоно-адидас(син),Кимоно для дзюдо IJF Approved,adidas,637323006,160,160-165 см,2044571114740,https://basket-25.wbbasket.ru/vol4513/part451350/451350192/images/big/1.webp
1513,Спортивная одежда,491,Кимоно спортивное,451350192,кимоно-адидас(син),Кимоно для дзюдо IJF Approved,adidas,637323007,165,165-170 см,2044571114757,https://basket-25.wbbasket.ru/vol4513/part451350/451350192/images/big/1.webp
1513,Спортивная одежда,491,Кимоно спортивное,451350192,кимоно-адидас(син),Кимоно для дзюдо IJF Approved,adidas,637323008,170,170-175 см,2044571114764,https://basket-25.wbbasket.ru/vol4513/part451350/451350192/images/big/1.webp
1513,Спортивная одежда,491,Кимоно спортивное,451350192,кимоно-адидас(син),Кимоно для дзюдо IJF Approved,adidas,637323000,130,130-135 см,2044571114689,https://basket-25.wbbasket.ru/vol4513/part451350/451350192/images/big/1.webp
1513,Спортивная одежда,491,Кимоно спортивное,451350192,кимоно-адидас(син),Кимоно для дзюдо IJF Approved,adidas,637323001,135,135-140 см,2044571114696,https://basket-25.wbbasket.ru/vol4513/part451350/451350192/images/big/1.webp
1513,Спортивная одежда,491,Кимоно спортивное,451350192,кимоно-адидас(син),Кимоно для дзюдо IJF Approved,adidas,637323004,150,150-155 см,2044571114726,https://basket-25.wbbasket.ru/vol4513/part451350/451350192/images/big/1.webp
1513,Спортивная одежда,491,Кимоно спортивное,451350192,кимоно-адидас(син),Кимоно для дзюдо IJF Approved,adidas,637323005,155,155-160 см,2044571114733,https://basket-25.wbbasket.ru/vol4513/part451350/451350192/images/big/1.webp
1513,Спортивная одежда,491,Кимоно спортивное,451350192,кимоно-адидас(син),Кимоно для дзюдо IJF Approved,adidas,637323009,175,175-185 см,2044571114771,https://basket-25.wbbasket.ru/vol4513/part451350/451350192/images/big/1.webp
1513,Спортивная одежда,491,Кимоно спортивное,451350192,кимоно-адидас(син),Кимоно для дзюдо IJF Approved,adidas,637323012,190,190-195 см,2044571114801,https://basket-25.wbbasket.ru/vol4513/part451350/451350192/images/big/1.webp
1513,Спортивная одежда,491,Кимоно спортивное,451350192,кимоно-адидас(син),Кимоно для дзюдо IJF Approved,adidas,1862096673,200,200-205 см,2053439371171,https://basket-25.wbbasket.ru/vol4513/part451350/451350192/images/big/1.webp
1513,Спортивная одежда,491,Кимоно спортивное,451350192,кимоно-адидас(син),Кимоно для дзюдо IJF Approved,adidas,637323010,180,180-185 см,2044571114788,https://basket-25.wbbasket.ru/vol4513/part451350/451350192/images/big/1.webp
1513,Спортивная одежда,491,Кимоно спортивное,451350192,кимоно-адидас(син),Кимоно для дзюдо IJF Approved,adidas,637323011,185,185-195 см,2044571114795,https://basket-25.wbbasket.ru/vol4513/part451350/451350192/images/big/1.webp
1513,Спортивная одежда,491,Кимоно спортивное,451350192,кимоно-адидас(син),Кимоно для дзюдо IJF Approved,adidas,637323013,195,195-200 см,2044571114818,https://basket-25.wbbasket.ru/vol4513/part451350/451350192/images/big/1.webp
1513,Спортивная одежда,491,Кимоно спортивное,729599766,кимоно-адикрсн(детбел),Кимоно для дзюдо IJF Approved,adidas,1030687998,150,145-150 см,2048083908576,https://basket-34.wbbasket.ru/vol7295/part729599/729599766/images/big/1.webp
1513,Спортивная одежда,491,Кимоно спортивное,729599766,кимоно-адикрсн(детбел),Кимоно для дзюдо IJF Approved,adidas,1030687994,130,125-130 см,2048083908538,https://basket-34.wbbasket.ru/vol7295/part729599/729599766/images/big/1.webp
1513,Спортивная одежда,491,Кимоно спортивное,729599766,кимоно-адикрсн(детбел),Кимоно для дзюдо IJF Approved,adidas,1030687995,135,130-135 см,2048083908545,https://basket-34.wbbasket.ru/vol7295/part729599/729599766/images/big/1.webp
1513,Спортивная одежда,491,Кимоно спортивное,729599766,кимоно-адикрсн(детбел),Кимоно для дзюдо IJF Approved,adidas,1030687996,140,135-140 см,2048083908552,https://basket-34.wbbasket.ru/vol7295/part729599/729599766/images/big/1.webp
1513,Спортивная одежда,491,Кимоно спортивное,729599766,кимоно-адикрсн(детбел),Кимоно для дзюдо IJF Approved,adidas,1030687997,145,140-145 см,2048083908569,https://basket-34.wbbasket.ru/vol7295/part729599/729599766/images/big/1.webp
1513,Спортивная одежда,491,Кимоно спортивное,729599766,кимоно-адикрсн(детбел),Кимоно для дзюдо IJF Approved,adidas,1030687999,155,150-155 см,2048083908583,https://basket-34.wbbasket.ru/vol7295/part729599/729599766/images/big/1.webp
1513,Спортивная одежда,491,Кимоно спортивное,1153060205,киоку-кимоно,Кимоно для карате Киокушинкай (Кекусинкай),Киокушинкай,1705954969,130,125 - 134 см,2052367952889,https://basket-43.wbbasket.ru/vol11530/part1153060/1153060205/images/big/1.webp
1513,Спортивная одежда,491,Кимоно спортивное,1153060205,киоку-кимоно,Кимоно для карате Киокушинкай (Кекусинкай),Киокушинкай,1705954970,140,135 - 144 см,2052367952896,https://basket-43.wbbasket.ru/vol11530/part1153060/1153060205/images/big/1.webp
1513,Спортивная одежда,491,Кимоно спортивное,1153060205,киоку-кимоно,Кимоно для карате Киокушинкай (Кекусинкай),Киокушинкай,1705954971,150,145 - 154 см,2052367952902,https://basket-43.wbbasket.ru/vol11530/part1153060/1153060205/images/big/1.webp
1513,Спортивная одежда,491,Кимоно спортивное,1153060205,киоку-кимоно,Кимоно для карате Киокушинкай (Кекусинкай),Киокушинкай,1705954966,100,95 - 110 см,2052367952858,https://basket-43.wbbasket.ru/vol11530/part1153060/1153060205/images/big/1.webp
1513,Спортивная одежда,491,Кимоно спортивное,1153060205,киоку-кимоно,Кимоно для карате Киокушинкай (Кекусинкай),Киокушинкай,1705954967,110,110 - 114 см,2052367952865,https://basket-43.wbbasket.ru/vol11530/part1153060/1153060205/images/big/1.webp
1513,Спортивная одежда,491,Кимоно спортивное,1153060205,киоку-кимоно,Кимоно для карате Киокушинкай (Кекусинкай),Киокушинкай,1705954968,120,115 - 124 см,2052367952872,https://basket-43.wbbasket.ru/vol11530/part1153060/1153060205/images/big/1.webp
1513,Спортивная одежда,491,Кимоно спортивное,1153060205,киоку-кимоно,Кимоно для карате Киокушинкай (Кекусинкай),Киокушинкай,1705954972,160,155 - 164 см,2052367952919,https://basket-43.wbbasket.ru/vol11530/part1153060/1153060205/images/big/1.webp
1513,Спортивная одежда,491,Кимоно спортивное,1153060205,киоку-кимоно,Кимоно для карате Киокушинкай (Кекусинкай),Киокушинкай,1705954973,170,165 - 174 см,2052367952926,https://basket-43.wbbasket.ru/vol11530/part1153060/1153060205/images/big/1.webp
1513,Спортивная одежда,491,Кимоно спортивное,1153060205,киоку-кимоно,Кимоно для карате Киокушинкай (Кекусинкай),Киокушинкай,1705954974,180,175 - 184 см,2052367952933,https://basket-43.wbbasket.ru/vol11530/part1153060/1153060205/images/big/1.webp
1513,Спортивная одежда,491,Кимоно спортивное,1153060205,киоку-кимоно,Кимоно для карате Киокушинкай (Кекусинкай),Киокушинкай,1705954975,190,185 - 194 см,2052367952940,https://basket-43.wbbasket.ru/vol11530/part1153060/1153060205/images/big/1.webp
1513,Спортивная одежда,491,Кимоно спортивное,1153060205,киоку-кимоно,Кимоно для карате Киокушинкай (Кекусинкай),Киокушинкай,1705954976,200,195-204 см,2052367952957,https://basket-43.wbbasket.ru/vol11530/part1153060/1153060205/images/big/1.webp
1513,Спортивная одежда,491,Кимоно спортивное,1179895934,киоку-кимоно(дет),Кимоно для карате Киокушинкай (Кекусинкай),Киокушинкай,1738287114,100,95 - 110 см,2052496998499,https://basket-43.wbbasket.ru/vol11798/part1179895/1179895934/images/big/1.webp
1513,Спортивная одежда,491,Кимоно спортивное,1179895934,киоку-кимоно(дет),Кимоно для карате Киокушинкай (Кекусинкай),Киокушинкай,1738287115,110,110 - 114 см,2052496998505,https://basket-43.wbbasket.ru/vol11798/part1179895/1179895934/images/big/1.webp
1513,Спортивная одежда,491,Кимоно спортивное,1179895934,киоку-кимоно(дет),Кимоно для карате Киокушинкай (Кекусинкай),Киокушинкай,1738287116,120,115 - 124 см,2052496998512,https://basket-43.wbbasket.ru/vol11798/part1179895/1179895934/images/big/1.webp
1513,Спортивная одежда,491,Кимоно спортивное,1179895934,киоку-кимоно(дет),Кимоно для карате Киокушинкай (Кекусинкай),Киокушинкай,1738287117,130,125 - 134 см,2052496998529,https://basket-43.wbbasket.ru/vol11798/part1179895/1179895934/images/big/1.webp
1513,Спортивная одежда,491,Кимоно спортивное,1179895934,киоку-кимоно(дет),Кимоно для карате Киокушинкай (Кекусинкай),Киокушинкай,1738287118,140,135 - 144 см,2052496998536,https://basket-43.wbbasket.ru/vol11798/part1179895/1179895934/images/big/1.webp
1513,Спортивная одежда,491,Кимоно спортивное,1179895934,киоку-кимоно(дет),Кимоно для карате Киокушинкай (Кекусинкай),Киокушинкай,1738287119,150,145 - 154 см,2052496998543,https://basket-43.wbbasket.ru/vol11798/part1179895/1179895934/images/big/1.webp
1513,Спортивная одежда,491,Кимоно спортивное,1179895934,киоку-кимоно(дет),Кимоно для карате Киокушинкай (Кекусинкай),Киокушинкай,1738287120,160,155 - 164 см,2052496998550,https://basket-43.wbbasket.ru/vol11798/part1179895/1179895934/images/big/1.webp
1513,Спортивная одежда,491,Кимоно спортивное,1179895934,киоку-кимоно(дет),Кимоно для карате Киокушинкай (Кекусинкай),Киокушинкай,1738287121,170,165 - 174 см,2052496998567,https://basket-43.wbbasket.ru/vol11798/part1179895/1179895934/images/big/1.webp
1513,Спортивная одежда,491,Кимоно спортивное,1179895934,киоку-кимоно(дет),Кимоно для карате Киокушинкай (Кекусинкай),Киокушинкай,1738287122,180,175 - 184 см,2052496998574,https://basket-43.wbbasket.ru/vol11798/part1179895/1179895934/images/big/1.webp
1513,Спортивная одежда,491,Кимоно спортивное,1179895934,киоку-кимоно(дет),Кимоно для карате Киокушинкай (Кекусинкай),Киокушинкай,1738287123,190,185 - 194 см,2052496998581,https://basket-43.wbbasket.ru/vol11798/part1179895/1179895934/images/big/1.webp
1513,Спортивная одежда,491,Кимоно спортивное,1179895934,киоку-кимоно(дет),Кимоно для карате Киокушинкай (Кекусинкай),Киокушинкай,1738287124,200,195-204 см,2052496998598,https://basket-43.wbbasket.ru/vol11798/part1179895/1179895934/images/big/1.webp
1513,Спортивная одежда,5209,Комбинезоны спортивные,659821305,ги-легендс,Кимоно для джиу-джитсу (бжж),Kingz Kimonos,887860847,A3,175 - 185см,2047539675901,https://basket-32.wbbasket.ru/vol6598/part659821/659821305/images/big/1.webp
1513,Спортивная одежда,5209,Комбинезоны спортивные,659821305,ги-легендс,Кимоно для джиу-джитсу (бжж),Kingz Kimonos,887860848,A3L,180 - 190 см,2047539675918,https://basket-32.wbbasket.ru/vol6598/part659821/659821305/images/big/1.webp
1513,Спортивная одежда,5209,Комбинезоны спортивные,659821305,ги-легендс,Кимоно для джиу-джитсу (бжж),Kingz Kimonos,887860849,A4,185 - 195 см,2047539675925,https://basket-32.wbbasket.ru/vol6598/part659821/659821305/images/big/1.webp
1513,Спортивная одежда,5209,Комбинезоны спортивные,659821305,ги-легендс,Кимоно для джиу-джитсу (бжж),Kingz Kimonos,887860850,A5,190 - 200 см,2047539675932,https://basket-32.wbbasket.ru/vol6598/part659821/659821305/images/big/1.webp
1513,Спортивная одежда,5209,Комбинезоны спортивные,659821305,ги-легендс,Кимоно для джиу-джитсу (бжж),Kingz Kimonos,887860837,M0,120-130 см,2047539675802,https://basket-32.wbbasket.ru/vol6598/part659821/659821305/images/big/1.webp
1513,Спортивная одежда,5209,Комбинезоны спортивные,659821305,ги-легендс,Кимоно для джиу-джитсу (бжж),Kingz Kimonos,887860838,M1,130-140 см,2047539675819,https://basket-32.wbbasket.ru/vol6598/part659821/659821305/images/big/1.webp
1513,Спортивная одежда,5209,Комбинезоны спортивные,659821305,ги-легендс,Кимоно для джиу-джитсу (бжж),Kingz Kimonos,887860839,M2,135-145 см,2047539675826,https://basket-32.wbbasket.ru/vol6598/part659821/659821305/images/big/1.webp
1513,Спортивная одежда,5209,Комбинезоны спортивные,659821305,ги-легендс,Кимоно для джиу-джитсу (бжж),Kingz Kimonos,887860840,M3,145-155 см,2047539675833,https://basket-32.wbbasket.ru/vol6598/part659821/659821305/images/big/1.webp
1513,Спортивная одежда,5209,Комбинезоны спортивные,659821305,ги-легендс,Кимоно для джиу-джитсу (бжж),Kingz Kimonos,887860841,M4,150-160 см,2047539675840,https://basket-32.wbbasket.ru/vol6598/part659821/659821305/images/big/1.webp
1513,Спортивная одежда,5209,Комбинезоны спортивные,659821305,ги-легендс,Кимоно для джиу-джитсу (бжж),Kingz Kimonos,887860842,A0,150-160см,2047539675857,https://basket-32.wbbasket.ru/vol6598/part659821/659821305/images/big/1.webp
1513,Спортивная одежда,5209,Комбинезоны спортивные,659821305,ги-легендс,Кимоно для джиу-джитсу (бжж),Kingz Kimonos,887860843,A1,160 - 168 см,2047539675864,https://basket-32.wbbasket.ru/vol6598/part659821/659821305/images/big/1.webp
1513,Спортивная одежда,5209,Комбинезоны спортивные,659821305,ги-легендс,Кимоно для джиу-джитсу (бжж),Kingz Kimonos,887860844,A1L,165 - 175 см,2047539675871,https://basket-32.wbbasket.ru/vol6598/part659821/659821305/images/big/1.webp
1513,Спортивная одежда,5209,Комбинезоны спортивные,659821305,ги-легендс,Кимоно для джиу-джитсу (бжж),Kingz Kimonos,887860845,A2,170 - 178 см,2047539675888,https://basket-32.wbbasket.ru/vol6598/part659821/659821305/images/big/1.webp
1513,Спортивная одежда,5209,Комбинезоны спортивные,659821305,ги-легендс,Кимоно для джиу-джитсу (бжж),Kingz Kimonos,887860846,A2L,175 - 185 см,2047539675895,https://basket-32.wbbasket.ru/vol6598/part659821/659821305/images/big/1.webp
1513,Спортивная одежда,5209,Комбинезоны спортивные,659821305,ги-легендс,Кимоно для джиу-джитсу (бжж),Kingz Kimonos,887860836,M00,110-120 см,2047539675796,https://basket-32.wbbasket.ru/vol6598/part659821/659821305/images/big/1.webp
1513,Спортивная одежда,5209,Комбинезоны спортивные,663655687,ги-балистик(бел) ,Кимоно для джиу-джитсу (бжж),Kingz Kimonos,892169819,A1,160 - 168 см,2047556997987,https://basket-32.wbbasket.ru/vol6636/part663655/663655687/images/big/1.webp
1513,Спортивная одежда,5209,Комбинезоны спортивные,663655687,ги-балистик(бел) ,Кимоно для джиу-джитсу (бжж),Kingz Kimonos,892169820,A1L,165 - 175 см,2047556997994,https://basket-32.wbbasket.ru/vol6636/part663655/663655687/images/big/1.webp
1513,Спортивная одежда,5209,Комбинезоны спортивные,663655687,ги-балистик(бел) ,Кимоно для джиу-джитсу (бжж),Kingz Kimonos,892169821,A2,170 - 178 см,2047556998007,https://basket-32.wbbasket.ru/vol6636/part663655/663655687/images/big/1.webp
1513,Спортивная одежда,5209,Комбинезоны спортивные,663655687,ги-балистик(бел) ,Кимоно для джиу-джитсу (бжж),Kingz Kimonos,892169822,A2L,175 - 185 см,2047556998014,https://basket-32.wbbasket.ru/vol6636/part663655/663655687/images/big/1.webp
1513,Спортивная одежда,5209,Комбинезоны спортивные,663655687,ги-балистик(бел) ,Кимоно для джиу-джитсу (бжж),Kingz Kimonos,892169823,A3,175 - 185см,2047556998021,https://basket-32.wbbasket.ru/vol6636/part663655/663655687/images/big/1.webp
1513,Спортивная одежда,5209,Комбинезоны спортивные,663655687,ги-балистик(бел) ,Кимоно для джиу-джитсу (бжж),Kingz Kimonos,892169824,A3L,180 - 190 см,2047556998038,https://basket-32.wbbasket.ru/vol6636/part663655/663655687/images/big/1.webp
1513,Спортивная одежда,5209,Комбинезоны спортивные,663655687,ги-балистик(бел) ,Кимоно для джиу-джитсу (бжж),Kingz Kimonos,892169825,A4,185 - 195 см,2047556998045,https://basket-32.wbbasket.ru/vol6636/part663655/663655687/images/big/1.webp
1513,Спортивная одежда,5209,Комбинезоны спортивные,663655687,ги-балистик(бел) ,Кимоно для джиу-джитсу (бжж),Kingz Kimonos,892169826,A5,190 - 200 см,2047556998052,https://basket-32.wbbasket.ru/vol6636/part663655/663655687/images/big/1.webp
1513,Спортивная одежда,5209,Комбинезоны спортивные,663655687,ги-балистик(бел) ,Кимоно для джиу-джитсу (бжж),Kingz Kimonos,892169827,M0,120-130 см,2047556998069,https://basket-32.wbbasket.ru/vol6636/part663655/663655687/images/big/1.webp
1513,Спортивная одежда,5209,Комбинезоны спортивные,663655687,ги-балистик(бел) ,Кимоно для джиу-джитсу (бжж),Kingz Kimonos,892169828,M00,110-120 см,2047556998076,https://basket-32.wbbasket.ru/vol6636/part663655/663655687/images/big/1.webp
1513,Спортивная одежда,5209,Комбинезоны спортивные,663655687,ги-балистик(бел) ,Кимоно для джиу-джитсу (бжж),Kingz Kimonos,892169829,M1,130-140 см,2047556998083,https://basket-32.wbbasket.ru/vol6636/part663655/663655687/images/big/1.webp
1513,Спортивная одежда,5209,Комбинезоны спортивные,663655687,ги-балистик(бел) ,Кимоно для джиу-джитсу (бжж),Kingz Kimonos,892169830,M2,135-145 см,2047556998090,https://basket-32.wbbasket.ru/vol6636/part663655/663655687/images/big/1.webp
1513,Спортивная одежда,5209,Комбинезоны спортивные,663655687,ги-балистик(бел) ,Кимоно для джиу-джитсу (бжж),Kingz Kimonos,892169831,M3,145-155 см,2047556998106,https://basket-32.wbbasket.ru/vol6636/part663655/663655687/images/big/1.webp
1513,Спортивная одежда,5209,Комбинезоны спортивные,663655687,ги-балистик(бел) ,Кимоно для джиу-джитсу (бжж),Kingz Kimonos,892169832,M4,150-160 см,2047556998113,https://basket-32.wbbasket.ru/vol6636/part663655/663655687/images/big/1.webp
1513,Спортивная одежда,5209,Комбинезоны спортивные,663655687,ги-балистик(бел) ,Кимоно для джиу-джитсу (бжж),Kingz Kimonos,892169818,A0,150-160см,2047556997970,https://basket-32.wbbasket.ru/vol6636/part663655/663655687/images/big/1.webp
1513,Спортивная одежда,5209,Комбинезоны спортивные,682350185,ги-хэви(черн),Кимоно для джиу-джитсу (бжж),Kingz Kimonos,920480256,A0,150-160см,2047698582904,https://basket-33.wbbasket.ru/vol6823/part682350/682350185/images/big/1.webp
1513,Спортивная одежда,5209,Комбинезоны спортивные,682350185,ги-хэви(черн),Кимоно для джиу-джитсу (бжж),Kingz Kimonos,920480257,A1,160 - 168 см,2047698582911,https://basket-33.wbbasket.ru/vol6823/part682350/682350185/images/big/1.webp
1513,Спортивная одежда,5209,Комбинезоны спортивные,682350185,ги-хэви(черн),Кимоно для джиу-джитсу (бжж),Kingz Kimonos,920480258,A1L,165 - 175 см,2047698582928,https://basket-33.wbbasket.ru/vol6823/part682350/682350185/images/big/1.webp
1513,Спортивная одежда,5209,Комбинезоны спортивные,682350185,ги-хэви(черн),Кимоно для джиу-джитсу (бжж),Kingz Kimonos,920480259,A2,170 - 178 см,2047698582935,https://basket-33.wbbasket.ru/vol6823/part682350/682350185/images/big/1.webp
1513,Спортивная одежда,5209,Комбинезоны спортивные,682350185,ги-хэви(черн),Кимоно для джиу-джитсу (бжж),Kingz Kimonos,920480260,A2L,175 - 185 см,2047698582942,https://basket-33.wbbasket.ru/vol6823/part682350/682350185/images/big/1.webp
1513,Спортивная одежда,5209,Комбинезоны спортивные,682350185,ги-хэви(черн),Кимоно для джиу-джитсу (бжж),Kingz Kimonos,920480261,A3,175 - 185см,2047698582959,https://basket-33.wbbasket.ru/vol6823/part682350/682350185/images/big/1.webp
1513,Спортивная одежда,5209,Комбинезоны спортивные,682350185,ги-хэви(черн),Кимоно для джиу-джитсу (бжж),Kingz Kimonos,920480263,A4,185 - 195 см,2047698582973,https://basket-33.wbbasket.ru/vol6823/part682350/682350185/images/big/1.webp
1513,Спортивная одежда,5209,Комбинезоны спортивные,682350185,ги-хэви(черн),Кимоно для джиу-джитсу (бжж),Kingz Kimonos,920480264,A5,190 - 200 см,2047698582980,https://basket-33.wbbasket.ru/vol6823/part682350/682350185/images/big/1.webp
1513,Спортивная одежда,5209,Комбинезоны спортивные,682350185,ги-хэви(черн),Кимоно для джиу-джитсу (бжж),Kingz Kimonos,920480265,M0,120-130 см,2047698582997,https://basket-33.wbbasket.ru/vol6823/part682350/682350185/images/big/1.webp
1513,Спортивная одежда,5209,Комбинезоны спортивные,682350185,ги-хэви(черн),Кимоно для джиу-джитсу (бжж),Kingz Kimonos,920480266,M00,110-120 см,2047698583000,https://basket-33.wbbasket.ru/vol6823/part682350/682350185/images/big/1.webp
1513,Спортивная одежда,5209,Комбинезоны спортивные,682350185,ги-хэви(черн),Кимоно для джиу-джитсу (бжж),Kingz Kimonos,920480267,M1,130-140 см,2047698583017,https://basket-33.wbbasket.ru/vol6823/part682350/682350185/images/big/1.webp
1513,Спортивная одежда,5209,Комбинезоны спортивные,682350185,ги-хэви(черн),Кимоно для джиу-джитсу (бжж),Kingz Kimonos,920480268,M2,135-145 см,2047698583024,https://basket-33.wbbasket.ru/vol6823/part682350/682350185/images/big/1.webp
1513,Спортивная одежда,5209,Комбинезоны спортивные,682350185,ги-хэви(черн),Кимоно для джиу-джитсу (бжж),Kingz Kimonos,920480269,M3,145-155 см,2047698583031,https://basket-33.wbbasket.ru/vol6823/part682350/682350185/images/big/1.webp
1513,Спортивная одежда,5209,Комбинезоны спортивные,682350185,ги-хэви(черн),Кимоно для джиу-джитсу (бжж),Kingz Kimonos,920480270,M4,150-160 см,2047698583048,https://basket-33.wbbasket.ru/vol6823/part682350/682350185/images/big/1.webp
1513,Спортивная одежда,5209,Комбинезоны спортивные,682350185,ги-хэви(черн),Кимоно для джиу-джитсу (бжж),Kingz Kimonos,920480262,A3L,180 - 190 см,2047698582966,https://basket-33.wbbasket.ru/vol6823/part682350/682350185/images/big/1.webp
1513,Спортивная одежда,5209,Комбинезоны спортивные,682416125,ги-жапанис,Кимоно для джиу-джитсу (бжж),Kingz Kimonos,920582236,A0,150-160см,2047699038820,https://basket-33.wbbasket.ru/vol6824/part682416/682416125/images/big/1.webp
1513,Спортивная одежда,5209,Комбинезоны спортивные,682416125,ги-жапанис,Кимоно для джиу-джитсу (бжж),Kingz Kimonos,920582237,A1,160 - 168 см,2047699038837,https://basket-33.wbbasket.ru/vol6824/part682416/682416125/images/big/1.webp
1513,Спортивная одежда,5209,Комбинезоны спортивные,682416125,ги-жапанис,Кимоно для джиу-джитсу (бжж),Kingz Kimonos,920582239,A2,170 - 178 см,2047699038851,https://basket-33.wbbasket.ru/vol6824/part682416/682416125/images/big/1.webp
1513,Спортивная одежда,5209,Комбинезоны спортивные,682416125,ги-жапанис,Кимоно для джиу-джитсу (бжж),Kingz Kimonos,920582240,A2L,175 - 185 см,2047699038868,https://basket-33.wbbasket.ru/vol6824/part682416/682416125/images/big/1.webp
1513,Спортивная одежда,5209,Комбинезоны спортивные,682416125,ги-жапанис,Кимоно для джиу-джитсу (бжж),Kingz Kimonos,920582242,A3L,180 - 190 см,2047699038882,https://basket-33.wbbasket.ru/vol6824/part682416/682416125/images/big/1.webp
1513,Спортивная одежда,5209,Комбинезоны спортивные,682416125,ги-жапанис,Кимоно для джиу-джитсу (бжж),Kingz Kimonos,920582243,A4,185 - 195 см,2047699038899,https://basket-33.wbbasket.ru/vol6824/part682416/682416125/images/big/1.webp
1513,Спортивная одежда,5209,Комбинезоны спортивные,682416125,ги-жапанис,Кимоно для джиу-джитсу (бжж),Kingz Kimonos,920582244,A5,190 - 200 см,2047699038905,https://basket-33.wbbasket.ru/vol6824/part682416/682416125/images/big/1.webp
1513,Спортивная одежда,5209,Комбинезоны спортивные,682416125,ги-жапанис,Кимоно для джиу-джитсу (бжж),Kingz Kimonos,920582246,M00,110-120 см,2047699038929,https://basket-33.wbbasket.ru/vol6824/part682416/682416125/images/big/1.webp
1513,Спортивная одежда,5209,Комбинезоны спортивные,682416125,ги-жапанис,Кимоно для джиу-джитсу (бжж),Kingz Kimonos,920582247,M1,130-140 см,2047699038936,https://basket-33.wbbasket.ru/vol6824/part682416/682416125/images/big/1.webp
1513,Спортивная одежда,5209,Комбинезоны спортивные,682416125,ги-жапанис,Кимоно для джиу-джитсу (бжж),Kingz Kimonos,920582248,M2,135-145 см,2047699038943,https://basket-33.wbbasket.ru/vol6824/part682416/682416125/images/big/1.webp
1513,Спортивная одежда,5209,Комбинезоны спортивные,682416125,ги-жапанис,Кимоно для джиу-джитсу (бжж),Kingz Kimonos,920582249,M3,145-155 см,2047699038950,https://basket-33.wbbasket.ru/vol6824/part682416/682416125/images/big/1.webp
1513,Спортивная одежда,5209,Комбинезоны спортивные,682416125,ги-жапанис,Кимоно для джиу-джитсу (бжж),Kingz Kimonos,920582250,M4,150-160 см,2047699038967,https://basket-33.wbbasket.ru/vol6824/part682416/682416125/images/big/1.webp
1513,Спортивная одежда,5209,Комбинезоны спортивные,682416125,ги-жапанис,Кимоно для джиу-джитсу (бжж),Kingz Kimonos,920582238,A1L,165 - 175 см,2047699038844,https://basket-33.wbbasket.ru/vol6824/part682416/682416125/images/big/1.webp
1513,Спортивная одежда,5209,Комбинезоны спортивные,682416125,ги-жапанис,Кимоно для джиу-джитсу (бжж),Kingz Kimonos,920582241,A3,175 - 185см,2047699038875,https://basket-33.wbbasket.ru/vol6824/part682416/682416125/images/big/1.webp
1513,Спортивная одежда,5209,Комбинезоны спортивные,682416125,ги-жапанис,Кимоно для джиу-джитсу (бжж),Kingz Kimonos,920582245,M0,120-130 см,2047699038912,https://basket-33.wbbasket.ru/vol6824/part682416/682416125/images/big/1.webp
49,Красота,6120,Краски для бровей и ресниц,1302374170,пуси-тушь(черн),Цветная тушь для бровей Dark Brown,PUSY,1923769999,0,,2053969695785,https://basket-45.wbbasket.ru/vol13023/part1302374/1302374170/images/big/1.webp
49,Красота,6120,Краски для бровей и ресниц,1302384793,пуси-тушь(беж),Цветная тушь для бровей Light Brown,PUSY,1923781783,0,,2053969783444,https://basket-45.wbbasket.ru/vol13023/part1302384/1302384793/images/big/1.webp
49,Красота,6120,Краски для бровей и ресниц,1302384794,пуси-тушь(корч),Цветная тушь для бровей Medium Brown,PUSY,1923781784,0,,2053969815633,https://basket-45.wbbasket.ru/vol13023/part1302384/1302384794/images/big/1.webp
49,Красота,357,Кремы,1335471691,сентелла-крем,Питательный крем для лица с центеллой и пробиотиками 50 мл,SKIN1004,1980826104,0,,2054286573596,https://basket-45.wbbasket.ru/vol13354/part1335471/1335471691/images/big/1.webp
49,Красота,357,Кремы,1338824968,спф-джисон,Солнцезащитный крем для лица спф 50+,Beauty of Joseon,1987077643,0,,2054333426349,https://basket-45.wbbasket.ru/vol13388/part1338824/1338824968/images/big/1.webp
49,Красота,357,Кремы,1302196606,естел-тоналка(1н0),"Тональный крем, придающий сияние SPF20",Estee Lauder,1923567494,0,,2053967044486,https://basket-45.wbbasket.ru/vol13021/part1302196/1302196606/images/big/1.webp
49,Красота,357,Кремы,1302210030,естел-тоналка(1н1),"Тональный крем, придающий сияние SPF20",Estee Lauder,1923584648,0,,2053967266444,https://basket-45.wbbasket.ru/vol13022/part1302210/1302210030/images/big/1.webp
49,Красота,357,Кремы,1302210031,естел-тоналка(1с1),"Тональный крем, придающий сияние SPF20",Estee Lauder,1923584649,0,,2053967280723,https://basket-45.wbbasket.ru/vol13022/part1302210/1302210031/images/big/1.webp
49,Красота,357,Кремы,1302210032,естел-тоналка(1с0),"Тональный крем, придающий сияние SPF20",Estee Lauder,1923584650,0,,2053967281607,https://basket-45.wbbasket.ru/vol13022/part1302210/1302210032/images/big/1.webp
239,Спортивный товар,458,Лапы,208366785,евер-лапа (син),"Лапа для тренировок (бокс, мма, юфс, единоборства)",Lucky Sport,333989347,0,,2039466878999,https://basket-14.wbbasket.ru/vol2083/part208366/208366785/images/big/1.webp
239,Спортивный товар,458,Лапы,211485823,лапа-евер(зол-дх),"Лапа для тренировок (бокс, мма, юфс, единоборства)",Lucky Sport,338165494,0,,2039534694629,https://basket-14.wbbasket.ru/vol2114/part211485/211485823/images/big/1.webp
239,Спортивный товар,458,Лапы,211485824,лапа-евер(син-дх),"Лапа для тренировок (бокс, мма, юфс, единоборства)",Lucky Sport,338165495,0,,2039534700856,https://basket-14.wbbasket.ru/vol2114/part211485/211485824/images/big/1.webp
239,Спортивный товар,458,Лапы,211579514,Венум-лапа(зел),"Лапа для тренировок (бокс, мма, юфс, единоборства)",Lucky Sport,338371501,0,,2039539109265,https://basket-14.wbbasket.ru/vol2115/part211579/211579514/images/big/1.webp
239,Спортивный товар,458,Лапы,211594407,лапа-евер(сер-дх),"Лапа для тренировок (бокс, мма, юфс, единоборства)",Lucky Sport,338392732,0,,2039539369331,https://basket-14.wbbasket.ru/vol2115/part211594/211594407/images/big/1.webp
239,Спортивный товар,458,Лапы,211618156,лапа-евер(чер-дх),"Лапа для тренировок (бокс, мма, юфс, единоборства)",Lucky Sport,338423919,0,,2039539924219,https://basket-14.wbbasket.ru/vol2116/part211618/211618156/images/big/1.webp
239,Спортивный товар,458,Лапы,211623638,евер-прям(крсн),"Лапа для тренировок (бокс, мма, юфс, единоборства)",Lucky Sport,338431597,0,,2039539994502,https://basket-14.wbbasket.ru/vol2116/part211623/211623638/images/big/1.webp
239,Спортивный товар,458,Лапы,211629271,Рдкс-лапа(черн),"Лапа для тренировок (бокс, мма, юфс, единоборства)",Lucky Sport,338441180,0,,2039540107700,https://basket-14.wbbasket.ru/vol2116/part211629/211629271/images/big/1.webp
239,Спортивный товар,458,Лапы,212424369,ади-лапа(чер),"Лапы для тренировок (бокс, мма, юфс, единоборства)",Lucky Sport,339644859,0,,2039558255844,https://basket-14.wbbasket.ru/vol2124/part212424/212424369/images/big/1.webp
239,Спортивный товар,458,Лапы,212424371,ади-лапочка(чрн),"Лапы для тренировок (бокс, мма, юфс, единоборства)",Lucky Sport,339644861,0,,2039558268677,https://basket-14.wbbasket.ru/vol2124/part212424/212424371/images/big/1.webp
239,Спортивный товар,458,Лапы,218945691,ади-пю-лапа(син),"Adidas Лапа для тренировок (бокс, мма, юфс, единоборства)",Lucky Sport,348393334,0,,2039697479040,https://basket-14.wbbasket.ru/vol2189/part218945/218945691/images/big/1.webp
239,Спортивный товар,458,Лапы,218945692,ади-пю-лапа,"Adidas Лапа для тренировок (бокс, мма, юфс, единоборства)",Lucky Sport,348393335,0,,2039697481319,https://basket-14.wbbasket.ru/vol2189/part218945/218945692/images/big/1.webp
239,Спортивный товар,458,Лапы,212424370,ади-лапочка(злт),Adidas Лапы для тренировок,Lucky Sport,339644860,0,,2039558263436,https://basket-14.wbbasket.ru/vol2124/part212424/212424370/images/big/1.webp
239,Спортивный товар,458,Лапы,215882073,ади-бел(злт),Adidas Лапы для тренировок,Lucky Sport,344261228,0,,2039629601679,https://basket-14.wbbasket.ru/vol2158/part215882/215882073/images/big/1.webp
239,Спортивный товар,458,Лапы,218945690,евер-пю-лапа(син),"Everlast Лапа для тренировок (бокс, мма, юфс, единоборства)",Lucky Sport,348393333,0,,2039697479071,https://basket-14.wbbasket.ru/vol2189/part218945/218945690/images/big/1.webp
239,Спортивный товар,458,Лапы,243222383,лапочка-файртех,Fairtex Лапы для тренировок,Lucky Sport,381724700,0,,2040644416223,https://basket-16.wbbasket.ru/vol2432/part243222/243222383/images/big/1.webp
239,Спортивный товар,458,Лапы,214383006,Венум-лапа(орнж),Venum Лапа для тренировок,Lucky Sport,342233003,0,,2039599460443,https://basket-14.wbbasket.ru/vol2143/part214383/214383006/images/big/1.webp
239,Спортивный товар,4424,Лямки спортивные,397660659,крюк-сплошной,Лямки - крюки для турника и тяги штанги,,574704897,0,,2043761639889,https://basket-23.wbbasket.ru/vol3976/part397660/397660659/images/big/1.webp
239,Спортивный товар,1302,Мячи спортивные,209565556,пантера,Баскетбольный мяч MARVEL 7 размер,Lucky Sport,335629503,7,1,2039495229052,https://basket-14.wbbasket.ru/vol2095/part209565/209565556/images/big/1.webp
239,Спортивный товар,1302,Мячи спортивные,209565557,железный,Баскетбольный мяч MARVEL 7 размер,Lucky Sport,335629504,7,1,2039495230126,https://basket-14.wbbasket.ru/vol2095/part209565/209565557/images/big/1.webp
239,Спортивный товар,1302,Мячи спортивные,209565558,паук,Баскетбольный мяч MARVEL 7 размер,Lucky Sport,335629505,7,1,2039495235510,https://basket-14.wbbasket.ru/vol2095/part209565/209565558/images/big/1.webp
239,Спортивный товар,1302,Мячи спортивные,209565559,капитан,Баскетбольный мяч MARVEL 7 размер,Lucky Sport,335629506,7,1,2039495238962,https://basket-14.wbbasket.ru/vol2095/part209565/209565559/images/big/1.webp
239,Спортивный товар,1302,Мячи спортивные,209562985,пантера-без,Баскетбольный мяч MARVEL 7 размер для улицы,Lucky Sport,335626547,7,1,2039495187710,https://basket-14.wbbasket.ru/vol2095/part209562/209562985/images/big/1.webp
239,Спортивный товар,1302,Мячи спортивные,209562986,железный-без,Баскетбольный мяч MARVEL 7 размер для улицы,Lucky Sport,335626548,7,1,2039495214232,https://basket-14.wbbasket.ru/vol2095/part209562/209562986/images/big/1.webp
239,Спортивный товар,1302,Мячи спортивные,209562987,паук-без,Баскетбольный мяч MARVEL 7 размер для улицы,Lucky Sport,335626549,7,1,2039495214669,https://basket-14.wbbasket.ru/vol2095/part209562/209562987/images/big/1.webp
239,Спортивный товар,1302,Мячи спортивные,209562988,капитан-без,Баскетбольный мяч MARVEL 7 размер для улицы,Lucky Sport,335626550,7,1,2039495214812,https://basket-14.wbbasket.ru/vol2095/part209562/209562988/images/big/1.webp
239,Спортивный товар,1302,Мячи спортивные,208991955,молтен-ориг(в1),Баскетбольный мяч Molten для зала и улицы,Lucky Sport,334853116,7,"Диаметр 25,4 см",2039480686228,https://basket-14.wbbasket.ru/vol2089/part208991/208991955/images/big/1.webp
239,Спортивный товар,1302,Мячи спортивные,208991955,молтен-ориг(в1),Баскетбольный мяч Molten для зала и улицы,Lucky Sport,336138991,5,Диаметр 23 см,2039503552653,https://basket-14.wbbasket.ru/vol2089/part208991/208991955/images/big/1.webp
239,Спортивный товар,1302,Мячи спортивные,208991955,молтен-ориг(в1),Баскетбольный мяч Molten для зала и улицы,Lucky Sport,336138990,6,Диаметр 24 см,2039503552646,https://basket-14.wbbasket.ru/vol2089/part208991/208991955/images/big/1.webp
239,Спортивный товар,1302,Мячи спортивные,208993789,молтен-ориг (в2),Мяч баскетбольный для зала и улицы,Molten,334855453,7,"Диаметр 25,4 см",2039480731539,https://basket-14.wbbasket.ru/vol2089/part208993/208993789/images/big/1.webp
239,Спортивный товар,1302,Мячи спортивные,208993789,молтен-ориг (в2),Мяч баскетбольный для зала и улицы,Molten,336139717,6,Диаметр 24 см,2039503569149,https://basket-14.wbbasket.ru/vol2089/part208993/208993789/images/big/1.webp
239,Спортивный товар,1302,Мячи спортивные,208993789,молтен-ориг (в2),Мяч баскетбольный для зала и улицы,Molten,336139718,5,Диаметр 23 см,2039503569156,https://basket-14.wbbasket.ru/vol2089/part208993/208993789/images/big/1.webp
239,Спортивный товар,1302,Мячи спортивные,397051148,мяч-мюнхен,Мяч Adidas Munich '25 Final,Lucky Sport,573944735,5,680-700 мм,2043752146365,https://basket-23.wbbasket.ru/vol3970/part397051/397051148/images/big/1.webp
239,Спортивный товар,1302,Мячи спортивные,397051149,мяч-уефа-про,Мяч Adidas UEFA Champions League P R O 2025,Lucky Sport,573944736,5,680-700 мм,2043752158511,https://basket-23.wbbasket.ru/vol3970/part397051/397051149/images/big/1.webp
239,Спортивный товар,1302,Мячи спортивные,397051150,мяч-найк-ретро,Мяч Adidas UEFA Champions League P R O 2025,Lucky Sport,573944737,5,680-700 мм,2043752161436,https://basket-23.wbbasket.ru/vol3970/part397051/397051150/images/big/1.webp
239,Спортивный товар,1302,Мячи спортивные,219631459,бразука,Adidas Brazuca футбольный мяч,Lucky Sport,349368504,5,680-700 мм,2039720952915,https://basket-15.wbbasket.ru/vol2196/part219631/219631459/images/big/1.webp
239,Спортивный товар,1302,Мячи спортивные,243108031,евро24-мяч,adidas Fussballliebe Pro футбольный мяч евро 2024,Lucky Sport,381577130,5,680-700 мм,2040640456438,https://basket-16.wbbasket.ru/vol2431/part243108/243108031/images/big/1.webp
239,Спортивный товар,1302,Мячи спортивные,219631461,унифори(сер),Adidas Uniforia футбольный мяч,Lucky Sport,349368506,5,680-700 мм,2039720976393,https://basket-15.wbbasket.ru/vol2196/part219631/219631461/images/big/1.webp
239,Спортивный товар,1302,Мячи спортивные,219631462,унифори(бел),Adidas Uniforia футбольный мяч,Lucky Sport,349368507,5,680-700 мм,2039720977307,https://basket-15.wbbasket.ru/vol2196/part219631/219631462/images/big/1.webp
239,Спортивный товар,1302,Мячи спортивные,219631460,вижн,Vision Reposta футбольный мяч,Lucky Sport,349368505,5,680-700 мм,2039720968367,https://basket-15.wbbasket.ru/vol2196/part219631/219631460/images/big/1.webp
1605,Спортивные аксессуары,393,Наколенники,274837992,скейтвиз,Комплект защиты для скейтборда роликов и самоката,Lucky Sport,423863347,S,1,2041578481820,https://basket-17.wbbasket.ru/vol2748/part274837/274837992/images/big/1.webp
1605,Спортивные аксессуары,393,Наколенники,274837992,скейтвиз,Комплект защиты для скейтборда роликов и самоката,Lucky Sport,423863348,M,2,2041578481837,https://basket-17.wbbasket.ru/vol2748/part274837/274837992/images/big/1.webp
1605,Спортивные аксессуары,393,Наколенники,274837992,скейтвиз,Комплект защиты для скейтборда роликов и самоката,Lucky Sport,423863349,L,3,2041578481844,https://basket-17.wbbasket.ru/vol2748/part274837/274837992/images/big/1.webp
1605,Спортивные аксессуары,393,Наколенники,326993879,асикс-наколенники,"Наколенники для волейбола, танцев и гимнастики",ASICS,490853241,XL,XL см. таблицу,2042768095070,https://basket-19.wbbasket.ru/vol3269/part326993/326993879/images/big/1.webp
1605,Спортивные аксессуары,393,Наколенники,326993879,асикс-наколенники,"Наколенники для волейбола, танцев и гимнастики",ASICS,490853238,S,S см. таблицу,2042768095049,https://basket-19.wbbasket.ru/vol3269/part326993/326993879/images/big/1.webp
1605,Спортивные аксессуары,393,Наколенники,326993879,асикс-наколенники,"Наколенники для волейбола, танцев и гимнастики",ASICS,490853239,M,M см. таблицу,2042768095056,https://basket-19.wbbasket.ru/vol3269/part326993/326993879/images/big/1.webp
1605,Спортивные аксессуары,393,Наколенники,326993879,асикс-наколенники,"Наколенники для волейбола, танцев и гимнастики",ASICS,490853240,L,L см. таблицу,2042768095063,https://basket-19.wbbasket.ru/vol3269/part326993/326993879/images/big/1.webp
1605,Спортивные аксессуары,392,Налокотники,340646968,венум-налокотник(крсн),Налокотники спортивные для тайского бокса и мма,Venum,507296283,S/M,22-28,2042982115677,https://basket-20.wbbasket.ru/vol3406/part340646/340646968/images/big/1.webp
1605,Спортивные аксессуары,392,Налокотники,340646968,венум-налокотник(крсн),Налокотники спортивные для тайского бокса и мма,Venum,507296284,L/XL,26-32,2042982117404,https://basket-20.wbbasket.ru/vol3406/part340646/340646968/images/big/1.webp
1605,Спортивные аксессуары,392,Налокотники,340646969,венум-налокотники(син),Налокотники спортивные для тайского бокса и мма,Venum,507296285,S/M,22-28,2042982125133,https://basket-20.wbbasket.ru/vol3406/part340646/340646969/images/big/1.webp
1605,Спортивные аксессуары,392,Налокотники,340646969,венум-налокотники(син),Налокотники спортивные для тайского бокса и мма,Venum,507296286,L/XL,26-32,2042982125140,https://basket-20.wbbasket.ru/vol3406/part340646/340646969/images/big/1.webp
1605,Спортивные аксессуары,417,Нарукавники,429473334,лето-нарукавники,Нарукавники для плавания детские,,610868486,0,,2044210906422,https://basket-24.wbbasket.ru/vol4294/part429473/429473334/images/big/1.webp
7,Игрушки,120,Настольные игры для детей,158985094,001-001,Настольная семейная игра с капой скажи если сможешь,Челюсти,264533521,0,,2037758000998,https://basket-10.wbbasket.ru/vol1589/part158985/158985094/images/big/1.webp
4268,Здоровье,1938,Оздоровительная косметика,1333062546,гель-холод,"Гель-бальзам для суставов и мышц, обезболивающий",Chica Cosmetics,1976829550,0,,2054244933196,https://basket-45.wbbasket.ru/vol13330/part1333062/1333062546/images/big/1.webp
4268,Здоровье,1938,Оздоровительная косметика,1333032967,крем-сустав,Крем для суставов и мышц с пчелиным ядом,Chica Cosmetics,1976790835,0,,2054243966294,https://basket-45.wbbasket.ru/vol13330/part1333032/1333032967/images/big/1.webp
4268,Здоровье,1938,Оздоровительная косметика,1333054220,крем-антиакне,Крем от прыщей анти акне для лица точечный уход от воспалений и покраснений Sumifun 20 г,Chica Cosmetics,1976819509,0,,2054244844560,https://basket-45.wbbasket.ru/vol13330/part1333054/1333054220/images/big/1.webp
4268,Здоровье,1938,Оздоровительная косметика,1333020073,мазь-псориаз,"Мазь-крем при псориазе и зуде кожи, уход от раздражения и шелушения",Chica Cosmetics,1976766553,0,,2054243718510,https://basket-45.wbbasket.ru/vol13330/part1333020/1333020073/images/big/1.webp
4268,Здоровье,1938,Оздоровительная косметика,1309370638,пластырь-шея,"Обезболивающий пластырь для шеи и плеч , 12шт",SUMIFUN,1935844489,0,,2054065016917,https://basket-45.wbbasket.ru/vol13093/part1309370/1309370638/images/big/1.webp
4268,Здоровье,1938,Оздоровительная косметика,1309425598,пластырь-ментол,Обезболивающий пластырь с ментолом,SUMIFUN,1935912797,0,,2054065534428,https://basket-45.wbbasket.ru/vol13094/part1309425/1309425598/images/big/1.webp
4268,Здоровье,1938,Оздоровительная косметика,1309425599,пластырь-стопа,Пластыри для стоп и пяток при боли и растяжении,SUMIFUN,1935912798,0,,2054065530116,https://basket-45.wbbasket.ru/vol13094/part1309425/1309425599/images/big/1.webp
4268,Здоровье,1938,Оздоровительная косметика,1309329120,пластырь-колн,Пластырь обезболивающий для для колен и ног,SUMIFUN,1935792416,0,,2054064648942,https://basket-45.wbbasket.ru/vol13093/part1309329/1309329120/images/big/1.webp
4268,Здоровье,1938,Оздоровительная косметика,1309370637,пластырь-согр,"Пластырь согревающий обезболивающий для тела, суставов",SUMIFUN,1935844488,0,,2054064920352,https://basket-45.wbbasket.ru/vol13093/part1309370/1309370637/images/big/1.webp
1598,Хранение вещей,783,Органайзеры для хранения,185721327,органайзер-беж,Органайзер для хранения вещей,Lucky Mall,305291349,0,,2038876166665,https://basket-12.wbbasket.ru/vol1857/part185721/185721327/images/big/1.webp
49,Красота,354,Основы под макияж,1333097081,елф-праймер(син),"Праймер для лица, основа, база под макияж e.l.f.",e.l.f. Cosmetics,1976872916,0,,2054245230102,https://basket-45.wbbasket.ru/vol13330/part1333097/1333097081/images/big/1.webp
49,Красота,354,Основы под макияж,1333097082,елф-праймер(орнж),"Праймер для лица, основа, база под макияж e.l.f.",e.l.f. Cosmetics,1976872917,0,,2054245256935,https://basket-45.wbbasket.ru/vol13330/part1333097/1333097082/images/big/1.webp
49,Красота,354,Основы под макияж,1339197370,шт-тоналка(1),"Тональный крем база, основа для лица",CHARLOTTE TILBURY,1987784621,0,,2054335166366,https://basket-45.wbbasket.ru/vol13391/part1339197/1339197370/images/big/1.webp
49,Красота,354,Основы под макияж,1339197371,шт-тоналка(4),"Тональный крем база, основа для лица",CHARLOTTE TILBURY,1987784622,0,,2054335621216,https://basket-45.wbbasket.ru/vol13391/part1339197/1339197371/images/big/1.webp
49,Красота,354,Основы под макияж,1339197372,шт-тоналка(2),"Тональный крем база, основа для лица",CHARLOTTE TILBURY,1987784623,0,,2054335621292,https://basket-45.wbbasket.ru/vol13391/part1339197/1339197372/images/big/1.webp
49,Красота,354,Основы под макияж,1339197373,шт-тоналка(3),"Тональный крем база, основа для лица",CHARLOTTE TILBURY,1987784624,0,,2054335621407,https://basket-45.wbbasket.ru/vol13391/part1339197/1339197373/images/big/1.webp
1605,Спортивные аксессуары,921,Перчатки боксерские,253819157,венум-зел,Боксерские перчатки,Venum,396056098,10 oz,50-65 кг,2040960069035,https://basket-16.wbbasket.ru/vol2538/part253819/253819157/images/big/1.webp
1605,Спортивные аксессуары,921,Перчатки боксерские,253819157,венум-зел,Боксерские перчатки,Venum,396056099,12 oz,65-75 кг,2040960069042,https://basket-16.wbbasket.ru/vol2538/part253819/253819157/images/big/1.webp
1605,Спортивные аксессуары,921,Перчатки боксерские,253822050,венум-злт,Боксерские перчатки,Venum,396059879,12 oz,65-75 кг,2040960153246,https://basket-16.wbbasket.ru/vol2538/part253822/253822050/images/big/1.webp
1605,Спортивные аксессуары,921,Перчатки боксерские,253822050,венум-злт,Боксерские перчатки,Venum,396059878,10 oz,50-65 кг,2040960153239,https://basket-16.wbbasket.ru/vol2538/part253822/253822050/images/big/1.webp
1605,Спортивные аксессуары,921,Перчатки боксерские,208534735,перчатки-еверласт,Боксерские перчатки для бокса,Lucky Sport,334222356,12 oz,65-75 кг,2039471407917,https://basket-14.wbbasket.ru/vol2085/part208534/208534735/images/big/1.webp
1605,Спортивные аксессуары,921,Перчатки боксерские,208534735,перчатки-еверласт,Боксерские перчатки для бокса,Lucky Sport,334222355,10 oz,50-65 кг,2039471407900,https://basket-14.wbbasket.ru/vol2085/part208534/208534735/images/big/1.webp
1605,Спортивные аксессуары,921,Перчатки боксерские,208534735,перчатки-еверласт,Боксерские перчатки для бокса,Lucky Sport,334222357,14 oz,75-85 кг,2039471407924,https://basket-14.wbbasket.ru/vol2085/part208534/208534735/images/big/1.webp
1605,Спортивные аксессуары,921,Перчатки боксерские,208534735,перчатки-еверласт,Боксерские перчатки для бокса,Lucky Sport,334222358,16 oz,85 и более кг,2039471407931,https://basket-14.wbbasket.ru/vol2085/part208534/208534735/images/big/1.webp
1605,Спортивные аксессуары,921,Перчатки боксерские,208534735,перчатки-еверласт,Боксерские перчатки для бокса,Lucky Sport,334222352,4 oz,До 6 лет,2039471390998,https://basket-14.wbbasket.ru/vol2085/part208534/208534735/images/big/1.webp
1605,Спортивные аксессуары,921,Перчатки боксерские,208534735,перчатки-еверласт,Боксерские перчатки для бокса,Lucky Sport,334222353,6 oz,от 6 до 9 лет,2039471407887,https://basket-14.wbbasket.ru/vol2085/part208534/208534735/images/big/1.webp
1605,Спортивные аксессуары,921,Перчатки боксерские,208534735,перчатки-еверласт,Боксерские перчатки для бокса,Lucky Sport,334222354,8 oz,от 8 до 13 лет,2039471407894,https://basket-14.wbbasket.ru/vol2085/part208534/208534735/images/big/1.webp
1605,Спортивные аксессуары,921,Перчатки боксерские,211716472,Вело-перчи(крсн),Боксерские перчатки для бокса,Lucky Sport,338566251,10 oz,50-65 кг,2039541822268,https://basket-14.wbbasket.ru/vol2117/part211716/211716472/images/big/1.webp
1605,Спортивные аксессуары,921,Перчатки боксерские,211716472,Вело-перчи(крсн),Боксерские перчатки для бокса,Lucky Sport,338566252,12 oz,65-75 кг,2039541822275,https://basket-14.wbbasket.ru/vol2117/part211716/211716472/images/big/1.webp
1605,Спортивные аксессуары,921,Перчатки боксерские,213207641,Вело-перчи(син),Боксерские перчатки для бокса,Lucky Sport,340704694,10 oz,50-65 кг,2039573612479,https://basket-14.wbbasket.ru/vol2132/part213207/213207641/images/big/1.webp
1605,Спортивные аксессуары,921,Перчатки боксерские,213207641,Вело-перчи(син),Боксерские перчатки для бокса,Lucky Sport,340704695,12 oz,65-75 кг,2039573612486,https://basket-14.wbbasket.ru/vol2132/part213207/213207641/images/big/1.webp
1605,Спортивные аксессуары,921,Перчатки боксерские,214184148,евер-перчи(син),Боксерские перчатки для бокса,Lucky Sport,341961967,12 oz,65-75 кг,2039590223788,https://basket-14.wbbasket.ru/vol2141/part214184/214184148/images/big/1.webp
1605,Спортивные аксессуары,921,Перчатки боксерские,214184148,евер-перчи(син),Боксерские перчатки для бокса,Lucky Sport,341961966,10 oz,50-65 кг,2039590223771,https://basket-14.wbbasket.ru/vol2141/part214184/214184148/images/big/1.webp
1605,Спортивные аксессуары,921,Перчатки боксерские,214184148,евер-перчи(син),Боксерские перчатки для бокса,Lucky Sport,341961968,14 oz,75-85 кг,2039590223795,https://basket-14.wbbasket.ru/vol2141/part214184/214184148/images/big/1.webp
1605,Спортивные аксессуары,921,Перчатки боксерские,214184148,евер-перчи(син),Боксерские перчатки для бокса,Lucky Sport,341961969,16 oz,85 и более кг,2039590223801,https://basket-14.wbbasket.ru/vol2141/part214184/214184148/images/big/1.webp
1605,Спортивные аксессуары,921,Перчатки боксерские,214184148,евер-перчи(син),Боксерские перчатки для бокса,Lucky Sport,341961970,4 oz,До 6 лет,2039590223818,https://basket-14.wbbasket.ru/vol2141/part214184/214184148/images/big/1.webp
1605,Спортивные аксессуары,921,Перчатки боксерские,214184148,евер-перчи(син),Боксерские перчатки для бокса,Lucky Sport,341961971,6 oz,от 6 до 9 лет,2039590223825,https://basket-14.wbbasket.ru/vol2141/part214184/214184148/images/big/1.webp
1605,Спортивные аксессуары,921,Перчатки боксерские,214184148,евер-перчи(син),Боксерские перчатки для бокса,Lucky Sport,341961972,8 oz,от 8 до 13 лет,2039590223832,https://basket-14.wbbasket.ru/vol2141/part214184/214184148/images/big/1.webp
1605,Спортивные аксессуары,921,Перчатки боксерские,214367170,евер-перчи(крсн),Боксерские перчатки для бокса,Lucky Sport,342213195,10 oz,50-65 кг,2039599216316,https://basket-14.wbbasket.ru/vol2143/part214367/214367170/images/big/1.webp
1605,Спортивные аксессуары,921,Перчатки боксерские,214367170,евер-перчи(крсн),Боксерские перчатки для бокса,Lucky Sport,342213196,12 oz,65-75 кг,2039599216323,https://basket-14.wbbasket.ru/vol2143/part214367/214367170/images/big/1.webp
1605,Спортивные аксессуары,921,Перчатки боксерские,214367170,евер-перчи(крсн),Боксерские перчатки для бокса,Lucky Sport,342213197,14 oz,75-85 кг,2039599216330,https://basket-14.wbbasket.ru/vol2143/part214367/214367170/images/big/1.webp
1605,Спортивные аксессуары,921,Перчатки боксерские,214367170,евер-перчи(крсн),Боксерские перчатки для бокса,Lucky Sport,342213198,16 oz,85 и более кг,2039599216347,https://basket-14.wbbasket.ru/vol2143/part214367/214367170/images/big/1.webp
1605,Спортивные аксессуары,921,Перчатки боксерские,214367170,евер-перчи(крсн),Боксерские перчатки для бокса,Lucky Sport,342213199,4 oz,До 6 лет,2039599216354,https://basket-14.wbbasket.ru/vol2143/part214367/214367170/images/big/1.webp
1605,Спортивные аксессуары,921,Перчатки боксерские,214367170,евер-перчи(крсн),Боксерские перчатки для бокса,Lucky Sport,342213200,6 oz,от 6 до 9 лет,2039599216361,https://basket-14.wbbasket.ru/vol2143/part214367/214367170/images/big/1.webp
1605,Спортивные аксессуары,921,Перчатки боксерские,214367170,евер-перчи(крсн),Боксерские перчатки для бокса,Lucky Sport,342213201,8 oz,от 8 до 13 лет,2039599216378,https://basket-14.wbbasket.ru/vol2143/part214367/214367170/images/big/1.webp
1605,Спортивные аксессуары,921,Перчатки боксерские,217469270,ади-пю-перч(син),Боксерские перчатки для бокса,Lucky Sport,346400134,12 oz,65-75 кг,2039660878207,https://basket-14.wbbasket.ru/vol2174/part217469/217469270/images/big/1.webp
1605,Спортивные аксессуары,921,Перчатки боксерские,217469270,ади-пю-перч(син),Боксерские перчатки для бокса,Lucky Sport,346400133,10 oz,50-65 кг,2039660878191,https://basket-14.wbbasket.ru/vol2174/part217469/217469270/images/big/1.webp
1605,Спортивные аксессуары,921,Перчатки боксерские,217469270,ади-пю-перч(син),Боксерские перчатки для бокса,Lucky Sport,346400136,16 oz,85+ кг,2039660878221,https://basket-14.wbbasket.ru/vol2174/part217469/217469270/images/big/1.webp
1605,Спортивные аксессуары,921,Перчатки боксерские,217469270,ади-пю-перч(син),Боксерские перчатки для бокса,Lucky Sport,346400135,14 oz,75-85 кг,2039660878214,https://basket-14.wbbasket.ru/vol2174/part217469/217469270/images/big/1.webp
1605,Спортивные аксессуары,921,Перчатки боксерские,217469270,ади-пю-перч(син),Боксерские перчатки для бокса,Lucky Sport,346400130,4 oz,до 6 лет,2039660878160,https://basket-14.wbbasket.ru/vol2174/part217469/217469270/images/big/1.webp
1605,Спортивные аксессуары,921,Перчатки боксерские,217469270,ади-пю-перч(син),Боксерские перчатки для бокса,Lucky Sport,346400131,6 oz,от 6 до 9 лет,2039660878177,https://basket-14.wbbasket.ru/vol2174/part217469/217469270/images/big/1.webp
1605,Спортивные аксессуары,921,Перчатки боксерские,217469270,ади-пю-перч(син),Боксерские перчатки для бокса,Lucky Sport,346400132,8 oz,от 8 до 13 лет,2039660878184,https://basket-14.wbbasket.ru/vol2174/part217469/217469270/images/big/1.webp
1605,Спортивные аксессуары,921,Перчатки боксерские,217625479,ади-пю-перч(крсн),Боксерские перчатки для бокса,Lucky Sport,346617733,8 oz,от 8 до 13 лет,2039666559711,https://basket-14.wbbasket.ru/vol2176/part217625/217625479/images/big/1.webp
1605,Спортивные аксессуары,921,Перчатки боксерские,217625479,ади-пю-перч(крсн),Боксерские перчатки для бокса,Lucky Sport,346617732,14 oz,75-85 кг,2039666559704,https://basket-14.wbbasket.ru/vol2176/part217625/217625479/images/big/1.webp
1605,Спортивные аксессуары,921,Перчатки боксерские,217625479,ади-пю-перч(крсн),Боксерские перчатки для бокса,Lucky Sport,346617730,10 oz,50-65 кг,2039666559681,https://basket-14.wbbasket.ru/vol2176/part217625/217625479/images/big/1.webp
1605,Спортивные аксессуары,921,Перчатки боксерские,217625479,ади-пю-перч(крсн),Боксерские перчатки для бокса,Lucky Sport,346617731,12 oz,65-75 кг,2039666559698,https://basket-14.wbbasket.ru/vol2176/part217625/217625479/images/big/1.webp
1605,Спортивные аксессуары,921,Перчатки боксерские,219448048,ади-пю-перч(чрн),Боксерские перчатки для бокса,Lucky Sport,349104897,10 oz,50-65 кг,2039716858610,https://basket-15.wbbasket.ru/vol2194/part219448/219448048/images/big/1.webp
1605,Спортивные аксессуары,921,Перчатки боксерские,219448048,ади-пю-перч(чрн),Боксерские перчатки для бокса,Lucky Sport,349104898,12 oz,65-75 кг,2039716858627,https://basket-15.wbbasket.ru/vol2194/part219448/219448048/images/big/1.webp
1605,Спортивные аксессуары,921,Перчатки боксерские,219448048,ади-пю-перч(чрн),Боксерские перчатки для бокса,Lucky Sport,349104899,14 oz,75-85 кг,2039716858634,https://basket-15.wbbasket.ru/vol2194/part219448/219448048/images/big/1.webp
1605,Спортивные аксессуары,921,Перчатки боксерские,219448048,ади-пю-перч(чрн),Боксерские перчатки для бокса,Lucky Sport,349104900,8 oz,от 8 до 13 лет,2039716858641,https://basket-15.wbbasket.ru/vol2194/part219448/219448048/images/big/1.webp
1605,Спортивные аксессуары,921,Перчатки боксерские,344856671,венум-пю(бел),Боксерские перчатки для бокса,Venum,512253565,10 oz,50-65 кг,2043042536968,https://basket-20.wbbasket.ru/vol3448/part344856/344856671/images/big/1.webp
1605,Спортивные аксессуары,921,Перчатки боксерские,344856671,венум-пю(бел),Боксерские перчатки для бокса,Venum,512253566,12 oz,65-75 кг,2043042536975,https://basket-20.wbbasket.ru/vol3448/part344856/344856671/images/big/1.webp
1605,Спортивные аксессуары,921,Перчатки боксерские,344856671,венум-пю(бел),Боксерские перчатки для бокса,Venum,512253567,14 oz,75-85 кг,2043042536982,https://basket-20.wbbasket.ru/vol3448/part344856/344856671/images/big/1.webp
1605,Спортивные аксессуары,921,Перчатки боксерские,344856671,венум-пю(бел),Боксерские перчатки для бокса,Venum,512253568,16 oz,85 и более кг,2043042536999,https://basket-20.wbbasket.ru/vol3448/part344856/344856671/images/big/1.webp
1605,Спортивные аксессуары,921,Перчатки боксерские,344856671,венум-пю(бел),Боксерские перчатки для бокса,Venum,512253569,4 oz,До 6 лет,2043042537002,https://basket-20.wbbasket.ru/vol3448/part344856/344856671/images/big/1.webp
1605,Спортивные аксессуары,921,Перчатки боксерские,344856671,венум-пю(бел),Боксерские перчатки для бокса,Venum,512253570,6 oz,от 6 до 9 лет,2043042537019,https://basket-20.wbbasket.ru/vol3448/part344856/344856671/images/big/1.webp
1605,Спортивные аксессуары,921,Перчатки боксерские,344856671,венум-пю(бел),Боксерские перчатки для бокса,Venum,512253571,8 oz,от 8 до 13 лет,2043042537026,https://basket-20.wbbasket.ru/vol3448/part344856/344856671/images/big/1.webp
1605,Спортивные аксессуары,921,Перчатки боксерские,344856672,венум-пю(син),Боксерские перчатки для бокса,Venum,512253572,10 oz,50-65 кг,2043042591431,https://basket-20.wbbasket.ru/vol3448/part344856/344856672/images/big/1.webp
1605,Спортивные аксессуары,921,Перчатки боксерские,344856672,венум-пю(син),Боксерские перчатки для бокса,Venum,512253573,12 oz,65-75 кг,2043042591448,https://basket-20.wbbasket.ru/vol3448/part344856/344856672/images/big/1.webp
1605,Спортивные аксессуары,921,Перчатки боксерские,344856672,венум-пю(син),Боксерские перчатки для бокса,Venum,512253574,14 oz,75-85 кг,2043042591455,https://basket-20.wbbasket.ru/vol3448/part344856/344856672/images/big/1.webp
1605,Спортивные аксессуары,921,Перчатки боксерские,344856672,венум-пю(син),Боксерские перчатки для бокса,Venum,512253575,16 oz,85 и более кг,2043042591462,https://basket-20.wbbasket.ru/vol3448/part344856/344856672/images/big/1.webp
1605,Спортивные аксессуары,921,Перчатки боксерские,344856672,венум-пю(син),Боксерские перчатки для бокса,Venum,512253576,4 oz,До 6 лет,2043042591479,https://basket-20.wbbasket.ru/vol3448/part344856/344856672/images/big/1.webp
1605,Спортивные аксессуары,921,Перчатки боксерские,344856672,венум-пю(син),Боксерские перчатки для бокса,Venum,512253577,6 oz,от 6 до 9 лет,2043042591486,https://basket-20.wbbasket.ru/vol3448/part344856/344856672/images/big/1.webp
1605,Спортивные аксессуары,921,Перчатки боксерские,344856672,венум-пю(син),Боксерские перчатки для бокса,Venum,512253578,8 oz,от 8 до 13 лет,2043042591493,https://basket-20.wbbasket.ru/vol3448/part344856/344856672/images/big/1.webp
1605,Спортивные аксессуары,921,Перчатки боксерские,344856673,венум-пю(чер),Боксерские перчатки для бокса,Venum,512253579,10 oz,50-65 кг,2043042595262,https://basket-20.wbbasket.ru/vol3448/part344856/344856673/images/big/1.webp
1605,Спортивные аксессуары,921,Перчатки боксерские,344856673,венум-пю(чер),Боксерские перчатки для бокса,Venum,512253580,12 oz,65-75 кг,2043042595279,https://basket-20.wbbasket.ru/vol3448/part344856/344856673/images/big/1.webp
1605,Спортивные аксессуары,921,Перчатки боксерские,344856673,венум-пю(чер),Боксерские перчатки для бокса,Venum,512253581,14 oz,75-85 кг,2043042595286,https://basket-20.wbbasket.ru/vol3448/part344856/344856673/images/big/1.webp
1605,Спортивные аксессуары,921,Перчатки боксерские,344856673,венум-пю(чер),Боксерские перчатки для бокса,Venum,512253582,16 oz,85 и более кг,2043042595293,https://basket-20.wbbasket.ru/vol3448/part344856/344856673/images/big/1.webp
1605,Спортивные аксессуары,921,Перчатки боксерские,344856673,венум-пю(чер),Боксерские перчатки для бокса,Venum,512253583,4 oz,До 6 лет,2043042595309,https://basket-20.wbbasket.ru/vol3448/part344856/344856673/images/big/1.webp
1605,Спортивные аксессуары,921,Перчатки боксерские,344856673,венум-пю(чер),Боксерские перчатки для бокса,Venum,512253584,6 oz,от 6 до 9 лет,2043042595316,https://basket-20.wbbasket.ru/vol3448/part344856/344856673/images/big/1.webp
1605,Спортивные аксессуары,921,Перчатки боксерские,344856673,венум-пю(чер),Боксерские перчатки для бокса,Venum,512253585,8 oz,от 8 до 13 лет,2043042595323,https://basket-20.wbbasket.ru/vol3448/part344856/344856673/images/big/1.webp
1605,Спортивные аксессуары,921,Перчатки боксерские,347975119,рдкс(крсн),Боксерские перчатки для единоборств и спаррингов,RDX,515789064,10 oz,50-65кг,2043087343941,https://basket-20.wbbasket.ru/vol3479/part347975/347975119/images/big/1.webp
1605,Спортивные аксессуары,921,Перчатки боксерские,347975119,рдкс(крсн),Боксерские перчатки для единоборств и спаррингов,RDX,515789065,12 oz,65-75 кг,2043087343958,https://basket-20.wbbasket.ru/vol3479/part347975/347975119/images/big/1.webp
1605,Спортивные аксессуары,921,Перчатки боксерские,347975119,рдкс(крсн),Боксерские перчатки для единоборств и спаррингов,RDX,515789066,14 oz,75-85 кг,2043087343965,https://basket-20.wbbasket.ru/vol3479/part347975/347975119/images/big/1.webp
1605,Спортивные аксессуары,921,Перчатки боксерские,347975119,рдкс(крсн),Боксерские перчатки для единоборств и спаррингов,RDX,515789067,16 oz,85+ кг,2043087343972,https://basket-20.wbbasket.ru/vol3479/part347975/347975119/images/big/1.webp
1605,Спортивные аксессуары,921,Перчатки боксерские,347975120,рдкс(син),Боксерские перчатки для единоборств и спаррингов,RDX,515789068,10 oz,50-65кг,2043087351496,https://basket-20.wbbasket.ru/vol3479/part347975/347975120/images/big/1.webp
1605,Спортивные аксессуары,921,Перчатки боксерские,347975120,рдкс(син),Боксерские перчатки для единоборств и спаррингов,RDX,515789069,12 oz,65-75 кг,2043087351502,https://basket-20.wbbasket.ru/vol3479/part347975/347975120/images/big/1.webp
1605,Спортивные аксессуары,921,Перчатки боксерские,347975120,рдкс(син),Боксерские перчатки для единоборств и спаррингов,RDX,515789070,14 oz,75-85 кг,2043087351519,https://basket-20.wbbasket.ru/vol3479/part347975/347975120/images/big/1.webp
1605,Спортивные аксессуары,921,Перчатки боксерские,347975120,рдкс(син),Боксерские перчатки для единоборств и спаррингов,RDX,515789071,16 oz,85+ кг,2043087351526,https://basket-20.wbbasket.ru/vol3479/part347975/347975120/images/big/1.webp
1605,Спортивные аксессуары,921,Перчатки боксерские,214242573,бука-зел,Перчатки для бокса кожаный,Lucky Sport,342183910,8 oz,от 8 до 13 лет,2039598773117,https://basket-14.wbbasket.ru/vol2142/part214242/214242573/images/big/1.webp
1605,Спортивные аксессуары,921,Перчатки боксерские,214242573,бука-зел,Перчатки для бокса кожаный,Lucky Sport,342040759,12 oz,65-75 кг,2039595666108,https://basket-14.wbbasket.ru/vol2142/part214242/214242573/images/big/1.webp
1605,Спортивные аксессуары,921,Перчатки боксерские,214242573,бука-зел,Перчатки для бокса кожаный,Lucky Sport,342040761,16 oz,85 и более кг,2039595666122,https://basket-14.wbbasket.ru/vol2142/part214242/214242573/images/big/1.webp
1605,Спортивные аксессуары,921,Перчатки боксерские,214242573,бука-зел,Перчатки для бокса кожаный,Lucky Sport,342040758,10 oz,50-65кг,2039595666092,https://basket-14.wbbasket.ru/vol2142/part214242/214242573/images/big/1.webp
1605,Спортивные аксессуары,921,Перчатки боксерские,214242573,бука-зел,Перчатки для бокса кожаный,Lucky Sport,342040760,14 oz,75-85 кг,2039595666115,https://basket-14.wbbasket.ru/vol2142/part214242/214242573/images/big/1.webp
1605,Спортивные аксессуары,921,Перчатки боксерские,214448982,казахстан,Перчатки для бокса кожаный,Lucky Sport,342319651,10 oz,50-65кг,2039601067738,https://basket-14.wbbasket.ru/vol2144/part214448/214448982/images/big/1.webp
1605,Спортивные аксессуары,921,Перчатки боксерские,214448982,казахстан,Перчатки для бокса кожаный,Lucky Sport,342319652,12 oz,65-75 кг,2039601067745,https://basket-14.wbbasket.ru/vol2144/part214448/214448982/images/big/1.webp
1605,Спортивные аксессуары,921,Перчатки боксерские,214448982,казахстан,Перчатки для бокса кожаный,Lucky Sport,342319653,14 oz,75-85 кг,2039601067752,https://basket-14.wbbasket.ru/vol2144/part214448/214448982/images/big/1.webp
1605,Спортивные аксессуары,921,Перчатки боксерские,214448982,казахстан,Перчатки для бокса кожаный,Lucky Sport,342319654,16 oz,85 и более кг,2039601067769,https://basket-14.wbbasket.ru/vol2144/part214448/214448982/images/big/1.webp
1605,Спортивные аксессуары,921,Перчатки боксерские,214448982,казахстан,Перчатки для бокса кожаный,Lucky Sport,342319655,8 oz,от 8 до 13 лет,2039601067776,https://basket-14.wbbasket.ru/vol2144/part214448/214448982/images/big/1.webp
1605,Спортивные аксессуары,921,Перчатки боксерские,217469870,символы(крсн),Перчатки для бокса кожаный,Lucky Sport,346401162,10 oz,50-65кг,2039660886714,https://basket-14.wbbasket.ru/vol2174/part217469/217469870/images/big/1.webp
1605,Спортивные аксессуары,921,Перчатки боксерские,217469870,символы(крсн),Перчатки для бокса кожаный,Lucky Sport,346401163,12 oz,65-75 кг,2039660886721,https://basket-14.wbbasket.ru/vol2174/part217469/217469870/images/big/1.webp
1605,Спортивные аксессуары,921,Перчатки боксерские,217469870,символы(крсн),Перчатки для бокса кожаный,Lucky Sport,346401164,14 oz,75-85 кг,2039660886738,https://basket-14.wbbasket.ru/vol2174/part217469/217469870/images/big/1.webp
1605,Спортивные аксессуары,921,Перчатки боксерские,217469870,символы(крсн),Перчатки для бокса кожаный,Lucky Sport,346401165,16 oz,85 и более кг,2039660886745,https://basket-14.wbbasket.ru/vol2174/part217469/217469870/images/big/1.webp
1605,Спортивные аксессуары,921,Перчатки боксерские,217469870,символы(крсн),Перчатки для бокса кожаный,Lucky Sport,346401166,8 oz,от 8 до 13 лет,2039660886752,https://basket-14.wbbasket.ru/vol2174/part217469/217469870/images/big/1.webp
1605,Спортивные аксессуары,921,Перчатки боксерские,217469871,символы(чрн),Перчатки для бокса кожаный,Lucky Sport,346401167,10 oz,50-65кг,2039660893323,https://basket-14.wbbasket.ru/vol2174/part217469/217469871/images/big/1.webp
1605,Спортивные аксессуары,921,Перчатки боксерские,217469871,символы(чрн),Перчатки для бокса кожаный,Lucky Sport,346401169,14 oz,75-85 кг,2039660893347,https://basket-14.wbbasket.ru/vol2174/part217469/217469871/images/big/1.webp
1605,Спортивные аксессуары,921,Перчатки боксерские,217469871,символы(чрн),Перчатки для бокса кожаный,Lucky Sport,346401170,16 oz,85 и более кг,2039660893354,https://basket-14.wbbasket.ru/vol2174/part217469/217469871/images/big/1.webp
1605,Спортивные аксессуары,921,Перчатки боксерские,217469871,символы(чрн),Перчатки для бокса кожаный,Lucky Sport,346401171,8 oz,от 8 до 13 лет,2039660893361,https://basket-14.wbbasket.ru/vol2174/part217469/217469871/images/big/1.webp
1605,Спортивные аксессуары,921,Перчатки боксерские,217469871,символы(чрн),Перчатки для бокса кожаный,Lucky Sport,346401168,12 oz,65-75 кг,2039660893330,https://basket-14.wbbasket.ru/vol2174/part217469/217469871/images/big/1.webp
1605,Спортивные аксессуары,921,Перчатки боксерские,214242572,Ади-натурал,"Перчатки для бокса кожаный (спарринг, тренировка, айба)",Lucky Sport,342040754,10 oz,50-65кг,2039595659551,https://basket-14.wbbasket.ru/vol2142/part214242/214242572/images/big/1.webp
1605,Спортивные аксессуары,921,Перчатки боксерские,214242572,Ади-натурал,"Перчатки для бокса кожаный (спарринг, тренировка, айба)",Lucky Sport,342040756,14 oz,75-85 кг,2039595659575,https://basket-14.wbbasket.ru/vol2142/part214242/214242572/images/big/1.webp
1605,Спортивные аксессуары,921,Перчатки боксерские,214242572,Ади-натурал,"Перчатки для бокса кожаный (спарринг, тренировка, айба)",Lucky Sport,342040755,12 oz,65-75 кг,2039595659568,https://basket-14.wbbasket.ru/vol2142/part214242/214242572/images/big/1.webp
1605,Спортивные аксессуары,921,Перчатки боксерские,214242572,Ади-натурал,"Перчатки для бокса кожаный (спарринг, тренировка, айба)",Lucky Sport,342183909,8 oz,от 8 до 13 лет,2039598773155,https://basket-14.wbbasket.ru/vol2142/part214242/214242572/images/big/1.webp
1605,Спортивные аксессуары,921,Перчатки боксерские,214242572,Ади-натурал,"Перчатки для бокса кожаный (спарринг, тренировка, айба)",Lucky Sport,342040757,16 oz,85 и более кг,2039595659582,https://basket-14.wbbasket.ru/vol2142/part214242/214242572/images/big/1.webp
1605,Спортивные аксессуары,921,Перчатки боксерские,347153435,бэдбой(черн),Перчатки BADBOY для тайского бокса,BadBoy,514850375,10 oz,50-65 кг,2043076963617,https://basket-20.wbbasket.ru/vol3471/part347153/347153435/images/big/1.webp
1605,Спортивные аксессуары,921,Перчатки боксерские,347153435,бэдбой(черн),Перчатки BADBOY для тайского бокса,BadBoy,514850376,12 oz,65-75 кг,2043076963624,https://basket-20.wbbasket.ru/vol3471/part347153/347153435/images/big/1.webp
1605,Спортивные аксессуары,921,Перчатки боксерские,347153435,бэдбой(черн),Перчатки BADBOY для тайского бокса,BadBoy,514850377,14 oz,75-85 кг,2043076963631,https://basket-20.wbbasket.ru/vol3471/part347153/347153435/images/big/1.webp
1605,Спортивные аксессуары,921,Перчатки боксерские,347153435,бэдбой(черн),Перчатки BADBOY для тайского бокса,BadBoy,514850378,16 oz,85+ кг,2043076963785,https://basket-20.wbbasket.ru/vol3471/part347153/347153435/images/big/1.webp
1605,Спортивные аксессуары,921,Перчатки боксерские,347153437,бэдбой(син),Перчатки BADBOY для тайского бокса,Bad boy,514850380,10 oz,50-65 кг,2043076990002,https://basket-20.wbbasket.ru/vol3471/part347153/347153437/images/big/1.webp
1605,Спортивные аксессуары,921,Перчатки боксерские,347153437,бэдбой(син),Перчатки BADBOY для тайского бокса,Bad boy,514850381,12 oz,65-75 кг,2043076990019,https://basket-20.wbbasket.ru/vol3471/part347153/347153437/images/big/1.webp
1605,Спортивные аксессуары,921,Перчатки боксерские,347153437,бэдбой(син),Перчатки BADBOY для тайского бокса,Bad boy,514850382,14 oz,75-85 кг,2043076990026,https://basket-20.wbbasket.ru/vol3471/part347153/347153437/images/big/1.webp
1605,Спортивные аксессуары,921,Перчатки боксерские,347153437,бэдбой(син),Перчатки BADBOY для тайского бокса,Bad boy,514850383,16 oz,85+ кг,2043076990033,https://basket-20.wbbasket.ru/vol3471/part347153/347153437/images/big/1.webp
1605,Спортивные аксессуары,921,Перчатки боксерские,242886079,юфс-мма(бел),Черепашки для единоборств UFC (мма),Lucky Sport,381255212,L,21-22 см,2040634002894,https://basket-16.wbbasket.ru/vol2428/part242886/242886079/images/big/1.webp
1605,Спортивные аксессуары,921,Перчатки боксерские,242886079,юфс-мма(бел),Черепашки для единоборств UFC (мма),Lucky Sport,381255211,M,20-21 см,2040634002887,https://basket-16.wbbasket.ru/vol2428/part242886/242886079/images/big/1.webp
1605,Спортивные аксессуары,921,Перчатки боксерские,242886079,юфс-мма(бел),Черепашки для единоборств UFC (мма),Lucky Sport,381255210,S,19-20 см,2040634002870,https://basket-16.wbbasket.ru/vol2428/part242886/242886079/images/big/1.webp
1605,Спортивные аксессуары,921,Перчатки боксерские,242886079,юфс-мма(бел),Черепашки для единоборств UFC (мма),Lucky Sport,381255213,XL,22+ см,2040634002900,https://basket-16.wbbasket.ru/vol2428/part242886/242886079/images/big/1.webp
1605,Спортивные аксессуары,921,Перчатки боксерские,242886080,юфс-мма(крсн),Черепашки для единоборств UFC (мма),Lucky Sport,381255214,S,19-20 см,2040634005390,https://basket-16.wbbasket.ru/vol2428/part242886/242886080/images/big/1.webp
1605,Спортивные аксессуары,921,Перчатки боксерские,242886080,юфс-мма(крсн),Черепашки для единоборств UFC (мма),Lucky Sport,381255217,XL,22+ см,2040634005420,https://basket-16.wbbasket.ru/vol2428/part242886/242886080/images/big/1.webp
1605,Спортивные аксессуары,921,Перчатки боксерские,242886080,юфс-мма(крсн),Черепашки для единоборств UFC (мма),Lucky Sport,381255216,L,21-22 см,2040634005413,https://basket-16.wbbasket.ru/vol2428/part242886/242886080/images/big/1.webp
1605,Спортивные аксессуары,921,Перчатки боксерские,242886080,юфс-мма(крсн),Черепашки для единоборств UFC (мма),Lucky Sport,381255215,M,20-21 см,2040634005406,https://basket-16.wbbasket.ru/vol2428/part242886/242886080/images/big/1.webp
1605,Спортивные аксессуары,921,Перчатки боксерские,242886081,юфс-мма(син),Черепашки для единоборств UFC (мма),Lucky Sport,381255220,L,21-22 см,2040634008773,https://basket-16.wbbasket.ru/vol2428/part242886/242886081/images/big/1.webp
1605,Спортивные аксессуары,921,Перчатки боксерские,242886081,юфс-мма(син),Черепашки для единоборств UFC (мма),Lucky Sport,381255219,M,20-21 см,2040634008766,https://basket-16.wbbasket.ru/vol2428/part242886/242886081/images/big/1.webp
1605,Спортивные аксессуары,921,Перчатки боксерские,242886081,юфс-мма(син),Черепашки для единоборств UFC (мма),Lucky Sport,381255218,S,19-20 см,2040634008759,https://basket-16.wbbasket.ru/vol2428/part242886/242886081/images/big/1.webp
1605,Спортивные аксессуары,921,Перчатки боксерские,242886081,юфс-мма(син),Черепашки для единоборств UFC (мма),Lucky Sport,381255221,XL,22+ см,2040634008780,https://basket-16.wbbasket.ru/vol2428/part242886/242886081/images/big/1.webp
1605,Спортивные аксессуары,921,Перчатки боксерские,242886082,юфс-мма(черн),Черепашки для единоборств UFC (мма),Lucky Sport,381255224,L,21-22 см,2040634010820,https://basket-16.wbbasket.ru/vol2428/part242886/242886082/images/big/1.webp
1605,Спортивные аксессуары,921,Перчатки боксерские,242886082,юфс-мма(черн),Черепашки для единоборств UFC (мма),Lucky Sport,381255223,M,20-21 см,2040634010813,https://basket-16.wbbasket.ru/vol2428/part242886/242886082/images/big/1.webp
1605,Спортивные аксессуары,921,Перчатки боксерские,242886082,юфс-мма(черн),Черепашки для единоборств UFC (мма),Lucky Sport,381255222,S,19-20 см,2040634010806,https://basket-16.wbbasket.ru/vol2428/part242886/242886082/images/big/1.webp
1605,Спортивные аксессуары,921,Перчатки боксерские,242886082,юфс-мма(черн),Черепашки для единоборств UFC (мма),Lucky Sport,381255225,XL,22+ см,2040634010837,https://basket-16.wbbasket.ru/vol2428/part242886/242886082/images/big/1.webp
1605,Спортивные аксессуары,921,Перчатки боксерские,217626313,ади-натурал(чрн),Adidas Перчатки для бокса кожаный,Lucky Sport,346618606,10 oz,50-65кг,2039666569482,https://basket-14.wbbasket.ru/vol2176/part217626/217626313/images/big/1.webp
1605,Спортивные аксессуары,921,Перчатки боксерские,217626313,ади-натурал(чрн),Adidas Перчатки для бокса кожаный,Lucky Sport,346618608,12 oz,65-75 кг,2039666569499,https://basket-14.wbbasket.ru/vol2176/part217626/217626313/images/big/1.webp
1605,Спортивные аксессуары,921,Перчатки боксерские,217626313,ади-натурал(чрн),Adidas Перчатки для бокса кожаный,Lucky Sport,346618609,14 oz,75-85 кг,2039666569505,https://basket-14.wbbasket.ru/vol2176/part217626/217626313/images/big/1.webp
1605,Спортивные аксессуары,921,Перчатки боксерские,217626313,ади-натурал(чрн),Adidas Перчатки для бокса кожаный,Lucky Sport,346618611,16 oz,85 и более кг,2039666569512,https://basket-14.wbbasket.ru/vol2176/part217626/217626313/images/big/1.webp
1605,Спортивные аксессуары,921,Перчатки боксерские,217626313,ади-натурал(чрн),Adidas Перчатки для бокса кожаный,Lucky Sport,346618614,8 oz,от 8 до 13 лет,2039666569529,https://basket-14.wbbasket.ru/vol2176/part217626/217626313/images/big/1.webp
1605,Спортивные аксессуары,921,Перчатки боксерские,250336394,ади-натурал(крсн),Adidas Перчатки для бокса кожаный,Lucky Sport,391504795,10 oz,50-65кг,2040870862337,https://basket-16.wbbasket.ru/vol2503/part250336/250336394/images/big/1.webp
1605,Спортивные аксессуары,921,Перчатки боксерские,250336394,ади-натурал(крсн),Adidas Перчатки для бокса кожаный,Lucky Sport,391504796,12 oz,65-75 кг,2040870862344,https://basket-16.wbbasket.ru/vol2503/part250336/250336394/images/big/1.webp
1605,Спортивные аксессуары,921,Перчатки боксерские,217469873,клинч-рус,Clinch Перчатки для бокса кожаный,Lucky Sport,346401180,16 oz,85 и более кг,2039660900533,https://basket-14.wbbasket.ru/vol2174/part217469/217469873/images/big/1.webp
1605,Спортивные аксессуары,921,Перчатки боксерские,217469873,клинч-рус,Clinch Перчатки для бокса кожаный,Lucky Sport,346401177,10 oz,50-65кг,2039660900502,https://basket-14.wbbasket.ru/vol2174/part217469/217469873/images/big/1.webp
1605,Спортивные аксессуары,921,Перчатки боксерские,217469873,клинч-рус,Clinch Перчатки для бокса кожаный,Lucky Sport,346401178,12 oz,65-75 кг,2039660900519,https://basket-14.wbbasket.ru/vol2174/part217469/217469873/images/big/1.webp
1605,Спортивные аксессуары,921,Перчатки боксерские,217469873,клинч-рус,Clinch Перчатки для бокса кожаный,Lucky Sport,346401179,14 oz,75-85 кг,2039660900526,https://basket-14.wbbasket.ru/vol2174/part217469/217469873/images/big/1.webp
1605,Спортивные аксессуары,921,Перчатки боксерские,217469873,клинч-рус,Clinch Перчатки для бокса кожаный,Lucky Sport,346401181,8 oz,от 8 до 13 лет,2039660900540,https://basket-14.wbbasket.ru/vol2174/part217469/217469873/images/big/1.webp
1605,Спортивные аксессуары,921,Перчатки боксерские,219447984,клинч-рус(син),Clinch Перчатки для бокса кожаный,Lucky Sport,349104809,14 oz,75-85 кг,2039716854186,https://basket-15.wbbasket.ru/vol2194/part219447/219447984/images/big/1.webp
1605,Спортивные аксессуары,921,Перчатки боксерские,219447984,клинч-рус(син),Clinch Перчатки для бокса кожаный,Lucky Sport,349104810,16 oz,85 и более кг,2039716854193,https://basket-15.wbbasket.ru/vol2194/part219447/219447984/images/big/1.webp
1605,Спортивные аксессуары,921,Перчатки боксерские,219447984,клинч-рус(син),Clinch Перчатки для бокса кожаный,Lucky Sport,349104811,8 oz,от 8 до 13 лет,2039716854209,https://basket-15.wbbasket.ru/vol2194/part219447/219447984/images/big/1.webp
1605,Спортивные аксессуары,921,Перчатки боксерские,219447984,клинч-рус(син),Clinch Перчатки для бокса кожаный,Lucky Sport,349104807,10 oz,50-65кг,2039716854162,https://basket-15.wbbasket.ru/vol2194/part219447/219447984/images/big/1.webp
1605,Спортивные аксессуары,921,Перчатки боксерские,219447984,клинч-рус(син),Clinch Перчатки для бокса кожаный,Lucky Sport,349104808,12 oz,65-75 кг,2039716854179,https://basket-15.wbbasket.ru/vol2194/part219447/219447984/images/big/1.webp
1605,Спортивные аксессуары,921,Перчатки боксерские,219447985,клинч-рус(крсн),Clinch Перчатки для бокса кожаный,Lucky Sport,349104814,14 oz,75-85 кг,2039716855534,https://basket-15.wbbasket.ru/vol2194/part219447/219447985/images/big/1.webp
1605,Спортивные аксессуары,921,Перчатки боксерские,219447985,клинч-рус(крсн),Clinch Перчатки для бокса кожаный,Lucky Sport,349104812,10 oz,50-65кг,2039716855510,https://basket-15.wbbasket.ru/vol2194/part219447/219447985/images/big/1.webp
1605,Спортивные аксессуары,921,Перчатки боксерские,219447985,клинч-рус(крсн),Clinch Перчатки для бокса кожаный,Lucky Sport,349104813,12 oz,65-75 кг,2039716855527,https://basket-15.wbbasket.ru/vol2194/part219447/219447985/images/big/1.webp
1605,Спортивные аксессуары,921,Перчатки боксерские,242060197,клинч-рус(бел),Clinch Перчатки для бокса кожаный,Lucky Sport,380177113,10 oz,50-65кг,2040599374364,https://basket-16.wbbasket.ru/vol2420/part242060/242060197/images/big/1.webp
1605,Спортивные аксессуары,921,Перчатки боксерские,242060197,клинч-рус(бел),Clinch Перчатки для бокса кожаный,Lucky Sport,380177114,12 oz,65-75 кг,2040599374371,https://basket-16.wbbasket.ru/vol2420/part242060/242060197/images/big/1.webp
1605,Спортивные аксессуары,921,Перчатки боксерские,242060197,клинч-рус(бел),Clinch Перчатки для бокса кожаный,Lucky Sport,380177115,14 oz,75-85 кг,2040599374388,https://basket-16.wbbasket.ru/vol2420/part242060/242060197/images/big/1.webp
1605,Спортивные аксессуары,921,Перчатки боксерские,268923333,клинч(бел),Clinch Перчатки для бокса кожаный,Lucky Sport,416310794,12 oz,65-75 кг,2041408056006,https://basket-17.wbbasket.ru/vol2689/part268923/268923333/images/big/1.webp
1605,Спортивные аксессуары,921,Перчатки боксерские,268923333,клинч(бел),Clinch Перчатки для бокса кожаный,Lucky Sport,416310793,10 oz,50-65кг,2041408055993,https://basket-17.wbbasket.ru/vol2689/part268923/268923333/images/big/1.webp
1605,Спортивные аксессуары,921,Перчатки боксерские,268923333,клинч(бел),Clinch Перчатки для бокса кожаный,Lucky Sport,416310795,14 oz,75-85 кг,2041408056013,https://basket-17.wbbasket.ru/vol2689/part268923/268923333/images/big/1.webp
1605,Спортивные аксессуары,921,Перчатки боксерские,268923334,клинч(черн)_,Clinch Перчатки для бокса кожаный,Lucky Sport,416310796,10 oz,50-65кг,2041408072259,https://basket-17.wbbasket.ru/vol2689/part268923/268923334/images/big/1.webp
1605,Спортивные аксессуары,921,Перчатки боксерские,268923334,клинч(черн)_,Clinch Перчатки для бокса кожаный,Lucky Sport,416310797,12 oz,65-75 кг,2041408072266,https://basket-17.wbbasket.ru/vol2689/part268923/268923334/images/big/1.webp
1605,Спортивные аксессуары,921,Перчатки боксерские,268923334,клинч(черн)_,Clinch Перчатки для бокса кожаный,Lucky Sport,416310798,14 oz,75-85 кг,2041408072273,https://basket-17.wbbasket.ru/vol2689/part268923/268923334/images/big/1.webp
1605,Спортивные аксессуары,921,Перчатки боксерские,268923335,клинч(крсн),Clinch Перчатки для бокса кожаный,Lucky Sport,416310799,10 oz,50-65кг,2041408073041,https://basket-17.wbbasket.ru/vol2689/part268923/268923335/images/big/1.webp
1605,Спортивные аксессуары,921,Перчатки боксерские,268923335,клинч(крсн),Clinch Перчатки для бокса кожаный,Lucky Sport,416310800,12 oz,65-75 кг,2041408073058,https://basket-17.wbbasket.ru/vol2689/part268923/268923335/images/big/1.webp
1605,Спортивные аксессуары,921,Перчатки боксерские,268923335,клинч(крсн),Clinch Перчатки для бокса кожаный,Lucky Sport,416310801,14 oz,75-85 кг,2041408073065,https://basket-17.wbbasket.ru/vol2689/part268923/268923335/images/big/1.webp
1605,Спортивные аксессуары,921,Перчатки боксерские,268923336,клинч(син),Clinch Перчатки для бокса кожаный,Lucky Sport,416310802,10 oz,50-65кг,2041408075847,https://basket-17.wbbasket.ru/vol2689/part268923/268923336/images/big/1.webp
1605,Спортивные аксессуары,921,Перчатки боксерские,268923336,клинч(син),Clinch Перчатки для бокса кожаный,Lucky Sport,416310803,12 oz,65-75 кг,2041408075854,https://basket-17.wbbasket.ru/vol2689/part268923/268923336/images/big/1.webp
1605,Спортивные аксессуары,921,Перчатки боксерские,310000452,клинч-син,Clinch Перчатки для бокса кожаный,Lucky Sport,469232403,10 oz,50-65кг,2042441649446,https://basket-19.wbbasket.ru/vol3100/part310000/310000452/images/big/1.webp
1605,Спортивные аксессуары,921,Перчатки боксерские,310000452,клинч-син,Clinch Перчатки для бокса кожаный,Lucky Sport,469232404,12 oz,65-75 кг,2042441649453,https://basket-19.wbbasket.ru/vol3100/part310000/310000452/images/big/1.webp
1605,Спортивные аксессуары,921,Перчатки боксерские,310000453,клинч-крсн,Clinch Перчатки для бокса кожаный,Lucky Sport,469232405,10 oz,50-65кг,2042441740242,https://basket-19.wbbasket.ru/vol3100/part310000/310000453/images/big/1.webp
1605,Спортивные аксессуары,921,Перчатки боксерские,310000453,клинч-крсн,Clinch Перчатки для бокса кожаный,Lucky Sport,469232406,12 oz,65-75 кг,2042441740259,https://basket-19.wbbasket.ru/vol3100/part310000/310000453/images/big/1.webp
1605,Спортивные аксессуары,921,Перчатки боксерские,214368528,евер-натурал(крсн),Everlast Перчатки для бокса кожаный,Lucky Sport,342215061,14 oz,75-85 кг,2039599242162,https://basket-14.wbbasket.ru/vol2143/part214368/214368528/images/big/1.webp
1605,Спортивные аксессуары,921,Перчатки боксерские,214368528,евер-натурал(крсн),Everlast Перчатки для бокса кожаный,Lucky Sport,342215060,12 oz,65-75 кг,2039599242155,https://basket-14.wbbasket.ru/vol2143/part214368/214368528/images/big/1.webp
1605,Спортивные аксессуары,921,Перчатки боксерские,214368528,евер-натурал(крсн),Everlast Перчатки для бокса кожаный,Lucky Sport,342215059,10 oz,50-65кг,2039599242148,https://basket-14.wbbasket.ru/vol2143/part214368/214368528/images/big/1.webp
1605,Спортивные аксессуары,921,Перчатки боксерские,214368528,евер-натурал(крсн),Everlast Перчатки для бокса кожаный,Lucky Sport,342215062,16 oz,85 и более кг,2039599242179,https://basket-14.wbbasket.ru/vol2143/part214368/214368528/images/big/1.webp
1605,Спортивные аксессуары,921,Перчатки боксерские,214368528,евер-натурал(крсн),Everlast Перчатки для бокса кожаный,Lucky Sport,342215063,8 oz,от 8 до 13 лет,2039599242186,https://basket-14.wbbasket.ru/vol2143/part214368/214368528/images/big/1.webp
1605,Спортивные аксессуары,921,Перчатки боксерские,214448981,пауерлок(бел),Everlast Перчатки для бокса кожаный,Lucky Sport,342319649,16 oz,85 и более кг,2039601064706,https://basket-14.wbbasket.ru/vol2144/part214448/214448981/images/big/1.webp
1605,Спортивные аксессуары,921,Перчатки боксерские,214448981,пауерлок(бел),Everlast Перчатки для бокса кожаный,Lucky Sport,342319650,8 oz,от 8 до 13 лет,2039601064713,https://basket-14.wbbasket.ru/vol2144/part214448/214448981/images/big/1.webp
1605,Спортивные аксессуары,921,Перчатки боксерские,214448981,пауерлок(бел),Everlast Перчатки для бокса кожаный,Lucky Sport,342319646,10 oz,50-65кг,2039601064676,https://basket-14.wbbasket.ru/vol2144/part214448/214448981/images/big/1.webp
1605,Спортивные аксессуары,921,Перчатки боксерские,214448981,пауерлок(бел),Everlast Перчатки для бокса кожаный,Lucky Sport,342319647,12 oz,65-75 кг,2039601064683,https://basket-14.wbbasket.ru/vol2144/part214448/214448981/images/big/1.webp
1605,Спортивные аксессуары,921,Перчатки боксерские,214448981,пауерлок(бел),Everlast Перчатки для бокса кожаный,Lucky Sport,342319648,14 oz,75-85 кг,2039601064690,https://basket-14.wbbasket.ru/vol2144/part214448/214448981/images/big/1.webp
1605,Спортивные аксессуары,921,Перчатки боксерские,217218840,пауерлок(чрн),Everlast Перчатки для бокса кожаный,Lucky Sport,346043755,10 oz,50-65кг,2039656672710,https://basket-14.wbbasket.ru/vol2172/part217218/217218840/images/big/1.webp
1605,Спортивные аксессуары,921,Перчатки боксерские,217218840,пауерлок(чрн),Everlast Перчатки для бокса кожаный,Lucky Sport,346043756,12 oz,65-75 кг,2039656672727,https://basket-14.wbbasket.ru/vol2172/part217218/217218840/images/big/1.webp
1605,Спортивные аксессуары,921,Перчатки боксерские,217218840,пауерлок(чрн),Everlast Перчатки для бокса кожаный,Lucky Sport,346043757,14 oz,75-85 кг,2039656672734,https://basket-14.wbbasket.ru/vol2172/part217218/217218840/images/big/1.webp
1605,Спортивные аксессуары,921,Перчатки боксерские,217218840,пауерлок(чрн),Everlast Перчатки для бокса кожаный,Lucky Sport,346043758,16 oz,85 и более кг,2039656672741,https://basket-14.wbbasket.ru/vol2172/part217218/217218840/images/big/1.webp
1605,Спортивные аксессуары,921,Перчатки боксерские,217218840,пауерлок(чрн),Everlast Перчатки для бокса кожаный,Lucky Sport,346043759,8 oz,от 8 до 13 лет,2039656672758,https://basket-14.wbbasket.ru/vol2172/part217218/217218840/images/big/1.webp
1605,Спортивные аксессуары,921,Перчатки боксерские,214448980,канело(жлт),Everlast Canelo Перчатки для бокса кожаный,Lucky Sport,342319645,8 oz,от 8 до 13 лет,2039601063303,https://basket-14.wbbasket.ru/vol2144/part214448/214448980/images/big/1.webp
1605,Спортивные аксессуары,921,Перчатки боксерские,214448980,канело(жлт),Everlast Canelo Перчатки для бокса кожаный,Lucky Sport,342319641,10 oz,50-65кг,2039601063266,https://basket-14.wbbasket.ru/vol2144/part214448/214448980/images/big/1.webp
1605,Спортивные аксессуары,921,Перчатки боксерские,214448980,канело(жлт),Everlast Canelo Перчатки для бокса кожаный,Lucky Sport,342319642,12 oz,65-75 кг,2039601063273,https://basket-14.wbbasket.ru/vol2144/part214448/214448980/images/big/1.webp
1605,Спортивные аксессуары,921,Перчатки боксерские,214448980,канело(жлт),Everlast Canelo Перчатки для бокса кожаный,Lucky Sport,342319643,14 oz,75-85 кг,2039601063280,https://basket-14.wbbasket.ru/vol2144/part214448/214448980/images/big/1.webp
1605,Спортивные аксессуары,921,Перчатки боксерские,214448980,канело(жлт),Everlast Canelo Перчатки для бокса кожаный,Lucky Sport,342319644,16 oz,85 и более кг,2039601063297,https://basket-14.wbbasket.ru/vol2144/part214448/214448980/images/big/1.webp
1605,Спортивные аксессуары,921,Перчатки боксерские,217469872,файртех,Fairtex Перчатки для бокса кожаный,Lucky Sport,346401172,10 oz,50-65кг,2039660897024,https://basket-14.wbbasket.ru/vol2174/part217469/217469872/images/big/1.webp
1605,Спортивные аксессуары,921,Перчатки боксерские,217469872,файртех,Fairtex Перчатки для бокса кожаный,Lucky Sport,346401173,12 oz,65-75 кг,2039660897031,https://basket-14.wbbasket.ru/vol2174/part217469/217469872/images/big/1.webp
1605,Спортивные аксессуары,921,Перчатки боксерские,217469872,файртех,Fairtex Перчатки для бокса кожаный,Lucky Sport,346401175,16 oz,85 и более кг,2039660897055,https://basket-14.wbbasket.ru/vol2174/part217469/217469872/images/big/1.webp
1605,Спортивные аксессуары,921,Перчатки боксерские,217469872,файртех,Fairtex Перчатки для бокса кожаный,Lucky Sport,346401176,8 oz,от 8 до 13 лет,2039660897062,https://basket-14.wbbasket.ru/vol2174/part217469/217469872/images/big/1.webp
1605,Спортивные аксессуары,921,Перчатки боксерские,217469872,файртех,Fairtex Перчатки для бокса кожаный,Lucky Sport,346401174,14 oz,75-85 кг,2039660897048,https://basket-14.wbbasket.ru/vol2174/part217469/217469872/images/big/1.webp
1605,Спортивные аксессуары,921,Перчатки боксерские,214242574,птичка-перч(черн),Hayabusa Перчатки для бокса кожаный,Lucky Sport,342040762,10 oz,50-65кг,2039595667389,https://basket-14.wbbasket.ru/vol2142/part214242/214242574/images/big/1.webp
1605,Спортивные аксессуары,921,Перчатки боксерские,214242574,птичка-перч(черн),Hayabusa Перчатки для бокса кожаный,Lucky Sport,342040763,12 oz,65-75 кг,2039595667396,https://basket-14.wbbasket.ru/vol2142/part214242/214242574/images/big/1.webp
1605,Спортивные аксессуары,921,Перчатки боксерские,214242574,птичка-перч(черн),Hayabusa Перчатки для бокса кожаный,Lucky Sport,342040764,14 oz,75-85 кг,2039595667402,https://basket-14.wbbasket.ru/vol2142/part214242/214242574/images/big/1.webp
1605,Спортивные аксессуары,921,Перчатки боксерские,214242574,птичка-перч(черн),Hayabusa Перчатки для бокса кожаный,Lucky Sport,342040765,16 oz,85 и более кг,2039595667419,https://basket-14.wbbasket.ru/vol2142/part214242/214242574/images/big/1.webp
1605,Спортивные аксессуары,921,Перчатки боксерские,214242574,птичка-перч(черн),Hayabusa Перчатки для бокса кожаный,Lucky Sport,342183911,8 oz,от 8 до 13 лет,2039598773094,https://basket-14.wbbasket.ru/vol2142/part214242/214242574/images/big/1.webp
1605,Спортивные аксессуары,921,Перчатки боксерские,219441513,леоне-глори(глб),Leone Glory перчатки для бокса,Lucky Sport,349097281,10 oz,50-65 кг,2039716714909,https://basket-15.wbbasket.ru/vol2194/part219441/219441513/images/big/1.webp
1605,Спортивные аксессуары,921,Перчатки боксерские,219441513,леоне-глори(глб),Leone Glory перчатки для бокса,Lucky Sport,349097282,12 oz,65-75 кг,2039716714916,https://basket-15.wbbasket.ru/vol2194/part219441/219441513/images/big/1.webp
1605,Спортивные аксессуары,921,Перчатки боксерские,219441607,леоне-глори(крсн),Leone Glory перчатки для бокса,Lucky Sport,349097395,10 oz,50-65 кг,2039716717306,https://basket-15.wbbasket.ru/vol2194/part219441/219441607/images/big/1.webp
1605,Спортивные аксессуары,921,Перчатки боксерские,219441607,леоне-глори(крсн),Leone Glory перчатки для бокса,Lucky Sport,349097396,12 oz,65-75 кг,2039716717313,https://basket-15.wbbasket.ru/vol2194/part219441/219441607/images/big/1.webp
1605,Спортивные аксессуары,921,Перчатки боксерские,219441608,леоне-глори(тмнсин),Leone Glory перчатки для бокса,Lucky Sport,349097397,10 oz,50-65 кг,2039716719584,https://basket-15.wbbasket.ru/vol2194/part219441/219441608/images/big/1.webp
1605,Спортивные аксессуары,921,Перчатки боксерские,219441608,леоне-глори(тмнсин),Leone Glory перчатки для бокса,Lucky Sport,349097398,12 oz,65-75 кг,2039716719591,https://basket-15.wbbasket.ru/vol2194/part219441/219441608/images/big/1.webp
1605,Спортивные аксессуары,921,Перчатки боксерские,219441659,лв-перч,Louis Vuitton Перчатки для бокса кожаный,Lucky Sport,349097462,14 oz,75-85 кг,2039716722454,https://basket-15.wbbasket.ru/vol2194/part219441/219441659/images/big/1.webp
1605,Спортивные аксессуары,921,Перчатки боксерские,219441659,лв-перч,Louis Vuitton Перчатки для бокса кожаный,Lucky Sport,349097463,16 oz,85 и более кг,2039716722461,https://basket-15.wbbasket.ru/vol2194/part219441/219441659/images/big/1.webp
1605,Спортивные аксессуары,921,Перчатки боксерские,256056984,ривал-перч(зел),Rival Перчатки для бокса кожаный,Lucky Sport,399068958,10 oz,50-65 кг,2041029636083,https://basket-16.wbbasket.ru/vol2560/part256056/256056984/images/big/1.webp
1605,Спортивные аксессуары,921,Перчатки боксерские,256056984,ривал-перч(зел),Rival Перчатки для бокса кожаный,Lucky Sport,399068959,12 oz,65 и 75 кг,2041029636090,https://basket-16.wbbasket.ru/vol2560/part256056/256056984/images/big/1.webp
1605,Спортивные аксессуары,921,Перчатки боксерские,256056985,ривал-перч(орнж),Rival Перчатки для бокса кожаный,Lucky Sport,399068960,10 oz,50-65 кг,2041029642909,https://basket-16.wbbasket.ru/vol2560/part256056/256056985/images/big/1.webp
1605,Спортивные аксессуары,921,Перчатки боксерские,256056985,ривал-перч(орнж),Rival Перчатки для бокса кожаный,Lucky Sport,399068961,12 oz,65 и 75 кг,2041029642916,https://basket-16.wbbasket.ru/vol2560/part256056/256056985/images/big/1.webp
1605,Спортивные аксессуары,921,Перчатки боксерские,219441850,ски-мартиал(чрн),Sky Martial Перчатки для бокса кожаный,Lucky Sport,349097757,10 oz,50-65кг,2039716726667,https://basket-15.wbbasket.ru/vol2194/part219441/219441850/images/big/1.webp
1605,Спортивные аксессуары,921,Перчатки боксерские,219441850,ски-мартиал(чрн),Sky Martial Перчатки для бокса кожаный,Lucky Sport,349097758,12 oz,65-75 кг,2039716726674,https://basket-15.wbbasket.ru/vol2194/part219441/219441850/images/big/1.webp
1605,Спортивные аксессуары,921,Перчатки боксерские,219441849,ски-мартиал(бел),Sky Martial Arts Перчатки для бокса кожаный,Lucky Sport,349097755,10 oz,50-65кг,2039716725608,https://basket-15.wbbasket.ru/vol2194/part219441/219441849/images/big/1.webp
1605,Спортивные аксессуары,921,Перчатки боксерские,219441849,ски-мартиал(бел),Sky Martial Arts Перчатки для бокса кожаный,Lucky Sport,349097756,12 oz,65-75 кг,2039716725615,https://basket-15.wbbasket.ru/vol2194/part219441/219441849/images/big/1.webp
1605,Спортивные аксессуары,921,Перчатки боксерские,242751796,венум-китай(чрн-злт),Venum боксерские перчатки для единоборств и спаррингов,Lucky Sport,381073473,10 oz,50-65кг,2040627712625,https://basket-16.wbbasket.ru/vol2427/part242751/242751796/images/big/1.webp
1605,Спортивные аксессуары,921,Перчатки боксерские,242751796,венум-китай(чрн-злт),Venum боксерские перчатки для единоборств и спаррингов,Lucky Sport,381073474,12 oz,65-75 кг,2040627712632,https://basket-16.wbbasket.ru/vol2427/part242751/242751796/images/big/1.webp
1605,Спортивные аксессуары,921,Перчатки боксерские,242751797,венум-китай(крсн),Venum боксерские перчатки для единоборств и спаррингов,Lucky Sport,381073475,10 oz,50-65кг,2040627715855,https://basket-16.wbbasket.ru/vol2427/part242751/242751797/images/big/1.webp
1605,Спортивные аксессуары,921,Перчатки боксерские,242751797,венум-китай(крсн),Venum боксерские перчатки для единоборств и спаррингов,Lucky Sport,381073476,12 oz,65-75 кг,2040627715862,https://basket-16.wbbasket.ru/vol2427/part242751/242751797/images/big/1.webp
1605,Спортивные аксессуары,921,Перчатки боксерские,219441410,венум-цвет(глб),Venum перчатки для бокса,Lucky Sport,349097162,10 oz,50-65 кг,2039716703569,https://basket-15.wbbasket.ru/vol2194/part219441/219441410/images/big/1.webp
1605,Спортивные аксессуары,921,Перчатки боксерские,219441410,венум-цвет(глб),Venum перчатки для бокса,Lucky Sport,349097163,12 oz,65-75 кг,2039716703576,https://basket-15.wbbasket.ru/vol2194/part219441/219441410/images/big/1.webp
1605,Спортивные аксессуары,921,Перчатки боксерские,219441410,венум-цвет(глб),Venum перчатки для бокса,Lucky Sport,349097164,14 oz,75-85 КГ,2039716703583,https://basket-15.wbbasket.ru/vol2194/part219441/219441410/images/big/1.webp
1605,Спортивные аксессуары,921,Перчатки боксерские,219441410,венум-цвет(глб),Venum перчатки для бокса,Lucky Sport,349097161,8 oz,от 8 до 13 лет,2039716703552,https://basket-15.wbbasket.ru/vol2194/part219441/219441410/images/big/1.webp
1605,Спортивные аксессуары,921,Перчатки боксерские,219441411,венум-цвет(роз),Venum перчатки для бокса,Lucky Sport,349097166,10 oz,50-65 кг,2039716707420,https://basket-15.wbbasket.ru/vol2194/part219441/219441411/images/big/1.webp
1605,Спортивные аксессуары,921,Перчатки боксерские,219441411,венум-цвет(роз),Venum перчатки для бокса,Lucky Sport,349097167,12 oz,65-75 кг,2039716707437,https://basket-15.wbbasket.ru/vol2194/part219441/219441411/images/big/1.webp
1605,Спортивные аксессуары,921,Перчатки боксерские,219441411,венум-цвет(роз),Venum перчатки для бокса,Lucky Sport,349097168,14 oz,75-85 КГ,2039716707444,https://basket-15.wbbasket.ru/vol2194/part219441/219441411/images/big/1.webp
1605,Спортивные аксессуары,921,Перчатки боксерские,219441411,венум-цвет(роз),Venum перчатки для бокса,Lucky Sport,349097165,8 oz,от 8 до 13 лет,2039716707413,https://basket-15.wbbasket.ru/vol2194/part219441/219441411/images/big/1.webp
1605,Спортивные аксессуары,921,Перчатки боксерские,219441412,венум-цвет(тмн-син),Venum перчатки для бокса,Lucky Sport,349097170,10 oz,50-65 кг,2039716708465,https://basket-15.wbbasket.ru/vol2194/part219441/219441412/images/big/1.webp
1605,Спортивные аксессуары,921,Перчатки боксерские,219441412,венум-цвет(тмн-син),Venum перчатки для бокса,Lucky Sport,349097171,12 oz,65-75 кг,2039716708472,https://basket-15.wbbasket.ru/vol2194/part219441/219441412/images/big/1.webp
1605,Спортивные аксессуары,921,Перчатки боксерские,219441412,венум-цвет(тмн-син),Venum перчатки для бокса,Lucky Sport,349097172,14 oz,75-85 кг,2039716708489,https://basket-15.wbbasket.ru/vol2194/part219441/219441412/images/big/1.webp
1605,Спортивные аксессуары,921,Перчатки боксерские,219441412,венум-цвет(тмн-син),Venum перчатки для бокса,Lucky Sport,349097169,8 oz,от 8 до 13 лет,2039716708458,https://basket-15.wbbasket.ru/vol2194/part219441/219441412/images/big/1.webp
1605,Спортивные аксессуары,921,Перчатки боксерские,219441413,венум-цвет(флт),Venum перчатки для бокса,Lucky Sport,349097174,10 oz,50-65 кг,2039716709233,https://basket-15.wbbasket.ru/vol2194/part219441/219441413/images/big/1.webp
1605,Спортивные аксессуары,921,Перчатки боксерские,219441413,венум-цвет(флт),Venum перчатки для бокса,Lucky Sport,349097175,12 oz,65-75 кг,2039716709240,https://basket-15.wbbasket.ru/vol2194/part219441/219441413/images/big/1.webp
1605,Спортивные аксессуары,921,Перчатки боксерские,219441413,венум-цвет(флт),Venum перчатки для бокса,Lucky Sport,349097176,14 oz,75-85 КГ,2039716709257,https://basket-15.wbbasket.ru/vol2194/part219441/219441413/images/big/1.webp
1605,Спортивные аксессуары,921,Перчатки боксерские,219441413,венум-цвет(флт),Venum перчатки для бокса,Lucky Sport,349097173,8 oz,от 8 до 13 лет,2039716709226,https://basket-15.wbbasket.ru/vol2194/part219441/219441413/images/big/1.webp
1605,Спортивные аксессуары,921,Перчатки боксерские,220326845,венум-цвет(зел),Venum перчатки для бокса,Lucky Sport,350260865,10 oz,50-65 кг,2039737366354,https://basket-15.wbbasket.ru/vol2203/part220326/220326845/images/big/1.webp
1605,Спортивные аксессуары,921,Перчатки боксерские,220326845,венум-цвет(зел),Venum перчатки для бокса,Lucky Sport,350260866,12 oz,65-75 кг,2039737366361,https://basket-15.wbbasket.ru/vol2203/part220326/220326845/images/big/1.webp
1605,Спортивные аксессуары,921,Перчатки боксерские,220326845,венум-цвет(зел),Venum перчатки для бокса,Lucky Sport,350260867,14 oz,75-85 КГ,2039737366378,https://basket-15.wbbasket.ru/vol2203/part220326/220326845/images/big/1.webp
1605,Спортивные аксессуары,921,Перчатки боксерские,220326845,венум-цвет(зел),Venum перчатки для бокса,Lucky Sport,350260869,16 oz,85 и более кг,2039737366392,https://basket-15.wbbasket.ru/vol2203/part220326/220326845/images/big/1.webp
1605,Спортивные аксессуары,921,Перчатки боксерские,220326845,венум-цвет(зел),Venum перчатки для бокса,Lucky Sport,350260868,8 oz,от 8 до 13 лет,2039737366385,https://basket-15.wbbasket.ru/vol2203/part220326/220326845/images/big/1.webp
1605,Спортивные аксессуары,921,Перчатки боксерские,220326846,венум-цвет(орнж),Venum перчатки для бокса,Lucky Sport,350260870,10 oz,50-65 кг,2039737368402,https://basket-15.wbbasket.ru/vol2203/part220326/220326846/images/big/1.webp
1605,Спортивные аксессуары,921,Перчатки боксерские,220326846,венум-цвет(орнж),Venum перчатки для бокса,Lucky Sport,350260871,12 oz,65-75 кг,2039737368419,https://basket-15.wbbasket.ru/vol2203/part220326/220326846/images/big/1.webp
1605,Спортивные аксессуары,921,Перчатки боксерские,220326846,венум-цвет(орнж),Venum перчатки для бокса,Lucky Sport,350260872,14 oz,75-85 КГ,2039737368426,https://basket-15.wbbasket.ru/vol2203/part220326/220326846/images/big/1.webp
1605,Спортивные аксессуары,921,Перчатки боксерские,220326846,венум-цвет(орнж),Venum перчатки для бокса,Lucky Sport,350260874,16 oz,85 и более кг,2039737368440,https://basket-15.wbbasket.ru/vol2203/part220326/220326846/images/big/1.webp
1605,Спортивные аксессуары,921,Перчатки боксерские,220326846,венум-цвет(орнж),Venum перчатки для бокса,Lucky Sport,350260873,8 oz,от 8 до 13 лет,2039737368433,https://basket-15.wbbasket.ru/vol2203/part220326/220326846/images/big/1.webp
1605,Спортивные аксессуары,921,Перчатки боксерские,222176402,венум-элит(жлт1),Venum перчатки для бокса,Lucky Sport,352770420,10 oz,50-65 кг,2039784977596,https://basket-15.wbbasket.ru/vol2221/part222176/222176402/images/big/1.webp
1605,Спортивные аксессуары,921,Перчатки боксерские,222176402,венум-элит(жлт1),Venum перчатки для бокса,Lucky Sport,352770421,12 oz,65-75 кг,2039784977602,https://basket-15.wbbasket.ru/vol2221/part222176/222176402/images/big/1.webp
1605,Спортивные аксессуары,921,Перчатки боксерские,222176402,венум-элит(жлт1),Venum перчатки для бокса,Lucky Sport,352770422,14 oz,75-85 кг,2039784977619,https://basket-15.wbbasket.ru/vol2221/part222176/222176402/images/big/1.webp
1605,Спортивные аксессуары,921,Перчатки боксерские,222186068,венум-цвет(бел),Venum перчатки для бокса,Lucky Sport,352781939,12 oz,65-75 кг,2039785151780,https://basket-15.wbbasket.ru/vol2221/part222186/222186068/images/big/1.webp
1605,Спортивные аксессуары,921,Перчатки боксерские,222186068,венум-цвет(бел),Venum перчатки для бокса,Lucky Sport,352781938,10 oz,50-65 кг,2039785151773,https://basket-15.wbbasket.ru/vol2221/part222186/222186068/images/big/1.webp
1605,Спортивные аксессуары,921,Перчатки боксерские,222186068,венум-цвет(бел),Venum перчатки для бокса,Lucky Sport,352781940,14 oz,75-85 КГ,2039785151797,https://basket-15.wbbasket.ru/vol2221/part222186/222186068/images/big/1.webp
1605,Спортивные аксессуары,921,Перчатки боксерские,222723848,кровь-венум,Venum перчатки для бокса,Lucky Sport,353502009,10 oz,50-65 кг,2039798535393,https://basket-15.wbbasket.ru/vol2227/part222723/222723848/images/big/1.webp
1605,Спортивные аксессуары,921,Перчатки боксерские,222723848,кровь-венум,Venum перчатки для бокса,Lucky Sport,353502010,12 oz,65-75 кг,2039798535409,https://basket-15.wbbasket.ru/vol2227/part222723/222723848/images/big/1.webp
1605,Спортивные аксессуары,921,Перчатки боксерские,222723848,кровь-венум,Venum перчатки для бокса,Lucky Sport,353502011,14 oz,75-85 кг,2039798535416,https://basket-15.wbbasket.ru/vol2227/part222723/222723848/images/big/1.webp
1605,Спортивные аксессуары,921,Перчатки боксерские,222750852,венум-цвет(сер),Venum перчатки для бокса,Lucky Sport,353539502,10 oz,50-65 кг,2039799072750,https://basket-15.wbbasket.ru/vol2227/part222750/222750852/images/big/1.webp
1605,Спортивные аксессуары,921,Перчатки боксерские,222750852,венум-цвет(сер),Venum перчатки для бокса,Lucky Sport,353539503,12 oz,65-75 кг,2039799072767,https://basket-15.wbbasket.ru/vol2227/part222750/222750852/images/big/1.webp
1605,Спортивные аксессуары,921,Перчатки боксерские,222750852,венум-цвет(сер),Venum перчатки для бокса,Lucky Sport,353539504,14 oz,75-85 КГ,2039799072774,https://basket-15.wbbasket.ru/vol2227/part222750/222750852/images/big/1.webp
1605,Спортивные аксессуары,921,Перчатки боксерские,241522663,венум-перч(сер-злт),Venum перчатки для бокса,Lucky Sport,379467733,10 oz,50-65 кг,2040576480491,https://basket-16.wbbasket.ru/vol2415/part241522/241522663/images/big/1.webp
1605,Спортивные аксессуары,921,Перчатки боксерские,241522663,венум-перч(сер-злт),Venum перчатки для бокса,Lucky Sport,379467735,14 oz,75-85 кг,2040576480514,https://basket-16.wbbasket.ru/vol2415/part241522/241522663/images/big/1.webp
1605,Спортивные аксессуары,921,Перчатки боксерские,241522663,венум-перч(сер-злт),Venum перчатки для бокса,Lucky Sport,379467734,12 oz,65-75 кг,2040576480507,https://basket-16.wbbasket.ru/vol2415/part241522/241522663/images/big/1.webp
1605,Спортивные аксессуары,921,Перчатки боксерские,241522665,венум-кровь,Venum перчатки для бокса,Lucky Sport,379467738,10 oz,50-65 кг,2040576577023,https://basket-16.wbbasket.ru/vol2415/part241522/241522665/images/big/1.webp
1605,Спортивные аксессуары,921,Перчатки боксерские,241522665,венум-кровь,Venum перчатки для бокса,Lucky Sport,379467739,12 oz,65-75 кг,2040576577030,https://basket-16.wbbasket.ru/vol2415/part241522/241522665/images/big/1.webp
1605,Спортивные аксессуары,921,Перчатки боксерские,248831696,перч(кровь),Venum перчатки для бокса,Venum,389530338,10 oz,50-65 кг,2040816449257,https://basket-16.wbbasket.ru/vol2488/part248831/248831696/images/big/1.webp
1605,Спортивные аксессуары,921,Перчатки боксерские,248831696,перч(кровь),Venum перчатки для бокса,Venum,389530339,12 oz,65-75 кг,2040816449264,https://basket-16.wbbasket.ru/vol2488/part248831/248831696/images/big/1.webp
1605,Спортивные аксессуары,921,Перчатки боксерские,248831698,перч(венум-сер),Venum перчатки для бокса,Venum,389530342,10 oz,50-65 кг,2040816464359,https://basket-16.wbbasket.ru/vol2488/part248831/248831698/images/big/1.webp
1605,Спортивные аксессуары,921,Перчатки боксерские,248831698,перч(венум-сер),Venum перчатки для бокса,Venum,389530343,12 oz,65-75 кг,2040816464366,https://basket-16.wbbasket.ru/vol2488/part248831/248831698/images/big/1.webp
1605,Спортивные аксессуары,921,Перчатки боксерские,248831698,перч(венум-сер),Venum перчатки для бокса,Venum,389530344,14 oz,75-85 кг,2040816464373,https://basket-16.wbbasket.ru/vol2488/part248831/248831698/images/big/1.webp
1605,Спортивные аксессуары,921,Перчатки боксерские,250305299,цвет-перч(глб),Venum перчатки для бокса,Lucky Sport,391476260,10 oz,50-65 кг,2040870462698,https://basket-16.wbbasket.ru/vol2503/part250305/250305299/images/big/1.webp
1605,Спортивные аксессуары,921,Перчатки боксерские,250305299,цвет-перч(глб),Venum перчатки для бокса,Lucky Sport,391476261,12 oz,65-75 кг,2040870462704,https://basket-16.wbbasket.ru/vol2503/part250305/250305299/images/big/1.webp
1605,Спортивные аксессуары,921,Перчатки боксерские,250305299,цвет-перч(глб),Venum перчатки для бокса,Lucky Sport,391476262,14 oz,75-85 КГ,2040870462711,https://basket-16.wbbasket.ru/vol2503/part250305/250305299/images/big/1.webp
1605,Спортивные аксессуары,921,Перчатки боксерские,250305299,цвет-перч(глб),Venum перчатки для бокса,Lucky Sport,391476263,16 oz,85 и более кг,2040870462728,https://basket-16.wbbasket.ru/vol2503/part250305/250305299/images/big/1.webp
1605,Спортивные аксессуары,921,Перчатки боксерские,250305300,цвет-перч(роз),Venum перчатки для бокса,Lucky Sport,391476265,12 oz,65-75 кг,2040870455430,https://basket-16.wbbasket.ru/vol2503/part250305/250305300/images/big/1.webp
1605,Спортивные аксессуары,921,Перчатки боксерские,250305300,цвет-перч(роз),Venum перчатки для бокса,Lucky Sport,391476264,10 oz,50-65 кг,2040870455423,https://basket-16.wbbasket.ru/vol2503/part250305/250305300/images/big/1.webp
1605,Спортивные аксессуары,921,Перчатки боксерские,250305300,цвет-перч(роз),Venum перчатки для бокса,Lucky Sport,391476266,14 oz,75-85 КГ,2040870455447,https://basket-16.wbbasket.ru/vol2503/part250305/250305300/images/big/1.webp
1605,Спортивные аксессуары,921,Перчатки боксерские,250305300,цвет-перч(роз),Venum перчатки для бокса,Lucky Sport,391476267,16 oz,85 и более кг,2040870455454,https://basket-16.wbbasket.ru/vol2503/part250305/250305300/images/big/1.webp
1605,Спортивные аксессуары,921,Перчатки боксерские,250305301,цвет-перч(зел),Venum перчатки для бокса,Lucky Sport,391476269,12 oz,65-75 кг,2040870453955,https://basket-16.wbbasket.ru/vol2503/part250305/250305301/images/big/1.webp
1605,Спортивные аксессуары,921,Перчатки боксерские,250305301,цвет-перч(зел),Venum перчатки для бокса,Lucky Sport,391476268,10 oz,50-65 кг,2040870453948,https://basket-16.wbbasket.ru/vol2503/part250305/250305301/images/big/1.webp
1605,Спортивные аксессуары,921,Перчатки боксерские,250305301,цвет-перч(зел),Venum перчатки для бокса,Lucky Sport,391476270,14 oz,75-85 КГ,2040870453962,https://basket-16.wbbasket.ru/vol2503/part250305/250305301/images/big/1.webp
1605,Спортивные аксессуары,921,Перчатки боксерские,250305301,цвет-перч(зел),Venum перчатки для бокса,Lucky Sport,391476271,16 oz,85 и более кг,2040870453979,https://basket-16.wbbasket.ru/vol2503/part250305/250305301/images/big/1.webp
1605,Спортивные аксессуары,921,Перчатки боксерские,250305302,цвет-перч(орнж),Venum перчатки для бокса,Lucky Sport,391476272,10 oz,50-65 кг,2040870452514,https://basket-16.wbbasket.ru/vol2503/part250305/250305302/images/big/1.webp
1605,Спортивные аксессуары,921,Перчатки боксерские,250305302,цвет-перч(орнж),Venum перчатки для бокса,Lucky Sport,391476273,12 oz,65-75 кг,2040870452521,https://basket-16.wbbasket.ru/vol2503/part250305/250305302/images/big/1.webp
1605,Спортивные аксессуары,921,Перчатки боксерские,250305302,цвет-перч(орнж),Venum перчатки для бокса,Lucky Sport,391476274,14 oz,75-85 КГ,2040870452538,https://basket-16.wbbasket.ru/vol2503/part250305/250305302/images/big/1.webp
1605,Спортивные аксессуары,921,Перчатки боксерские,250305302,цвет-перч(орнж),Venum перчатки для бокса,Lucky Sport,391476275,16 oz,85 и более кг,2040870452545,https://basket-16.wbbasket.ru/vol2503/part250305/250305302/images/big/1.webp
1605,Спортивные аксессуары,921,Перчатки боксерские,250305303,цвет-перч(бел),Venum перчатки для бокса,Lucky Sport,391476276,10 oz,50-65 кг,2040870450985,https://basket-16.wbbasket.ru/vol2503/part250305/250305303/images/big/1.webp
1605,Спортивные аксессуары,921,Перчатки боксерские,250305303,цвет-перч(бел),Venum перчатки для бокса,Lucky Sport,391476277,12 oz,65-75 кг,2040870450992,https://basket-16.wbbasket.ru/vol2503/part250305/250305303/images/big/1.webp
1605,Спортивные аксессуары,921,Перчатки боксерские,250305303,цвет-перч(бел),Venum перчатки для бокса,Lucky Sport,391476278,14 oz,75-85 КГ,2040870451005,https://basket-16.wbbasket.ru/vol2503/part250305/250305303/images/big/1.webp
1605,Спортивные аксессуары,921,Перчатки боксерские,250305303,цвет-перч(бел),Venum перчатки для бокса,Lucky Sport,391476279,16 oz,85 и более кг,2040870451012,https://basket-16.wbbasket.ru/vol2503/part250305/250305303/images/big/1.webp
1605,Спортивные аксессуары,921,Перчатки боксерские,242886076,венум-мма(бел),Venum черепашки для единоборств венум (мма),Lucky Sport,381255202,M,20-21 см,2040633995425,https://basket-16.wbbasket.ru/vol2428/part242886/242886076/images/big/1.webp
1605,Спортивные аксессуары,921,Перчатки боксерские,242886076,венум-мма(бел),Venum черепашки для единоборств венум (мма),Lucky Sport,381255204,L,21-22 см,2040633995432,https://basket-16.wbbasket.ru/vol2428/part242886/242886076/images/big/1.webp
1605,Спортивные аксессуары,921,Перчатки боксерские,242886076,венум-мма(бел),Venum черепашки для единоборств венум (мма),Lucky Sport,381255201,S,19-20 см,2040633995418,https://basket-16.wbbasket.ru/vol2428/part242886/242886076/images/big/1.webp
1605,Спортивные аксессуары,921,Перчатки боксерские,242886076,венум-мма(бел),Venum черепашки для единоборств венум (мма),Lucky Sport,381255205,XL,22+ см,2040633995449,https://basket-16.wbbasket.ru/vol2428/part242886/242886076/images/big/1.webp
1605,Спортивные аксессуары,921,Перчатки боксерские,242886078,венум-мма(чрн),Venum черепашки для единоборств венум (мма),Lucky Sport,381255209,XL,22+ см,2040634001019,https://basket-16.wbbasket.ru/vol2428/part242886/242886078/images/big/1.webp
1605,Спортивные аксессуары,921,Перчатки боксерские,242886078,венум-мма(чрн),Venum черепашки для единоборств венум (мма),Lucky Sport,381255208,L,21-22 см,2040634001002,https://basket-16.wbbasket.ru/vol2428/part242886/242886078/images/big/1.webp
1605,Спортивные аксессуары,921,Перчатки боксерские,242886078,венум-мма(чрн),Venum черепашки для единоборств венум (мма),Lucky Sport,381255207,M,20-21 см,2040634000999,https://basket-16.wbbasket.ru/vol2428/part242886/242886078/images/big/1.webp
1605,Спортивные аксессуары,921,Перчатки боксерские,242886078,венум-мма(чрн),Venum черепашки для единоборств венум (мма),Lucky Sport,381255206,S,19-20 см,2040634000982,https://basket-16.wbbasket.ru/vol2428/part242886/242886078/images/big/1.webp
1605,Спортивные аксессуары,921,Перчатки боксерские,214773621,венум-элит(злт),Venum Elite Boxing перчатки для бокса,Lucky Sport,356733565,12-OZ,12-oz,2039852255588,https://basket-14.wbbasket.ru/vol2147/part214773/214773621/images/big/1.webp
1605,Спортивные аксессуары,921,Перчатки боксерские,214773621,венум-элит(злт),Venum Elite Boxing перчатки для бокса,Lucky Sport,342760806,8 oz,от 8 до 13 лет,2039607109821,https://basket-14.wbbasket.ru/vol2147/part214773/214773621/images/big/1.webp
1605,Спортивные аксессуары,921,Перчатки боксерские,215874841,венум-злт(злт),Venum Elite Boxing перчатки для бокса,Lucky Sport,344250661,10 oz,50-65 кг,2039629445594,https://basket-14.wbbasket.ru/vol2158/part215874/215874841/images/big/1.webp
1605,Спортивные аксессуары,921,Перчатки боксерские,215874841,венум-злт(злт),Venum Elite Boxing перчатки для бокса,Lucky Sport,344250662,12 oz,65-75 кг,2039629445600,https://basket-14.wbbasket.ru/vol2158/part215874/215874841/images/big/1.webp
1605,Спортивные аксессуары,921,Перчатки боксерские,215874841,венум-злт(злт),Venum Elite Boxing перчатки для бокса,Lucky Sport,344250663,14 oz,75-85 кг,2039629445617,https://basket-14.wbbasket.ru/vol2158/part215874/215874841/images/big/1.webp
1605,Спортивные аксессуары,921,Перчатки боксерские,217219158,венум-чрн(чрн),Venum Elite Boxing перчатки для бокса,Lucky Sport,346044198,10 oz,50-65 кг,2039656678095,https://basket-14.wbbasket.ru/vol2172/part217219/217219158/images/big/1.webp
1605,Спортивные аксессуары,921,Перчатки боксерские,217219158,венум-чрн(чрн),Venum Elite Boxing перчатки для бокса,Lucky Sport,346044199,12 oz,65-75 кг,2039656678101,https://basket-14.wbbasket.ru/vol2172/part217219/217219158/images/big/1.webp
1605,Спортивные аксессуары,921,Перчатки боксерские,217219158,венум-чрн(чрн),Venum Elite Boxing перчатки для бокса,Lucky Sport,346044200,14 oz,75-85 кг,2039656678118,https://basket-14.wbbasket.ru/vol2172/part217219/217219158/images/big/1.webp
1605,Спортивные аксессуары,921,Перчатки боксерские,217219297,элит-перф(бел),Venum Elite Boxing перчатки для бокса,Lucky Sport,346044383,10 oz,50-65 кг,2039656681507,https://basket-14.wbbasket.ru/vol2172/part217219/217219297/images/big/1.webp
1605,Спортивные аксессуары,921,Перчатки боксерские,217219297,элит-перф(бел),Venum Elite Boxing перчатки для бокса,Lucky Sport,346044384,12 oz,65-75 кг,2039656681514,https://basket-14.wbbasket.ru/vol2172/part217219/217219297/images/big/1.webp
1605,Спортивные аксессуары,921,Перчатки боксерские,217219297,элит-перф(бел),Venum Elite Boxing перчатки для бокса,Lucky Sport,346044385,14 oz,75-85 кг,2039656681521,https://basket-14.wbbasket.ru/vol2172/part217219/217219297/images/big/1.webp
1605,Спортивные аксессуары,921,Перчатки боксерские,217625854,венум-элит(жлт),Venum Elite Boxing перчатки для бокса,Lucky Sport,346618132,10 oz,50-65 кг,2039666565088,https://basket-14.wbbasket.ru/vol2176/part217625/217625854/images/big/1.webp
1605,Спортивные аксессуары,921,Перчатки боксерские,217625854,венум-элит(жлт),Venum Elite Boxing перчатки для бокса,Lucky Sport,346618133,12 oz,65-75 кг,2039666565095,https://basket-14.wbbasket.ru/vol2176/part217625/217625854/images/big/1.webp
1605,Спортивные аксессуары,921,Перчатки боксерские,217625854,венум-элит(жлт),Venum Elite Boxing перчатки для бокса,Lucky Sport,346618134,14 oz,75-85 кг,2039666565101,https://basket-14.wbbasket.ru/vol2176/part217625/217625854/images/big/1.webp
1605,Спортивные аксессуары,921,Перчатки боксерские,217625854,венум-элит(жлт),Venum Elite Boxing перчатки для бокса,Lucky Sport,346618135,16 oz,85+ кг,2039666565118,https://basket-14.wbbasket.ru/vol2176/part217625/217625854/images/big/1.webp
1605,Спортивные аксессуары,921,Перчатки боксерские,217757691,венум-тргл(злт),Venum Elite Boxing перчатки для бокса,Lucky Sport,346802506,10 oz,50-65 кг,2039669746446,https://basket-14.wbbasket.ru/vol2177/part217757/217757691/images/big/1.webp
1605,Спортивные аксессуары,921,Перчатки боксерские,217757691,венум-тргл(злт),Venum Elite Boxing перчатки для бокса,Lucky Sport,346802507,12 oz,65-75 кг,2039669746453,https://basket-14.wbbasket.ru/vol2177/part217757/217757691/images/big/1.webp
1605,Спортивные аксессуары,921,Перчатки боксерские,217757691,венум-тргл(злт),Venum Elite Boxing перчатки для бокса,Lucky Sport,346802508,14 oz,75-85 кг,2039669746460,https://basket-14.wbbasket.ru/vol2177/part217757/217757691/images/big/1.webp
1605,Спортивные аксессуары,921,Перчатки боксерские,217757691,венум-тргл(злт),Venum Elite Boxing перчатки для бокса,Lucky Sport,346802509,16 oz,85+ кг,2039669746477,https://basket-14.wbbasket.ru/vol2177/part217757/217757691/images/big/1.webp
1605,Спортивные аксессуары,921,Перчатки боксерские,219985026,венум-элит(чрн),Venum Elite Boxing перчатки для бокса,Lucky Sport,349823747,12 oz,65-75 кг,2039729429951,https://basket-15.wbbasket.ru/vol2199/part219985/219985026/images/big/1.webp
1605,Спортивные аксессуары,921,Перчатки боксерские,219985026,венум-элит(чрн),Venum Elite Boxing перчатки для бокса,Lucky Sport,349823746,10 oz,50-65 кг,2039729429944,https://basket-15.wbbasket.ru/vol2199/part219985/219985026/images/big/1.webp
1605,Спортивные аксессуары,921,Перчатки боксерские,219985026,венум-элит(чрн),Venum Elite Boxing перчатки для бокса,Lucky Sport,349823748,14 oz,75-85 кг,2039729429968,https://basket-15.wbbasket.ru/vol2199/part219985/219985026/images/big/1.webp
1605,Спортивные аксессуары,921,Перчатки боксерские,219985026,венум-элит(чрн),Venum Elite Boxing перчатки для бокса,Lucky Sport,349823749,16 oz,85+ кг,2039729429975,https://basket-15.wbbasket.ru/vol2199/part219985/219985026/images/big/1.webp
1605,Спортивные аксессуары,921,Перчатки боксерские,219985026,венум-элит(чрн),Venum Elite Boxing перчатки для бокса,Lucky Sport,349823750,8 oz,от 8 до 13 лет,2039729429982,https://basket-15.wbbasket.ru/vol2199/part219985/219985026/images/big/1.webp
1605,Спортивные аксессуары,921,Перчатки боксерские,222176674,элит-перф(бел1),Venum Elite Boxing перчатки для бокса,Lucky Sport,352770782,10 oz,50-65 кг,2039784983894,https://basket-15.wbbasket.ru/vol2221/part222176/222176674/images/big/1.webp
1605,Спортивные аксессуары,921,Перчатки боксерские,241522664,венум-элит(чер),Venum Elite Boxing перчатки для бокса,Lucky Sport,379467736,10 oz,50-65 кг,2040576545671,https://basket-16.wbbasket.ru/vol2415/part241522/241522664/images/big/1.webp
1605,Спортивные аксессуары,921,Перчатки боксерские,241522664,венум-элит(чер),Venum Elite Boxing перчатки для бокса,Lucky Sport,379467737,12 oz,65-75 кг,2040576545688,https://basket-16.wbbasket.ru/vol2415/part241522/241522664/images/big/1.webp
1605,Спортивные аксессуары,921,Перчатки боксерские,248831697,перч(венум-чер),Venum Elite Boxing перчатки для бокса,Venum,389530340,10 oz,50-65 кг,2040816452202,https://basket-16.wbbasket.ru/vol2488/part248831/248831697/images/big/1.webp
1605,Спортивные аксессуары,921,Перчатки боксерские,248831697,перч(венум-чер),Venum Elite Boxing перчатки для бокса,Venum,389530341,12 oz,65-75 кг,2040816452219,https://basket-16.wbbasket.ru/vol2488/part248831/248831697/images/big/1.webp
1605,Спортивные аксессуары,921,Перчатки боксерские,248831697,перч(венум-чер),Venum Elite Boxing перчатки для бокса,Venum,439594552,14 oz,75-85 кг,2041932188860,https://basket-16.wbbasket.ru/vol2488/part248831/248831697/images/big/1.webp
1605,Спортивные аксессуары,921,Перчатки боксерские,425029647,виннинг-бел(без),Winning перчатки боксерские кожаные,Lucky Sport,606015454,10 oz,50-65 кг,2044150205517,https://basket-24.wbbasket.ru/vol4250/part425029/425029647/images/big/1.webp
1605,Спортивные аксессуары,921,Перчатки боксерские,425029647,виннинг-бел(без),Winning перчатки боксерские кожаные,Lucky Sport,606015456,12 oz,65-75 кг,2044150205524,https://basket-24.wbbasket.ru/vol4250/part425029/425029647/images/big/1.webp
1605,Спортивные аксессуары,921,Перчатки боксерские,425029647,виннинг-бел(без),Winning перчатки боксерские кожаные,Lucky Sport,606015457,14 oz,75-85 кг,2044150205531,https://basket-24.wbbasket.ru/vol4250/part425029/425029647/images/big/1.webp
1605,Спортивные аксессуары,921,Перчатки боксерские,425029647,виннинг-бел(без),Winning перчатки боксерские кожаные,Lucky Sport,606015458,16 oz,85 кг и более,2044150205548,https://basket-24.wbbasket.ru/vol4250/part425029/425029647/images/big/1.webp
1605,Спортивные аксессуары,2625,Перчатки ММА,215878356,ркпшка-евер (син),Перчатки для рукопашного боя Everlast,Lucky Sport,344255768,10 oz,55-65 кг,2039629533543,https://basket-14.wbbasket.ru/vol2158/part215878/215878356/images/big/1.webp
1605,Спортивные аксессуары,2625,Перчатки ММА,215878356,ркпшка-евер (син),Перчатки для рукопашного боя Everlast,Lucky Sport,344255767,12 oz,65-75 кг,2039629533536,https://basket-14.wbbasket.ru/vol2158/part215878/215878356/images/big/1.webp
1605,Спортивные аксессуары,2625,Перчатки ММА,215878356,ркпшка-евер (син),Перчатки для рукопашного боя Everlast,Lucky Sport,344255770,14 oz,75-85 кг,2039629533567,https://basket-14.wbbasket.ru/vol2158/part215878/215878356/images/big/1.webp
1605,Спортивные аксессуары,2625,Перчатки ММА,215878356,ркпшка-евер (син),Перчатки для рукопашного боя Everlast,Lucky Sport,344255769,8 oz,от 8 до 13 лет,2039629533550,https://basket-14.wbbasket.ru/vol2158/part215878/215878356/images/big/1.webp
1605,Спортивные аксессуары,2625,Перчатки ММА,217215633,ркпшка-евер(крсн),Перчатки для рукопашного боя Everlast,Lucky Sport,346040270,10 oz,55-65 кг,2039656606999,https://basket-14.wbbasket.ru/vol2172/part217215/217215633/images/big/1.webp
1605,Спортивные аксессуары,2625,Перчатки ММА,217215633,ркпшка-евер(крсн),Перчатки для рукопашного боя Everlast,Lucky Sport,346040271,12 oz,65-75 кг,2039656607002,https://basket-14.wbbasket.ru/vol2172/part217215/217215633/images/big/1.webp
1605,Спортивные аксессуары,2625,Перчатки ММА,217215633,ркпшка-евер(крсн),Перчатки для рукопашного боя Everlast,Lucky Sport,346040272,14 oz,75-85 кг,2039656607019,https://basket-14.wbbasket.ru/vol2172/part217215/217215633/images/big/1.webp
1605,Спортивные аксессуары,2625,Перчатки ММА,217215633,ркпшка-евер(крсн),Перчатки для рукопашного боя Everlast,Lucky Sport,346040273,8 oz,от 8 до 13 лет,2039656607026,https://basket-14.wbbasket.ru/vol2172/part217215/217215633/images/big/1.webp
1605,Спортивные аксессуары,2625,Перчатки ММА,209778985,адимма-чрн,Перчатки ММА Adidas для единоборств без пальцев,Lucky Sport,335910876,L/XL,21-23,2039499212944,https://basket-14.wbbasket.ru/vol2097/part209778/209778985/images/big/1.webp
1605,Спортивные аксессуары,2625,Перчатки ММА,209778985,адимма-чрн,Перчатки ММА Adidas для единоборств без пальцев,Lucky Sport,335910875,S/M,18-20,2039499212937,https://basket-14.wbbasket.ru/vol2097/part209778/209778985/images/big/1.webp
1605,Спортивные аксессуары,2625,Перчатки ММА,263315908,емра(флт),Перчатки ММА Emrah UFC для единоборств,Lucky Sport,408839970,L,Обх. 21-22,2041273536313,https://basket-17.wbbasket.ru/vol2633/part263315/263315908/images/big/1.webp
1605,Спортивные аксессуары,2625,Перчатки ММА,263315908,емра(флт),Перчатки ММА Emrah UFC для единоборств,Lucky Sport,408839969,M,Обх. 20-21,2041273536306,https://basket-17.wbbasket.ru/vol2633/part263315/263315908/images/big/1.webp
1605,Спортивные аксессуары,2625,Перчатки ММА,263315908,емра(флт),Перчатки ММА Emrah UFC для единоборств,Lucky Sport,408839968,S,Обх. 19-20,2041273536290,https://basket-17.wbbasket.ru/vol2633/part263315/263315908/images/big/1.webp
1605,Спортивные аксессуары,2625,Перчатки ММА,263315908,емра(флт),Перчатки ММА Emrah UFC для единоборств,Lucky Sport,408839971,XL,Обх. 22+,2041273536320,https://basket-17.wbbasket.ru/vol2633/part263315/263315908/images/big/1.webp
1605,Спортивные аксессуары,2625,Перчатки ММА,263315909,емра(бел),Перчатки ММА Emrah UFC для единоборств,Lucky Sport,408839973,M,Обх. 20-21,2041273540891,https://basket-17.wbbasket.ru/vol2633/part263315/263315909/images/big/1.webp
1605,Спортивные аксессуары,2625,Перчатки ММА,263315909,емра(бел),Перчатки ММА Emrah UFC для единоборств,Lucky Sport,408839972,S,Обх. 19-20,2041273540884,https://basket-17.wbbasket.ru/vol2633/part263315/263315909/images/big/1.webp
1605,Спортивные аксессуары,2625,Перчатки ММА,263315909,емра(бел),Перчатки ММА Emrah UFC для единоборств,Lucky Sport,408839975,XL,Обх. 22+,2041273540914,https://basket-17.wbbasket.ru/vol2633/part263315/263315909/images/big/1.webp
1605,Спортивные аксессуары,2625,Перчатки ММА,263315909,емра(бел),Перчатки ММА Emrah UFC для единоборств,Lucky Sport,408839974,L,Обх. 21-22,2041273540907,https://basket-17.wbbasket.ru/vol2633/part263315/263315909/images/big/1.webp
1605,Спортивные аксессуары,2625,Перчатки ММА,263315910,емра(син),Перчатки ММА Emrah UFC для единоборств,Lucky Sport,408839978,L,Обх. 21-22,2041273542109,https://basket-17.wbbasket.ru/vol2633/part263315/263315910/images/big/1.webp
1605,Спортивные аксессуары,2625,Перчатки ММА,263315910,емра(син),Перчатки ММА Emrah UFC для единоборств,Lucky Sport,408839977,M,Обх. 20-21,2041273542093,https://basket-17.wbbasket.ru/vol2633/part263315/263315910/images/big/1.webp
1605,Спортивные аксессуары,2625,Перчатки ММА,263315910,емра(син),Перчатки ММА Emrah UFC для единоборств,Lucky Sport,408839976,S,Обх. 19-20,2041273542086,https://basket-17.wbbasket.ru/vol2633/part263315/263315910/images/big/1.webp
1605,Спортивные аксессуары,2625,Перчатки ММА,263315910,емра(син),Перчатки ММА Emrah UFC для единоборств,Lucky Sport,408839979,XL,Обх. 22+,2041273542116,https://basket-17.wbbasket.ru/vol2633/part263315/263315910/images/big/1.webp
1605,Спортивные аксессуары,2625,Перчатки ММА,209778984,евермма-крсн,Перчатки ММА Everlast для единоборств без пальцев,Lucky Sport,335910874,L/XL,21-23,2039499179742,https://basket-14.wbbasket.ru/vol2097/part209778/209778984/images/big/1.webp
1605,Спортивные аксессуары,2625,Перчатки ММА,209778984,евермма-крсн,Перчатки ММА Everlast для единоборств без пальцев,Lucky Sport,335910873,S/M,18-20,2039499179735,https://basket-14.wbbasket.ru/vol2097/part209778/209778984/images/big/1.webp
1605,Спортивные аксессуары,2021,Перчатки спортивные,214475905,киоку-накладки,Накладки киокушинкай (каратэ),Lucky Sport,342363090,M,12-14 лет,2039601574793,https://basket-14.wbbasket.ru/vol2144/part214475/214475905/images/big/1.webp
1605,Спортивные аксессуары,2021,Перчатки спортивные,214475905,киоку-накладки,Накладки киокушинкай (каратэ),Lucky Sport,342363089,S,9-11 лет,2039601574786,https://basket-14.wbbasket.ru/vol2144/part214475/214475905/images/big/1.webp
1605,Спортивные аксессуары,2021,Перчатки спортивные,214475905,киоку-накладки,Накладки киокушинкай (каратэ),Lucky Sport,342363088,XS,6-8 лет,2039601574779,https://basket-14.wbbasket.ru/vol2144/part214475/214475905/images/big/1.webp
1605,Спортивные аксессуары,2021,Перчатки спортивные,214475905,киоку-накладки,Накладки киокушинкай (каратэ),Lucky Sport,342363091,L,15-17 лет,2039601574809,https://basket-14.wbbasket.ru/vol2144/part214475/214475905/images/big/1.webp
1605,Спортивные аксессуары,2021,Перчатки спортивные,214475905,киоку-накладки,Накладки киокушинкай (каратэ),Lucky Sport,342363092,XL,17+,2039601574816,https://basket-14.wbbasket.ru/vol2144/part214475/214475905/images/big/1.webp
1605,Спортивные аксессуары,2021,Перчатки спортивные,209682681,адикаратэ-бел,Перчатки для карате и спаррингов,Lucky Sport,335781320,L,15+ лет,2039497490139,https://basket-14.wbbasket.ru/vol2096/part209682/209682681/images/big/1.webp
1605,Спортивные аксессуары,2021,Перчатки спортивные,209682681,адикаратэ-бел,Перчатки для карате и спаррингов,Lucky Sport,335781318,S,9-11 лет,2039497490115,https://basket-14.wbbasket.ru/vol2096/part209682/209682681/images/big/1.webp
1605,Спортивные аксессуары,2021,Перчатки спортивные,209682681,адикаратэ-бел,Перчатки для карате и спаррингов,Lucky Sport,335781322,XL,Более 16 лет,2039497490146,https://basket-14.wbbasket.ru/vol2096/part209682/209682681/images/big/1.webp
1605,Спортивные аксессуары,2021,Перчатки спортивные,209682681,адикаратэ-бел,Перчатки для карате и спаррингов,Lucky Sport,335781317,XS,6-8 лет,2039497490108,https://basket-14.wbbasket.ru/vol2096/part209682/209682681/images/big/1.webp
1605,Спортивные аксессуары,2021,Перчатки спортивные,209682681,адикаратэ-бел,Перчатки для карате и спаррингов,Lucky Sport,335781319,M,12-14 лет,2039497490122,https://basket-14.wbbasket.ru/vol2096/part209682/209682681/images/big/1.webp
1605,Спортивные аксессуары,2021,Перчатки спортивные,209682684,адикаратэ-крсн,Перчатки для карате и спаррингов,Lucky Sport,335781329,L,15+ лет,2039497490528,https://basket-14.wbbasket.ru/vol2096/part209682/209682684/images/big/1.webp
1605,Спортивные аксессуары,2021,Перчатки спортивные,209682684,адикаратэ-крсн,Перчатки для карате и спаррингов,Lucky Sport,335781327,M,12-14 лет,2039497490511,https://basket-14.wbbasket.ru/vol2096/part209682/209682684/images/big/1.webp
1605,Спортивные аксессуары,2021,Перчатки спортивные,209682684,адикаратэ-крсн,Перчатки для карате и спаррингов,Lucky Sport,335781326,S,9-11 лет,2039497490504,https://basket-14.wbbasket.ru/vol2096/part209682/209682684/images/big/1.webp
1605,Спортивные аксессуары,2021,Перчатки спортивные,209682684,адикаратэ-крсн,Перчатки для карате и спаррингов,Lucky Sport,335781332,XL,Более 16 лет,2039497490535,https://basket-14.wbbasket.ru/vol2096/part209682/209682684/images/big/1.webp
1605,Спортивные аксессуары,2021,Перчатки спортивные,209682684,адикаратэ-крсн,Перчатки для карате и спаррингов,Lucky Sport,335781324,XS,6-8 лет,2039497490498,https://basket-14.wbbasket.ru/vol2096/part209682/209682684/images/big/1.webp
1605,Спортивные аксессуары,2021,Перчатки спортивные,209682690,адикаратэ-син,Перчатки для карате и спаррингов,Lucky Sport,335781335,S,9-11 лет,2039497564717,https://basket-14.wbbasket.ru/vol2096/part209682/209682690/images/big/1.webp
1605,Спортивные аксессуары,2021,Перчатки спортивные,209682690,адикаратэ-син,Перчатки для карате и спаррингов,Lucky Sport,335781334,XS,6-8 лет,2039497564700,https://basket-14.wbbasket.ru/vol2096/part209682/209682690/images/big/1.webp
1605,Спортивные аксессуары,2021,Перчатки спортивные,209682690,адикаратэ-син,Перчатки для карате и спаррингов,Lucky Sport,335781337,L,15+ лет,2039497564731,https://basket-14.wbbasket.ru/vol2096/part209682/209682690/images/big/1.webp
1605,Спортивные аксессуары,2021,Перчатки спортивные,209682690,адикаратэ-син,Перчатки для карате и спаррингов,Lucky Sport,335781336,M,12-14 лет,2039497564724,https://basket-14.wbbasket.ru/vol2096/part209682/209682690/images/big/1.webp
1605,Спортивные аксессуары,2021,Перчатки спортивные,209682690,адикаратэ-син,Перчатки для карате и спаррингов,Lucky Sport,335781339,XL,Более 16 лет,2039497564748,https://basket-14.wbbasket.ru/vol2096/part209682/209682690/images/big/1.webp
1605,Спортивные аксессуары,2021,Перчатки спортивные,222226132,араваза-перч(крсн),Перчатки для карате и спаррингов,Lucky Sport,352833991,L,15-17 лет,2039786668621,https://basket-15.wbbasket.ru/vol2222/part222226/222226132/images/big/1.webp
1605,Спортивные аксессуары,2021,Перчатки спортивные,222226132,араваза-перч(крсн),Перчатки для карате и спаррингов,Lucky Sport,352833990,M,12-14 лет,2039786668614,https://basket-15.wbbasket.ru/vol2222/part222226/222226132/images/big/1.webp
1605,Спортивные аксессуары,2021,Перчатки спортивные,222226132,араваза-перч(крсн),Перчатки для карате и спаррингов,Lucky Sport,352833988,XS,6-8 лет,2039786668591,https://basket-15.wbbasket.ru/vol2222/part222226/222226132/images/big/1.webp
1605,Спортивные аксессуары,2021,Перчатки спортивные,222226132,араваза-перч(крсн),Перчатки для карате и спаррингов,Lucky Sport,352833989,S,9-11 лет,2039786668607,https://basket-15.wbbasket.ru/vol2222/part222226/222226132/images/big/1.webp
1605,Спортивные аксессуары,2021,Перчатки спортивные,222226132,араваза-перч(крсн),Перчатки для карате и спаррингов,Lucky Sport,352833992,XL,17+ лет,2039786668638,https://basket-15.wbbasket.ru/vol2222/part222226/222226132/images/big/1.webp
1605,Спортивные аксессуары,2021,Перчатки спортивные,222226133,араваза-перч(син),Перчатки для карате и спаррингов,Lucky Sport,352833996,L,15-17 лет,2039786670334,https://basket-15.wbbasket.ru/vol2222/part222226/222226133/images/big/1.webp
1605,Спортивные аксессуары,2021,Перчатки спортивные,222226133,араваза-перч(син),Перчатки для карате и спаррингов,Lucky Sport,352833995,M,12-14 лет,2039786670327,https://basket-15.wbbasket.ru/vol2222/part222226/222226133/images/big/1.webp
1605,Спортивные аксессуары,2021,Перчатки спортивные,222226133,араваза-перч(син),Перчатки для карате и спаррингов,Lucky Sport,352833994,S,9-11 лет,2039786670310,https://basket-15.wbbasket.ru/vol2222/part222226/222226133/images/big/1.webp
1605,Спортивные аксессуары,2021,Перчатки спортивные,222226133,араваза-перч(син),Перчатки для карате и спаррингов,Lucky Sport,352833997,XL,17+ лет,2039786670341,https://basket-15.wbbasket.ru/vol2222/part222226/222226133/images/big/1.webp
1605,Спортивные аксессуары,2021,Перчатки спортивные,222226133,араваза-перч(син),Перчатки для карате и спаррингов,Lucky Sport,352833993,XS,6-8 лет,2039786670303,https://basket-15.wbbasket.ru/vol2222/part222226/222226133/images/big/1.webp
1605,Спортивные аксессуары,2021,Перчатки спортивные,254525728,каратэ-киоку,Перчатки для карате и спаррингов,Lucky Sport,397022547,M,12-14 лет,2040983726632,https://basket-16.wbbasket.ru/vol2545/part254525/254525728/images/big/1.webp
1605,Спортивные аксессуары,2021,Перчатки спортивные,254525728,каратэ-киоку,Перчатки для карате и спаррингов,Lucky Sport,397022549,XL,Более 16 лет,2040983726656,https://basket-16.wbbasket.ru/vol2545/part254525/254525728/images/big/1.webp
1605,Спортивные аксессуары,2021,Перчатки спортивные,254525728,каратэ-киоку,Перчатки для карате и спаррингов,Lucky Sport,397022546,L,15+ лет,2040983726625,https://basket-16.wbbasket.ru/vol2545/part254525/254525728/images/big/1.webp
1605,Спортивные аксессуары,2021,Перчатки спортивные,254525728,каратэ-киоку,Перчатки для карате и спаррингов,Lucky Sport,397022548,S,9-11 лет,2040983726649,https://basket-16.wbbasket.ru/vol2545/part254525/254525728/images/big/1.webp
1605,Спортивные аксессуары,2021,Перчатки спортивные,206471491,даедо-перч,"Перчатки для каратэ, доедо и кулачки",Lucky Sport,439611938,XL,20-21,2041933132152,https://basket-14.wbbasket.ru/vol2064/part206471/206471491/images/big/1.webp
1605,Спортивные аксессуары,2021,Перчатки спортивные,206471491,даедо-перч,"Перчатки для каратэ, доедо и кулачки",Lucky Sport,439611937,L,19-20,2041933127127,https://basket-14.wbbasket.ru/vol2064/part206471/206471491/images/big/1.webp
1605,Спортивные аксессуары,2021,Перчатки спортивные,206471491,даедо-перч,"Перчатки для каратэ, доедо и кулачки",Lucky Sport,331592109,M,18-19,2039442779142,https://basket-14.wbbasket.ru/vol2064/part206471/206471491/images/big/1.webp
1605,Спортивные аксессуары,2021,Перчатки спортивные,206471491,даедо-перч,"Перчатки для каратэ, доедо и кулачки",Lucky Sport,331592108,S,17-18,2039442779029,https://basket-14.wbbasket.ru/vol2064/part206471/206471491/images/big/1.webp
1605,Спортивные аксессуары,2021,Перчатки спортивные,206471491,даедо-перч,"Перчатки для каратэ, доедо и кулачки",Lucky Sport,331592107,XS,15-16,2039442778565,https://basket-14.wbbasket.ru/vol2064/part206471/206471491/images/big/1.webp
1605,Спортивные аксессуары,2021,Перчатки спортивные,208483248,черепашки-син,Перчатки для мма (ufc) черепашки рукопашка (мма),Lucky Sport,342247627,XL,21-24,2039599587850,https://basket-14.wbbasket.ru/vol2084/part208483/208483248/images/big/1.webp
1605,Спортивные аксессуары,2021,Перчатки спортивные,208483248,черепашки-син,Перчатки для мма (ufc) черепашки рукопашка (мма),Lucky Sport,334145632,S,19-20,2039470538742,https://basket-14.wbbasket.ru/vol2084/part208483/208483248/images/big/1.webp
1605,Спортивные аксессуары,2021,Перчатки спортивные,208483248,черепашки-син,Перчатки для мма (ufc) черепашки рукопашка (мма),Lucky Sport,334145634,L,21-22,2039470538766,https://basket-14.wbbasket.ru/vol2084/part208483/208483248/images/big/1.webp
1605,Спортивные аксессуары,2021,Перчатки спортивные,208483248,черепашки-син,Перчатки для мма (ufc) черепашки рукопашка (мма),Lucky Sport,334145633,M,20-21,2039470538759,https://basket-14.wbbasket.ru/vol2084/part208483/208483248/images/big/1.webp
1605,Спортивные аксессуары,2021,Перчатки спортивные,208483248,черепашки-син,Перчатки для мма (ufc) черепашки рукопашка (мма),Lucky Sport,334145631,XS,18-19,2039470537721,https://basket-14.wbbasket.ru/vol2084/part208483/208483248/images/big/1.webp
1605,Спортивные аксессуары,2021,Перчатки спортивные,208483250,черепашки-жлт,Перчатки для мма (ufc) черепашки рукопашка (мма),Lucky Sport,334145642,L,21-22,2039470578021,https://basket-14.wbbasket.ru/vol2084/part208483/208483250/images/big/1.webp
1605,Спортивные аксессуары,2021,Перчатки спортивные,208483250,черепашки-жлт,Перчатки для мма (ufc) черепашки рукопашка (мма),Lucky Sport,334145641,M,20-21,2039470578014,https://basket-14.wbbasket.ru/vol2084/part208483/208483250/images/big/1.webp
1605,Спортивные аксессуары,2021,Перчатки спортивные,208483250,черепашки-жлт,Перчатки для мма (ufc) черепашки рукопашка (мма),Lucky Sport,334145640,S,19-20,2039470578007,https://basket-14.wbbasket.ru/vol2084/part208483/208483250/images/big/1.webp
1605,Спортивные аксессуары,2021,Перчатки спортивные,208483250,черепашки-жлт,Перчатки для мма (ufc) черепашки рукопашка (мма),Lucky Sport,334145639,XS,18-19,2039470577994,https://basket-14.wbbasket.ru/vol2084/part208483/208483250/images/big/1.webp
1605,Спортивные аксессуары,2021,Перчатки спортивные,214393866,черепашка-кожа(син),Перчатки для мма (ufc) черепашки рукопашка (мма),Lucky Sport,342247632,XS,18-19,2039599619872,https://basket-14.wbbasket.ru/vol2143/part214393/214393866/images/big/1.webp
1605,Спортивные аксессуары,2021,Перчатки спортивные,214393866,черепашка-кожа(син),Перчатки для мма (ufc) черепашки рукопашка (мма),Lucky Sport,342247633,XL,21-24,2039599619889,https://basket-14.wbbasket.ru/vol2143/part214393/214393866/images/big/1.webp
1605,Спортивные аксессуары,2021,Перчатки спортивные,214393866,черепашка-кожа(син),Перчатки для мма (ufc) черепашки рукопашка (мма),Lucky Sport,342247629,L,21-22,2039599619841,https://basket-14.wbbasket.ru/vol2143/part214393/214393866/images/big/1.webp
1605,Спортивные аксессуары,2021,Перчатки спортивные,214393866,черепашка-кожа(син),Перчатки для мма (ufc) черепашки рукопашка (мма),Lucky Sport,342247630,M,20-21,2039599619858,https://basket-14.wbbasket.ru/vol2143/part214393/214393866/images/big/1.webp
1605,Спортивные аксессуары,2021,Перчатки спортивные,214393866,черепашка-кожа(син),Перчатки для мма (ufc) черепашки рукопашка (мма),Lucky Sport,342247631,S,19-20,2039599619865,https://basket-14.wbbasket.ru/vol2143/part214393/214393866/images/big/1.webp
1605,Спортивные аксессуары,2021,Перчатки спортивные,215871836,чрпшка-кожа(крсн),Перчатки для мма (ufc) черепашки рукопашка (мма),Lucky Sport,344246649,L,21-22,2039629389089,https://basket-14.wbbasket.ru/vol2158/part215871/215871836/images/big/1.webp
1605,Спортивные аксессуары,2021,Перчатки спортивные,215871836,чрпшка-кожа(крсн),Перчатки для мма (ufc) черепашки рукопашка (мма),Lucky Sport,344246650,M,20-21,2039629389096,https://basket-14.wbbasket.ru/vol2158/part215871/215871836/images/big/1.webp
1605,Спортивные аксессуары,2021,Перчатки спортивные,215871836,чрпшка-кожа(крсн),Перчатки для мма (ufc) черепашки рукопашка (мма),Lucky Sport,344246651,S,19-20,2039629389102,https://basket-14.wbbasket.ru/vol2158/part215871/215871836/images/big/1.webp
1605,Спортивные аксессуары,2021,Перчатки спортивные,215871836,чрпшка-кожа(крсн),Перчатки для мма (ufc) черепашки рукопашка (мма),Lucky Sport,344246652,XL,21-24,2039629389119,https://basket-14.wbbasket.ru/vol2158/part215871/215871836/images/big/1.webp
1605,Спортивные аксессуары,2021,Перчатки спортивные,215871836,чрпшка-кожа(крсн),Перчатки для мма (ufc) черепашки рукопашка (мма),Lucky Sport,344246653,XS,18-19,2039629389126,https://basket-14.wbbasket.ru/vol2158/part215871/215871836/images/big/1.webp
1605,Спортивные аксессуары,2021,Перчатки спортивные,254047029,черепашки-тигр(бел),Перчатки для мма (ufc) черепашки рукопашка (мма),Lucky Sport,396384108,L,21-22,2040966858985,https://basket-16.wbbasket.ru/vol2540/part254047/254047029/images/big/1.webp
1605,Спортивные аксессуары,2021,Перчатки спортивные,254047029,черепашки-тигр(бел),Перчатки для мма (ufc) черепашки рукопашка (мма),Lucky Sport,396384109,M,20-21,2040966858992,https://basket-16.wbbasket.ru/vol2540/part254047/254047029/images/big/1.webp
1605,Спортивные аксессуары,2021,Перчатки спортивные,254047029,черепашки-тигр(бел),Перчатки для мма (ufc) черепашки рукопашка (мма),Lucky Sport,396384110,S,19-20,2040966859005,https://basket-16.wbbasket.ru/vol2540/part254047/254047029/images/big/1.webp
1605,Спортивные аксессуары,2021,Перчатки спортивные,254047029,черепашки-тигр(бел),Перчатки для мма (ufc) черепашки рукопашка (мма),Lucky Sport,396384111,XS,18-19,2040966859012,https://basket-16.wbbasket.ru/vol2540/part254047/254047029/images/big/1.webp
1605,Спортивные аксессуары,2021,Перчатки спортивные,208483249,черепашки-крсн,Перчатки для мма (ufc) черепашки рукопашка(мма),Lucky Sport,334145635,XS,18-19,2039470568923,https://basket-14.wbbasket.ru/vol2084/part208483/208483249/images/big/1.webp
1605,Спортивные аксессуары,2021,Перчатки спортивные,208483249,черепашки-крсн,Перчатки для мма (ufc) черепашки рукопашка(мма),Lucky Sport,334145638,L,21-22,2039470568954,https://basket-14.wbbasket.ru/vol2084/part208483/208483249/images/big/1.webp
1605,Спортивные аксессуары,2021,Перчатки спортивные,208483249,черепашки-крсн,Перчатки для мма (ufc) черепашки рукопашка(мма),Lucky Sport,334145637,M,20-21,2039470568947,https://basket-14.wbbasket.ru/vol2084/part208483/208483249/images/big/1.webp
1605,Спортивные аксессуары,2021,Перчатки спортивные,208483249,черепашки-крсн,Перчатки для мма (ufc) черепашки рукопашка(мма),Lucky Sport,334145636,S,19-20,2039470568930,https://basket-14.wbbasket.ru/vol2084/part208483/208483249/images/big/1.webp
1605,Спортивные аксессуары,2021,Перчатки спортивные,208483249,черепашки-крсн,Перчатки для мма (ufc) черепашки рукопашка(мма),Lucky Sport,342247628,XL,22-24,2039599587423,https://basket-14.wbbasket.ru/vol2084/part208483/208483249/images/big/1.webp
1605,Спортивные аксессуары,2021,Перчатки спортивные,211677143,перч-киоку,Перчатки каратэ Киокушинкай,Lucky Sport,338508680,L,15+ лет,2039541000048,https://basket-14.wbbasket.ru/vol2116/part211677/211677143/images/big/1.webp
1605,Спортивные аксессуары,2021,Перчатки спортивные,211677143,перч-киоку,Перчатки каратэ Киокушинкай,Lucky Sport,338508679,M,12-14 лет,2039541000031,https://basket-14.wbbasket.ru/vol2116/part211677/211677143/images/big/1.webp
1605,Спортивные аксессуары,2021,Перчатки спортивные,211677143,перч-киоку,Перчатки каратэ Киокушинкай,Lucky Sport,338508678,S,9-11 лет,2039541000024,https://basket-14.wbbasket.ru/vol2116/part211677/211677143/images/big/1.webp
1605,Спортивные аксессуары,2021,Перчатки спортивные,211677143,перч-киоку,Перчатки каратэ Киокушинкай,Lucky Sport,338508681,XL,1,2039541000055,https://basket-14.wbbasket.ru/vol2116/part211677/211677143/images/big/1.webp
1605,Спортивные аксессуары,2021,Перчатки спортивные,211677143,перч-киоку,Перчатки каратэ Киокушинкай,Lucky Sport,338508677,XS,6-8 лет,2039541000017,https://basket-14.wbbasket.ru/vol2116/part211677/211677143/images/big/1.webp
1605,Спортивные аксессуары,2021,Перчатки спортивные,254198127,накладки-ади,"Adidas накладки кисти для мма (каратэ, киокушинкай)",Lucky Sport,396567510,L,15-17 лет,2040971522734,https://basket-16.wbbasket.ru/vol2541/part254198/254198127/images/big/1.webp
1605,Спортивные аксессуары,2021,Перчатки спортивные,254198127,накладки-ади,"Adidas накладки кисти для мма (каратэ, киокушинкай)",Lucky Sport,396567511,M,12-14 лет,2040971522741,https://basket-16.wbbasket.ru/vol2541/part254198/254198127/images/big/1.webp
1605,Спортивные аксессуары,2021,Перчатки спортивные,254198127,накладки-ади,"Adidas накладки кисти для мма (каратэ, киокушинкай)",Lucky Sport,396567512,S,9-11 лет,2040971522758,https://basket-16.wbbasket.ru/vol2541/part254198/254198127/images/big/1.webp
1605,Спортивные аксессуары,2021,Перчатки спортивные,254198127,накладки-ади,"Adidas накладки кисти для мма (каратэ, киокушинкай)",Lucky Sport,396567513,XL,17+,2040971522765,https://basket-16.wbbasket.ru/vol2541/part254198/254198127/images/big/1.webp
1605,Спортивные аксессуары,2021,Перчатки спортивные,254198127,накладки-ади,"Adidas накладки кисти для мма (каратэ, киокушинкай)",Lucky Sport,396567514,XS,6-8 лет,2040971522772,https://basket-16.wbbasket.ru/vol2541/part254198/254198127/images/big/1.webp
1605,Спортивные аксессуары,2021,Перчатки спортивные,254198128,накладки-евер,"Everlast накладки кисти для мма (каратэ, киокушинкай)",Lucky Sport,396567515,L,15-17 лет,2040971537820,https://basket-16.wbbasket.ru/vol2541/part254198/254198128/images/big/1.webp
1605,Спортивные аксессуары,2021,Перчатки спортивные,254198128,накладки-евер,"Everlast накладки кисти для мма (каратэ, киокушинкай)",Lucky Sport,396567516,M,12-14 лет,2040971537837,https://basket-16.wbbasket.ru/vol2541/part254198/254198128/images/big/1.webp
1605,Спортивные аксессуары,2021,Перчатки спортивные,254198128,накладки-евер,"Everlast накладки кисти для мма (каратэ, киокушинкай)",Lucky Sport,396567517,S,9-11 лет,2040971537844,https://basket-16.wbbasket.ru/vol2541/part254198/254198128/images/big/1.webp
1605,Спортивные аксессуары,2021,Перчатки спортивные,254198128,накладки-евер,"Everlast накладки кисти для мма (каратэ, киокушинкай)",Lucky Sport,396567519,XS,6-8 лет,2040971537868,https://basket-16.wbbasket.ru/vol2541/part254198/254198128/images/big/1.webp
1605,Спортивные аксессуары,2021,Перчатки спортивные,254198128,накладки-евер,"Everlast накладки кисти для мма (каратэ, киокушинкай)",Lucky Sport,396567518,XL,17+,2040971537851,https://basket-16.wbbasket.ru/vol2541/part254198/254198128/images/big/1.webp
1605,Спортивные аксессуары,2021,Перчатки спортивные,254525729,каратэ-топтен,Topten Перчатки для карате и спаррингов,Lucky Sport,397022550,L,15+ лет,2040983730349,https://basket-16.wbbasket.ru/vol2545/part254525/254525729/images/big/1.webp
1605,Спортивные аксессуары,2021,Перчатки спортивные,254525729,каратэ-топтен,Topten Перчатки для карате и спаррингов,Lucky Sport,397022551,M,12-14 лет,2040983730356,https://basket-16.wbbasket.ru/vol2545/part254525/254525729/images/big/1.webp
1605,Спортивные аксессуары,2021,Перчатки спортивные,254525729,каратэ-топтен,Topten Перчатки для карате и спаррингов,Lucky Sport,397022552,S,9-11 лет,2040983730363,https://basket-16.wbbasket.ru/vol2545/part254525/254525729/images/big/1.webp
1605,Спортивные аксессуары,2021,Перчатки спортивные,254525729,каратэ-топтен,Topten Перчатки для карате и спаррингов,Lucky Sport,397022554,XL,Более 16 лет,2040983730370,https://basket-16.wbbasket.ru/vol2545/part254525/254525729/images/big/1.webp
1605,Спортивные аксессуары,2021,Перчатки спортивные,256054265,черепаш-венум(чрн),Venum перчатки для мма (ufc) черепашки рукопашка,Lucky Sport,399065516,S/M,19-21,2041029601913,https://basket-16.wbbasket.ru/vol2560/part256054/256054265/images/big/1.webp
1605,Спортивные аксессуары,2021,Перчатки спортивные,256054265,черепаш-венум(чрн),Venum перчатки для мма (ufc) черепашки рукопашка,Lucky Sport,399065515,L/XL,21-24,2041029601906,https://basket-16.wbbasket.ru/vol2560/part256054/256054265/images/big/1.webp
1605,Спортивные аксессуары,2021,Перчатки спортивные,256054266,черепаш-венум(злн),Venum перчатки для мма (ufc) черепашки рукопашка,Lucky Sport,399065520,S/M,19-21,2041029606703,https://basket-16.wbbasket.ru/vol2560/part256054/256054266/images/big/1.webp
1605,Спортивные аксессуары,2021,Перчатки спортивные,256054266,черепаш-венум(злн),Venum перчатки для мма (ufc) черепашки рукопашка,Lucky Sport,399065519,L/XL,21-24,2041029606697,https://basket-16.wbbasket.ru/vol2560/part256054/256054266/images/big/1.webp
49,Красота,344,Помады,1332991661,диор-лип(чери),Масло бальзам для губ,Dior,1976712419,0,,2054242585724,https://basket-45.wbbasket.ru/vol13329/part1332991/1332991661/images/big/1.webp
49,Красота,344,Помады,1333001833,диор-лип(тофи),Масло бальзам для губ,Dior,1976733593,0,,2054242735679,https://basket-45.wbbasket.ru/vol13330/part1333001/1333001833/images/big/1.webp
49,Красота,344,Помады,1333001834,диор-лип(личи),Масло бальзам для губ,Dior,1976733594,0,,2054242782437,https://basket-45.wbbasket.ru/vol13330/part1333001/1333001834/images/big/1.webp
49,Красота,344,Помады,1333001835,диор-лип(пинк),Масло бальзам для губ,Dior,1976733595,0,,2054242796991,https://basket-45.wbbasket.ru/vol13330/part1333001/1333001835/images/big/1.webp
49,Красота,344,Помады,1333001836,диор-лип(лаван),Масло бальзам для губ,Dior,1976733596,0,,2054242816781,https://basket-45.wbbasket.ru/vol13330/part1333001/1333001836/images/big/1.webp
1605,Спортивные аксессуары,2925,Пояса для единоборств,621656979,ги-кингз(бел),Кимоно (ги бжж) для джиу-джитсу,Kingz Kimonos,843260521,A2,170-178 см,2047346119124,https://basket-31.wbbasket.ru/vol6216/part621656/621656979/images/big/1.webp
1605,Спортивные аксессуары,2925,Пояса для единоборств,621656979,ги-кингз(бел),Кимоно (ги бжж) для джиу-джитсу,Kingz Kimonos,843260522,A2L,175-185 СМ,2047346119131,https://basket-31.wbbasket.ru/vol6216/part621656/621656979/images/big/1.webp
1605,Спортивные аксессуары,2925,Пояса для единоборств,621656979,ги-кингз(бел),Кимоно (ги бжж) для джиу-джитсу,Kingz Kimonos,843260518,A0,150-160см,2047346119094,https://basket-31.wbbasket.ru/vol6216/part621656/621656979/images/big/1.webp
1605,Спортивные аксессуары,2925,Пояса для единоборств,621656979,ги-кингз(бел),Кимоно (ги бжж) для джиу-джитсу,Kingz Kimonos,843260519,A1,160-168 см,2047346119100,https://basket-31.wbbasket.ru/vol6216/part621656/621656979/images/big/1.webp
1605,Спортивные аксессуары,2925,Пояса для единоборств,621656979,ги-кингз(бел),Кимоно (ги бжж) для джиу-джитсу,Kingz Kimonos,843260520,A1L,165-175 см,2047346119117,https://basket-31.wbbasket.ru/vol6216/part621656/621656979/images/big/1.webp
1605,Спортивные аксессуары,2925,Пояса для единоборств,621656979,ги-кингз(бел),Кимоно (ги бжж) для джиу-джитсу,Kingz Kimonos,843260523,A3,175-185СМ,2047346119148,https://basket-31.wbbasket.ru/vol6216/part621656/621656979/images/big/1.webp
1605,Спортивные аксессуары,2925,Пояса для единоборств,621656979,ги-кингз(бел),Кимоно (ги бжж) для джиу-джитсу,Kingz Kimonos,843260524,A3L,180-190 см,2047346119155,https://basket-31.wbbasket.ru/vol6216/part621656/621656979/images/big/1.webp
1605,Спортивные аксессуары,2925,Пояса для единоборств,621656979,ги-кингз(бел),Кимоно (ги бжж) для джиу-джитсу,Kingz Kimonos,843260525,A4,185-195 см,2047346119162,https://basket-31.wbbasket.ru/vol6216/part621656/621656979/images/big/1.webp
1605,Спортивные аксессуары,2925,Пояса для единоборств,621656979,ги-кингз(бел),Кимоно (ги бжж) для джиу-джитсу,Kingz Kimonos,843260526,A5,190-200 см,2047346119179,https://basket-31.wbbasket.ru/vol6216/part621656/621656979/images/big/1.webp
1605,Спортивные аксессуары,2925,Пояса для единоборств,621656979,ги-кингз(бел),Кимоно (ги бжж) для джиу-джитсу,Kingz Kimonos,843260513,M0,120-130 см,2047346119049,https://basket-31.wbbasket.ru/vol6216/part621656/621656979/images/big/1.webp
1605,Спортивные аксессуары,2925,Пояса для единоборств,621656979,ги-кингз(бел),Кимоно (ги бжж) для джиу-джитсу,Kingz Kimonos,843260512,M00,110-120 см,2047346119032,https://basket-31.wbbasket.ru/vol6216/part621656/621656979/images/big/1.webp
1605,Спортивные аксессуары,2925,Пояса для единоборств,621656979,ги-кингз(бел),Кимоно (ги бжж) для джиу-джитсу,Kingz Kimonos,843260514,M1,130-140 см,2047346119056,https://basket-31.wbbasket.ru/vol6216/part621656/621656979/images/big/1.webp
1605,Спортивные аксессуары,2925,Пояса для единоборств,621656979,ги-кингз(бел),Кимоно (ги бжж) для джиу-джитсу,Kingz Kimonos,843260515,M2,135-145 см,2047346119063,https://basket-31.wbbasket.ru/vol6216/part621656/621656979/images/big/1.webp
1605,Спортивные аксессуары,2925,Пояса для единоборств,621656979,ги-кингз(бел),Кимоно (ги бжж) для джиу-джитсу,Kingz Kimonos,843260516,M3,145-155 см,2047346119070,https://basket-31.wbbasket.ru/vol6216/part621656/621656979/images/big/1.webp
1605,Спортивные аксессуары,2925,Пояса для единоборств,621656979,ги-кингз(бел),Кимоно (ги бжж) для джиу-джитсу,Kingz Kimonos,843260517,M4,150-160 см,2047346119087,https://basket-31.wbbasket.ru/vol6216/part621656/621656979/images/big/1.webp
1605,Спортивные аксессуары,2925,Пояса для единоборств,651225664,ги-витал(скай-блю),Кимоно для (бжж) джиу-джитсу,,878517835,M00,110-120 см,2047500088464,https://basket-32.wbbasket.ru/vol6512/part651225/651225664/images/big/1.webp
1605,Спортивные аксессуары,2925,Пояса для единоборств,651225664,ги-витал(скай-блю),Кимоно для (бжж) джиу-джитсу,,878595566,M0,120-130 см,2047500279602,https://basket-32.wbbasket.ru/vol6512/part651225/651225664/images/big/1.webp
1605,Спортивные аксессуары,2925,Пояса для единоборств,651225664,ги-витал(скай-блю),Кимоно для (бжж) джиу-джитсу,,878595567,M1,130-140 см,2047500279619,https://basket-32.wbbasket.ru/vol6512/part651225/651225664/images/big/1.webp
1605,Спортивные аксессуары,2925,Пояса для единоборств,651225664,ги-витал(скай-блю),Кимоно для (бжж) джиу-джитсу,,878595568,M2,135-145 см,2047500279626,https://basket-32.wbbasket.ru/vol6512/part651225/651225664/images/big/1.webp
1605,Спортивные аксессуары,2925,Пояса для единоборств,651225664,ги-витал(скай-блю),Кимоно для (бжж) джиу-джитсу,,878595569,M3,145-155 см,2047500279633,https://basket-32.wbbasket.ru/vol6512/part651225/651225664/images/big/1.webp
1605,Спортивные аксессуары,2925,Пояса для единоборств,651225664,ги-витал(скай-блю),Кимоно для (бжж) джиу-джитсу,,878595570,M4,150-160 см,2047500279640,https://basket-32.wbbasket.ru/vol6512/part651225/651225664/images/big/1.webp
1605,Спортивные аксессуары,2925,Пояса для единоборств,651225664,ги-витал(скай-блю),Кимоно для (бжж) джиу-джитсу,,878595571,A0,150-160см,2047500279657,https://basket-32.wbbasket.ru/vol6512/part651225/651225664/images/big/1.webp
1605,Спортивные аксессуары,2925,Пояса для единоборств,651225664,ги-витал(скай-блю),Кимоно для (бжж) джиу-джитсу,,878595572,A1,160-168 см,2047500279664,https://basket-32.wbbasket.ru/vol6512/part651225/651225664/images/big/1.webp
1605,Спортивные аксессуары,2925,Пояса для единоборств,651225664,ги-витал(скай-блю),Кимоно для (бжж) джиу-джитсу,,878595573,A1L,165-175 см,2047500279671,https://basket-32.wbbasket.ru/vol6512/part651225/651225664/images/big/1.webp
1605,Спортивные аксессуары,2925,Пояса для единоборств,651225664,ги-витал(скай-блю),Кимоно для (бжж) джиу-джитсу,,878595574,A2,170-178 см,2047500279688,https://basket-32.wbbasket.ru/vol6512/part651225/651225664/images/big/1.webp
1605,Спортивные аксессуары,2925,Пояса для единоборств,651225664,ги-витал(скай-блю),Кимоно для (бжж) джиу-джитсу,,878595575,A2L,175-185 СМ,2047500279695,https://basket-32.wbbasket.ru/vol6512/part651225/651225664/images/big/1.webp
1605,Спортивные аксессуары,2925,Пояса для единоборств,651225664,ги-витал(скай-блю),Кимоно для (бжж) джиу-джитсу,,878595576,A3,175-185СМ,2047500279701,https://basket-32.wbbasket.ru/vol6512/part651225/651225664/images/big/1.webp
1605,Спортивные аксессуары,2925,Пояса для единоборств,651225664,ги-витал(скай-блю),Кимоно для (бжж) джиу-джитсу,,878595577,A3L,180-190 см,2047500279718,https://basket-32.wbbasket.ru/vol6512/part651225/651225664/images/big/1.webp
1605,Спортивные аксессуары,2925,Пояса для единоборств,651225664,ги-витал(скай-блю),Кимоно для (бжж) джиу-джитсу,,878595578,A4,185-195 см,2047500279725,https://basket-32.wbbasket.ru/vol6512/part651225/651225664/images/big/1.webp
1605,Спортивные аксессуары,2925,Пояса для единоборств,651225664,ги-витал(скай-блю),Кимоно для (бжж) джиу-джитсу,,878595579,A5,190-200 см,2047500279732,https://basket-32.wbbasket.ru/vol6512/part651225/651225664/images/big/1.webp
1605,Спортивные аксессуары,2925,Пояса для единоборств,651294716,ги-вулкан(крсн),Кимоно для (бжж) джиу-джитсу,,878595586,A0,150-160см,2047500312385,https://basket-32.wbbasket.ru/vol6512/part651294/651294716/images/big/1.webp
1605,Спортивные аксессуары,2925,Пояса для единоборств,651294716,ги-вулкан(крсн),Кимоно для (бжж) джиу-джитсу,,878595587,A1,160-168 см,2047500312392,https://basket-32.wbbasket.ru/vol6512/part651294/651294716/images/big/1.webp
1605,Спортивные аксессуары,2925,Пояса для единоборств,651294716,ги-вулкан(крсн),Кимоно для (бжж) джиу-джитсу,,878595588,A1L,165-175 см,2047500312408,https://basket-32.wbbasket.ru/vol6512/part651294/651294716/images/big/1.webp
1605,Спортивные аксессуары,2925,Пояса для единоборств,651294716,ги-вулкан(крсн),Кимоно для (бжж) джиу-джитсу,,878595589,A2,170-178 см,2047500312415,https://basket-32.wbbasket.ru/vol6512/part651294/651294716/images/big/1.webp
1605,Спортивные аксессуары,2925,Пояса для единоборств,651294716,ги-вулкан(крсн),Кимоно для (бжж) джиу-джитсу,,878595590,A2L,175-185 СМ,2047500312422,https://basket-32.wbbasket.ru/vol6512/part651294/651294716/images/big/1.webp
1605,Спортивные аксессуары,2925,Пояса для единоборств,651294716,ги-вулкан(крсн),Кимоно для (бжж) джиу-джитсу,,878595591,A3,175-185СМ,2047500312439,https://basket-32.wbbasket.ru/vol6512/part651294/651294716/images/big/1.webp
1605,Спортивные аксессуары,2925,Пояса для единоборств,651294716,ги-вулкан(крсн),Кимоно для (бжж) джиу-джитсу,,878595592,A3L,180-190 см,2047500312446,https://basket-32.wbbasket.ru/vol6512/part651294/651294716/images/big/1.webp
1605,Спортивные аксессуары,2925,Пояса для единоборств,651294716,ги-вулкан(крсн),Кимоно для (бжж) джиу-джитсу,,878595593,A4,185-195 см,2047500312453,https://basket-32.wbbasket.ru/vol6512/part651294/651294716/images/big/1.webp
1605,Спортивные аксессуары,2925,Пояса для единоборств,651294716,ги-вулкан(крсн),Кимоно для (бжж) джиу-джитсу,,878595594,A5,190-200 см,2047500312460,https://basket-32.wbbasket.ru/vol6512/part651294/651294716/images/big/1.webp
1605,Спортивные аксессуары,2925,Пояса для единоборств,651294716,ги-вулкан(крсн),Кимоно для (бжж) джиу-джитсу,,878595581,M0,120-130 см,2047500312330,https://basket-32.wbbasket.ru/vol6512/part651294/651294716/images/big/1.webp
1605,Спортивные аксессуары,2925,Пояса для единоборств,651294716,ги-вулкан(крсн),Кимоно для (бжж) джиу-джитсу,,878595580,M00,110-120 см,2047500312323,https://basket-32.wbbasket.ru/vol6512/part651294/651294716/images/big/1.webp
1605,Спортивные аксессуары,2925,Пояса для единоборств,651294716,ги-вулкан(крсн),Кимоно для (бжж) джиу-джитсу,,878595582,M1,130-140 см,2047500312347,https://basket-32.wbbasket.ru/vol6512/part651294/651294716/images/big/1.webp
1605,Спортивные аксессуары,2925,Пояса для единоборств,651294716,ги-вулкан(крсн),Кимоно для (бжж) джиу-джитсу,,878595583,M2,135-145 см,2047500312354,https://basket-32.wbbasket.ru/vol6512/part651294/651294716/images/big/1.webp
1605,Спортивные аксессуары,2925,Пояса для единоборств,651294716,ги-вулкан(крсн),Кимоно для (бжж) джиу-джитсу,,878595584,M3,145-155 см,2047500312361,https://basket-32.wbbasket.ru/vol6512/part651294/651294716/images/big/1.webp
1605,Спортивные аксессуары,2925,Пояса для единоборств,651294716,ги-вулкан(крсн),Кимоно для (бжж) джиу-джитсу,,878595585,M4,150-160 см,2047500312378,https://basket-32.wbbasket.ru/vol6512/part651294/651294716/images/big/1.webp
1605,Спортивные аксессуары,2925,Пояса для единоборств,651294717,ги-татами(хаки),Кимоно для (бжж) джиу-джитсу,,878595595,M00,110-120 см,2047500312521,https://basket-32.wbbasket.ru/vol6512/part651294/651294717/images/big/1.webp
1605,Спортивные аксессуары,2925,Пояса для единоборств,651294717,ги-татами(хаки),Кимоно для (бжж) джиу-джитсу,,878595596,M0,120-130 см,2047500312538,https://basket-32.wbbasket.ru/vol6512/part651294/651294717/images/big/1.webp
1605,Спортивные аксессуары,2925,Пояса для единоборств,651294717,ги-татами(хаки),Кимоно для (бжж) джиу-джитсу,,878595597,M1,130-140 см,2047500312545,https://basket-32.wbbasket.ru/vol6512/part651294/651294717/images/big/1.webp
1605,Спортивные аксессуары,2925,Пояса для единоборств,651294717,ги-татами(хаки),Кимоно для (бжж) джиу-джитсу,,878595598,M2,135-145 см,2047500312552,https://basket-32.wbbasket.ru/vol6512/part651294/651294717/images/big/1.webp
1605,Спортивные аксессуары,2925,Пояса для единоборств,651294717,ги-татами(хаки),Кимоно для (бжж) джиу-джитсу,,878595599,M3,145-155 см,2047500312569,https://basket-32.wbbasket.ru/vol6512/part651294/651294717/images/big/1.webp
1605,Спортивные аксессуары,2925,Пояса для единоборств,651294717,ги-татами(хаки),Кимоно для (бжж) джиу-джитсу,,878595600,M4,150-160 см,2047500312576,https://basket-32.wbbasket.ru/vol6512/part651294/651294717/images/big/1.webp
1605,Спортивные аксессуары,2925,Пояса для единоборств,651294717,ги-татами(хаки),Кимоно для (бжж) джиу-джитсу,,878595601,A0,150-160см,2047500312583,https://basket-32.wbbasket.ru/vol6512/part651294/651294717/images/big/1.webp
1605,Спортивные аксессуары,2925,Пояса для единоборств,651294717,ги-татами(хаки),Кимоно для (бжж) джиу-джитсу,,878595602,A1,160-168 см,2047500312590,https://basket-32.wbbasket.ru/vol6512/part651294/651294717/images/big/1.webp
1605,Спортивные аксессуары,2925,Пояса для единоборств,651294717,ги-татами(хаки),Кимоно для (бжж) джиу-джитсу,,878595603,A1L,165-175 см,2047500312606,https://basket-32.wbbasket.ru/vol6512/part651294/651294717/images/big/1.webp
1605,Спортивные аксессуары,2925,Пояса для единоборств,651294717,ги-татами(хаки),Кимоно для (бжж) джиу-джитсу,,878595604,A2,170-178 см,2047500312613,https://basket-32.wbbasket.ru/vol6512/part651294/651294717/images/big/1.webp
1605,Спортивные аксессуары,2925,Пояса для единоборств,651294717,ги-татами(хаки),Кимоно для (бжж) джиу-джитсу,,878595605,A2L,175-185 СМ,2047500312620,https://basket-32.wbbasket.ru/vol6512/part651294/651294717/images/big/1.webp
1605,Спортивные аксессуары,2925,Пояса для единоборств,651294717,ги-татами(хаки),Кимоно для (бжж) джиу-джитсу,,878595606,A3,175-185СМ,2047500312637,https://basket-32.wbbasket.ru/vol6512/part651294/651294717/images/big/1.webp
1605,Спортивные аксессуары,2925,Пояса для единоборств,651294717,ги-татами(хаки),Кимоно для (бжж) джиу-джитсу,,878595607,A3L,180-190 см,2047500312644,https://basket-32.wbbasket.ru/vol6512/part651294/651294717/images/big/1.webp
1605,Спортивные аксессуары,2925,Пояса для единоборств,651294717,ги-татами(хаки),Кимоно для (бжж) джиу-джитсу,,878595608,A4,185-195 см,2047500312651,https://basket-32.wbbasket.ru/vol6512/part651294/651294717/images/big/1.webp
1605,Спортивные аксессуары,2925,Пояса для единоборств,651294717,ги-татами(хаки),Кимоно для (бжж) джиу-джитсу,,878595609,A5,190-200 см,2047500312668,https://basket-32.wbbasket.ru/vol6512/part651294/651294717/images/big/1.webp
1605,Спортивные аксессуары,2925,Пояса для единоборств,944046315,пояс-жудо(чер),Пояс для дзюдо IJF плотный,Mizuno,1420116008,240,240 см,2050242345177,https://basket-40.wbbasket.ru/vol9440/part944046/944046315/images/big/1.webp
1605,Спортивные аксессуары,2925,Пояса для единоборств,944046315,пояс-жудо(чер),Пояс для дзюдо IJF плотный,Mizuno,1420116009,260,260 см,2050242345184,https://basket-40.wbbasket.ru/vol9440/part944046/944046315/images/big/1.webp
1605,Спортивные аксессуары,2925,Пояса для единоборств,944046315,пояс-жудо(чер),Пояс для дзюдо IJF плотный,Mizuno,1420116010,280,280 см,2050242345191,https://basket-40.wbbasket.ru/vol9440/part944046/944046315/images/big/1.webp
1605,Спортивные аксессуары,2925,Пояса для единоборств,944046315,пояс-жудо(чер),Пояс для дзюдо IJF плотный,Mizuno,1420116011,300,300 см,2050242345207,https://basket-40.wbbasket.ru/vol9440/part944046/944046315/images/big/1.webp
1605,Спортивные аксессуары,2925,Пояса для единоборств,944046316,пояс-жудо(син),Пояс для дзюдо IJF плотный,Mizuno,1420116012,240,240 см,2050242345238,https://basket-40.wbbasket.ru/vol9440/part944046/944046316/images/big/1.webp
1605,Спортивные аксессуары,2925,Пояса для единоборств,944046316,пояс-жудо(син),Пояс для дзюдо IJF плотный,Mizuno,1420116013,260,260 см,2050242345245,https://basket-40.wbbasket.ru/vol9440/part944046/944046316/images/big/1.webp
1605,Спортивные аксессуары,2925,Пояса для единоборств,944046316,пояс-жудо(син),Пояс для дзюдо IJF плотный,Mizuno,1420116014,280,280 см,2050242345252,https://basket-40.wbbasket.ru/vol9440/part944046/944046316/images/big/1.webp
1605,Спортивные аксессуары,2925,Пояса для единоборств,944046316,пояс-жудо(син),Пояс для дзюдо IJF плотный,Mizuno,1420116015,300,300 см,2050242345269,https://basket-40.wbbasket.ru/vol9440/part944046/944046316/images/big/1.webp
1605,Спортивные аксессуары,2925,Пояса для единоборств,944046317,пояс-жудо(жел),Пояс для дзюдо IJF плотный,Mizuno,1420116016,240,240 см,2050242345313,https://basket-40.wbbasket.ru/vol9440/part944046/944046317/images/big/1.webp
1605,Спортивные аксессуары,2925,Пояса для единоборств,944046317,пояс-жудо(жел),Пояс для дзюдо IJF плотный,Mizuno,1420116017,260,260 см,2050242345320,https://basket-40.wbbasket.ru/vol9440/part944046/944046317/images/big/1.webp
1605,Спортивные аксессуары,2925,Пояса для единоборств,944046317,пояс-жудо(жел),Пояс для дзюдо IJF плотный,Mizuno,1420116018,280,280 см,2050242345337,https://basket-40.wbbasket.ru/vol9440/part944046/944046317/images/big/1.webp
1605,Спортивные аксессуары,2925,Пояса для единоборств,944046317,пояс-жудо(жел),Пояс для дзюдо IJF плотный,Mizuno,1420116019,300,300 см,2050242345344,https://basket-40.wbbasket.ru/vol9440/part944046/944046317/images/big/1.webp
1605,Спортивные аксессуары,2925,Пояса для единоборств,944046318,пояс-жудо(зел),Пояс для дзюдо IJF плотный,Mizuno,1420116020,240,240 см,2050242345405,https://basket-40.wbbasket.ru/vol9440/part944046/944046318/images/big/1.webp
1605,Спортивные аксессуары,2925,Пояса для единоборств,944046318,пояс-жудо(зел),Пояс для дзюдо IJF плотный,Mizuno,1420116021,260,260 см,2050242345412,https://basket-40.wbbasket.ru/vol9440/part944046/944046318/images/big/1.webp
1605,Спортивные аксессуары,2925,Пояса для единоборств,944046318,пояс-жудо(зел),Пояс для дзюдо IJF плотный,Mizuno,1420116022,280,280 см,2050242345429,https://basket-40.wbbasket.ru/vol9440/part944046/944046318/images/big/1.webp
1605,Спортивные аксессуары,2925,Пояса для единоборств,944046318,пояс-жудо(зел),Пояс для дзюдо IJF плотный,Mizuno,1420116023,300,300 см,2050242345436,https://basket-40.wbbasket.ru/vol9440/part944046/944046318/images/big/1.webp
1605,Спортивные аксессуары,2925,Пояса для единоборств,944046319,пояс-жудо(орнж),Пояс для дзюдо IJF плотный,Mizuno,1420116024,240,240 см,2050242345481,https://basket-40.wbbasket.ru/vol9440/part944046/944046319/images/big/1.webp
1605,Спортивные аксессуары,2925,Пояса для единоборств,944046319,пояс-жудо(орнж),Пояс для дзюдо IJF плотный,Mizuno,1420116025,260,260 см,2050242345498,https://basket-40.wbbasket.ru/vol9440/part944046/944046319/images/big/1.webp
1605,Спортивные аксессуары,2925,Пояса для единоборств,944046319,пояс-жудо(орнж),Пояс для дзюдо IJF плотный,Mizuno,1420116026,280,280 см,2050242345504,https://basket-40.wbbasket.ru/vol9440/part944046/944046319/images/big/1.webp
1605,Спортивные аксессуары,2925,Пояса для единоборств,944046319,пояс-жудо(орнж),Пояс для дзюдо IJF плотный,Mizuno,1420116027,300,300 см,2050242345511,https://basket-40.wbbasket.ru/vol9440/part944046/944046319/images/big/1.webp
1605,Спортивные аксессуары,2925,Пояса для единоборств,944046320,пояс-жудо(кор),Пояс для дзюдо IJF плотный,Mizuno,1420116028,240,240 см,2050242345580,https://basket-40.wbbasket.ru/vol9440/part944046/944046320/images/big/1.webp
1605,Спортивные аксессуары,2925,Пояса для единоборств,944046320,пояс-жудо(кор),Пояс для дзюдо IJF плотный,Mizuno,1420116029,260,260 см,2050242345597,https://basket-40.wbbasket.ru/vol9440/part944046/944046320/images/big/1.webp
1605,Спортивные аксессуары,2925,Пояса для единоборств,944046320,пояс-жудо(кор),Пояс для дзюдо IJF плотный,Mizuno,1420116030,280,280 см,2050242345603,https://basket-40.wbbasket.ru/vol9440/part944046/944046320/images/big/1.webp
1605,Спортивные аксессуары,2925,Пояса для единоборств,944046320,пояс-жудо(кор),Пояс для дзюдо IJF плотный,Mizuno,1420116031,300,300 см,2050242345610,https://basket-40.wbbasket.ru/vol9440/part944046/944046320/images/big/1.webp
1605,Спортивные аксессуары,2925,Пояса для единоборств,944046321,пояс-жудо(бел),Пояс для дзюдо IJF плотный,Mizuno,1420116032,240,240 см,2050242345665,https://basket-40.wbbasket.ru/vol9440/part944046/944046321/images/big/1.webp
1605,Спортивные аксессуары,2925,Пояса для единоборств,944046321,пояс-жудо(бел),Пояс для дзюдо IJF плотный,Mizuno,1420116033,260,260 см,2050242345672,https://basket-40.wbbasket.ru/vol9440/part944046/944046321/images/big/1.webp
1605,Спортивные аксессуары,2925,Пояса для единоборств,944046321,пояс-жудо(бел),Пояс для дзюдо IJF плотный,Mizuno,1420116034,280,280 см,2050242345689,https://basket-40.wbbasket.ru/vol9440/part944046/944046321/images/big/1.webp
1605,Спортивные аксессуары,2925,Пояса для единоборств,944046321,пояс-жудо(бел),Пояс для дзюдо IJF плотный,Mizuno,1420116035,300,300 см,2050242345696,https://basket-40.wbbasket.ru/vol9440/part944046/944046321/images/big/1.webp
49,Красота,352,Пудры,1338209510,шарло-пудра(01ф),"Пудра для лица, оттенок 01",CHARLOTTE TILBURY,1985440839,0,,2054326373117,https://basket-45.wbbasket.ru/vol13382/part1338209/1338209510/images/big/1.webp
49,Красота,352,Пудры,1338209511,шарло-пудра(02М),"Пудра для лица, оттенок 02",CHARLOTTE TILBURY,1985440840,0,,2054326406570,https://basket-45.wbbasket.ru/vol13382/part1338209/1338209511/images/big/1.webp
49,Красота,355,Румяна,1309171107,шарло-пудра(фрст),"Двухцветные пудровые румяна CHEEK TO CHIC, First Love",CHARLOTTE TILBURY,1935579812,0,,2054063685658,https://basket-45.wbbasket.ru/vol13091/part1309171/1309171107/images/big/1.webp
49,Красота,355,Румяна,1309143052,шарло-пудра(пиллоу),"Двухцветные пудровые румяна CHEEK TO CHIC, Pillow Talk",CHARLOTTE TILBURY,1935543431,0,,2054063581448,https://basket-45.wbbasket.ru/vol13091/part1309143/1309143052/images/big/1.webp
49,Красота,355,Румяна,1266867509,шарло-плт2в1(пнк),"Палетка для лица 2 в 1 , румяна и пудра",CHARLOTTE TILBURY,1863979497,0,,2053455731454,https://basket-44.wbbasket.ru/vol12668/part1266867/1266867509/images/big/1.webp
49,Красота,355,Румяна,1266867510,шарло-плт2в1(пич),"Палетка для лица 2 в 1 , румяна и пудра",CHARLOTTE TILBURY,1863979498,0,,2053456411379,https://basket-44.wbbasket.ru/vol12668/part1266867/1266867510/images/big/1.webp
49,Красота,355,Румяна,1267088569,диор-румяна(001),Румяна для лица пудровые стойкие pH-активные,Dior,1864267646,0,,2053458008560,https://basket-44.wbbasket.ru/vol12670/part1267088/1267088569/images/big/1.webp
49,Красота,355,Румяна,1267088570,диор-румяна(012),Румяна для лица пудровые стойкие pH-активные,Dior,1864267647,0,,2053458060070,https://basket-44.wbbasket.ru/vol12670/part1267088/1267088570/images/big/1.webp
49,Красота,355,Румяна,1267088571,диор-румяна(077),Румяна для лица пудровые стойкие pH-активные,Dior,1864267648,0,,2053458309124,https://basket-44.wbbasket.ru/vol12670/part1267088/1267088571/images/big/1.webp
49,Красота,355,Румяна,1267088572,диор-румяна(063),Румяна для лица пудровые стойкие pH-активные,Dior,1864267649,0,,2053458442012,https://basket-44.wbbasket.ru/vol12670/part1267088/1267088572/images/big/1.webp
49,Красота,355,Румяна,1267088573,диор-румяна(103),Румяна для лица пудровые стойкие pH-активные,Dior,1864267650,0,,2053458490372,https://basket-44.wbbasket.ru/vol12670/part1267088/1267088573/images/big/1.webp
239,Спортивный товар,1509,Сетки спортивные,161110580,сетка-волейбол1,Сетка волейбольная спортивная с тросом для улицы зала пляж,Volleyball.net,267729373,0,,2037843699533,https://basket-11.wbbasket.ru/vol1611/part161110/161110580/images/big/1.webp
239,Спортивный товар,1509,Сетки спортивные,165123623,ч.сетка 1,Сетка волейбольная спортивная с тросом для улицы зала пляж,Volleyball.net,274992024,0,,2038024693241,https://basket-11.wbbasket.ru/vol1651/part165123/165123623/images/big/1.webp
239,Спортивный товар,1509,Сетки спортивные,227116583,сетка-волейбол1-черный сапфир,Сетка волейбольная спортивная с тросом для улицы зала пляж,Volleyball.net,359432331,0,,2039895882369,https://basket-15.wbbasket.ru/vol2271/part227116/227116583/images/big/1.webp
239,Спортивный товар,1509,Сетки спортивные,206479171,сетка-наст(белый),Сетка для настольного тенниса с креплением на стол,Lucky Sport,331604005,0,,2039442866057,https://basket-14.wbbasket.ru/vol2064/part206479/206479171/images/big/1.webp
239,Спортивный товар,1509,Сетки спортивные,206479172,сетка-наст(оранж),Сетка для настольного тенниса с креплением на стол,Lucky Sport,331604006,0,,2039442898966,https://basket-14.wbbasket.ru/vol2064/part206479/206479172/images/big/1.webp
239,Спортивный товар,1509,Сетки спортивные,206479173,сетка-наст(син),Сетка для настольного тенниса с креплением на стол,Lucky Sport,331604007,0,,2039442900843,https://basket-14.wbbasket.ru/vol2064/part206479/206479173/images/big/1.webp
7,Игрушки,1036,Сортеры,159981110,001-002,"Логические, монтессори цветные яйца для развития",Сортер Яйца,266007967,0,,2037790244190,https://basket-10.wbbasket.ru/vol1599/part159981/159981110/images/big/1.webp
49,Красота,436,Спреи,1267546074,спф-сандей,Солнцезащитный крем-спрей SPF 50 для лица и тела UVA UVB,SPF 50+++,1864835969,0,,2053462786744,https://basket-44.wbbasket.ru/vol12675/part1267546/1267546074/images/big/1.webp
49,Красота,436,Спреи,1267546075,спф-китай,Солнцезащитный крем-спрей SPF 50 для лица и тела UVA UVB,SPF 50+++,1864835970,0,,2053463034479,https://basket-44.wbbasket.ru/vol12675/part1267546/1267546075/images/big/1.webp
1605,Спортивные аксессуары,7640,Сумки спортивные,341608363,сумка-крсн,Сумка рюкзак спортивная для зала и тренировок,Lucky Sport,508475044,0,,2042995665060,https://basket-20.wbbasket.ru/vol3416/part341608/341608363/images/big/1.webp
1605,Спортивные аксессуары,7640,Сумки спортивные,221932516,андерармор-сумка(сер),Сумка рюкзак спортивная Under Armour для зала и тренировок,Lucky Sport,352443557,0,,2039780420379,https://basket-15.wbbasket.ru/vol2219/part221932/221932516/images/big/1.webp
49,Красота,372,Сыворотки,1338239649,морщинка,Антивозрастная сыворотка для лица от морщин для упругости,Hoygi,1985496267,0,,2054326667339,https://basket-45.wbbasket.ru/vol13382/part1338239/1338239649/images/big/1.webp
49,Красота,372,Сыворотки,1335497035,сентелла-сывр,Сыворотка для лица восстанавливающая с пробиотиками,SKIN1004,1980855358,0,,2054286813586,https://basket-45.wbbasket.ru/vol13354/part1335497/1335497035/images/big/1.webp
49,Красота,346,Тени,1338180634,шарло-тени04,Тени для век с румянами и хайлайтером,CHARLOTTE TILBURY,1985394323,0,,2054326119951,https://basket-45.wbbasket.ru/vol13381/part1338180/1338180634/images/big/1.webp
49,Красота,346,Тени,1302042418,диор-тени5(743),Тени для глаз,Dior,1923376274,0,,2053964811906,https://basket-45.wbbasket.ru/vol13020/part1302042/1302042418/images/big/1.webp
49,Красота,346,Тени,1302079660,диор-тени5(429),Тени для глаз,Dior,1923421516,0,,2053965183606,https://basket-45.wbbasket.ru/vol13020/part1302079/1302079660/images/big/1.webp
49,Красота,346,Тени,1302079661,диор-тени5(669),Тени для глаз,Dior,1923421517,0,,2053965250834,https://basket-45.wbbasket.ru/vol13020/part1302079/1302079661/images/big/1.webp
49,Красота,346,Тени,1302079662,диор-тени5(649),Тени для глаз,Dior,1923421518,0,,2053965301376,https://basket-45.wbbasket.ru/vol13020/part1302079/1302079662/images/big/1.webp
49,Красота,346,Тени,1302079663,диор-тени5(689),Тени для глаз,Dior,1923421519,0,,2053965322050,https://basket-45.wbbasket.ru/vol13020/part1302079/1302079663/images/big/1.webp
49,Красота,346,Тени,1302079664,диор-тени5(559),Тени для глаз,Dior,1923421520,0,,2053965395108,https://basket-45.wbbasket.ru/vol13020/part1302079/1302079664/images/big/1.webp
49,Красота,1918,Тинты для губ,1266997301,ланиж-бальзам(глзр),Сыворотка-тинт для губ увлажняющий блеск с эффектом объема,LANEIGE,1864148381,0,,2053456981087,https://basket-44.wbbasket.ru/vol12669/part1266997/1266997301/images/big/1.webp
49,Красота,1918,Тинты для губ,1266997302,ланиж-бальзам(схр),Сыворотка-тинт для губ увлажняющий блеск с эффектом объема,LANEIGE,1864148382,0,,2053457206004,https://basket-44.wbbasket.ru/vol12669/part1266997/1266997302/images/big/1.webp
49,Красота,1918,Тинты для губ,1266997303,ланиж-бальзам(прск),Сыворотка-тинт для губ увлажняющий блеск с эффектом объема,LANEIGE,1864148383,0,,2053457236841,https://basket-44.wbbasket.ru/vol12669/part1266997/1266997303/images/big/1.webp
49,Красота,1918,Тинты для губ,1266997304,ланиж-бальзам(клбнк),Сыворотка-тинт для губ увлажняющий блеск с эффектом объема,LANEIGE,1864148384,0,,2053457598703,https://basket-44.wbbasket.ru/vol12669/part1266997/1266997304/images/big/1.webp
49,Красота,1918,Тинты для губ,1266997305,ланиж-бальзам(клн),Сыворотка-тинт для губ увлажняющий блеск с эффектом объема,LANEIGE,1864148385,0,,2053457729220,https://basket-44.wbbasket.ru/vol12669/part1266997/1266997305/images/big/1.webp
49,Красота,1918,Тинты для губ,1266997306,ланиж-бальзам(чрнк),Сыворотка-тинт для губ увлажняющий блеск с эффектом объема,LANEIGE,1864148386,0,,2053457730721,https://basket-44.wbbasket.ru/vol12669/part1266997/1266997306/images/big/1.webp
49,Красота,1918,Тинты для губ,1266997307,ланиж-бальзам(млн),Сыворотка-тинт для губ увлажняющий блеск с эффектом объема,LANEIGE,1864148387,0,,2053457803074,https://basket-44.wbbasket.ru/vol12669/part1266997/1266997307/images/big/1.webp
49,Красота,366,Тоники,1335451671,сентелла-тон,Успокаивающий тонер-эссенция для лица,SKIN1004,1980801425,0,,2054286439861,https://basket-45.wbbasket.ru/vol13354/part1335451/1335451671/images/big/1.webp
49,Красота,347,Туши,1333138100,кбрт-тушь,Тушь для ресниц Cabaret premiere,VIVIENNE SABO,1976919967,0,,2054245628671,https://basket-45.wbbasket.ru/vol13331/part1333138/1333138100/images/big/1.webp
49,Красота,347,Туши,1333130145,шанель-тушь,"Тушь для ресниц CHANEL объемная удлиняющая, черная",Chanel,1976909394,0,,2054245533074,https://basket-45.wbbasket.ru/vol13331/part1333130/1333130145/images/big/1.webp
49,Красота,1930,Фиксаторы макияжа,1267479718,спрей-мак,Спрей-фиксатор макияжа 100 мл увлажняющий,MAC,1864763757,0,,2053462593267,https://basket-44.wbbasket.ru/vol12674/part1267479/1267479718/images/big/1.webp
49,Красота,1930,Фиксаторы макияжа,1267491537,спрей-шарло,Спрей-фиксатор макияжа 100 мл увлажняющий,CHARLOTTE TILBURY,1864776482,0,,2053462706797,https://basket-44.wbbasket.ru/vol12674/part1267491/1267491537/images/big/1.webp
49,Красота,1250,Хайлайтеры,1416734098,диор-хайл (1),Сияющий хайлайтер для лица,Dior,2105098214,0,,2054680184718,https://basket-46.wbbasket.ru/vol14167/part1416734/1416734098/images/big/1.webp
49,Красота,1250,Хайлайтеры,1416734099,диор-хайл (2),Сияющий хайлайтер для лица,Dior,2105098215,0,,2054680184787,https://basket-46.wbbasket.ru/vol14167/part1416734/1416734099/images/big/1.webp
49,Красота,1250,Хайлайтеры,1416734100,диор-хайл (4),Сияющий хайлайтер для лица,Dior,2105098216,0,,2054680184879,https://basket-46.wbbasket.ru/vol14167/part1416734/1416734100/images/big/1.webp
49,Красота,1250,Хайлайтеры,1416734101,диор-хайл (5),Сияющий хайлайтер для лица,Dior,2105098217,0,,2054680184923,https://basket-46.wbbasket.ru/vol14167/part1416734/1416734101/images/big/1.webp
49,Красота,1250,Хайлайтеры,1416734102,диор-хайл (6),Сияющий хайлайтер для лица,Dior,2105098218,0,,2054680185036,https://basket-46.wbbasket.ru/vol14167/part1416734/1416734102/images/big/1.webp
49,Красота,1250,Хайлайтеры,1301798105,рейр-хйлйтр(фло),Хайлайтер для лица,Rare Beauty,1923090983,0,,2053962132966,https://basket-45.wbbasket.ru/vol13017/part1301798/1301798105/images/big/1.webp
49,Красота,1250,Хайлайтеры,1301843937,рейр-хйлйтр(экс),Хайлайтер для лица,Rare Beauty,1923141436,0,,2053962319916,https://basket-45.wbbasket.ru/vol13018/part1301843/1301843937/images/big/1.webp
49,Красота,1250,Хайлайтеры,1301843938,рейр-хйлйтр(мес),Хайлайтер для лица,Rare Beauty,1923141437,0,,2053962353569,https://basket-45.wbbasket.ru/vol13018/part1301843/1301843938/images/big/1.webp
49,Красота,1250,Хайлайтеры,1301843939,рейр-хйлйтр(рев),Хайлайтер для лица,Rare Beauty,1923141438,0,,2053962379422,https://basket-45.wbbasket.ru/vol13018/part1301843/1301843939/images/big/1.webp
49,Красота,1250,Хайлайтеры,1301843940,рейр-хйлйтр(рефл),Хайлайтер для лица,Rare Beauty,1923141439,0,,2053962400478,https://basket-45.wbbasket.ru/vol13018/part1301843/1301843940/images/big/1.webp
49,Красота,1250,Хайлайтеры,1301843941,рейр-хйлйтр(енл),Хайлайтер для лица,Rare Beauty,1923141440,0,,2053962471805,https://basket-45.wbbasket.ru/vol13018/part1301843/1301843941/images/big/1.webp
49,Красота,1250,Хайлайтеры,1267581736,шарло-хйлйтр(шмпн),Хайлайтер для лица 7 г пудровый сияющий для макияжа,CHARLOTTE TILBURY,1864875147,0,,2053463087529,https://basket-44.wbbasket.ru/vol12675/part1267581/1267581736/images/big/1.webp
49,Красота,1250,Хайлайтеры,1118361690,диор-001,Хайлайтер Dior 001 для лица 4 оттенка,,1654462024,0,,2051971267730,https://basket-43.wbbasket.ru/vol11183/part1118361/1118361690/images/big/1.webp
3109,Продукты,406,Чай,364244485,чай-жасмин,Жасминовый листовой чай,SATTI,533929203,0,,2043259772661,https://basket-21.wbbasket.ru/vol3642/part364244/364244485/images/big/1.webp
3109,Продукты,406,Чай,300778939,чай-имбирь,Листовой чай с имбирем и апельсином,SATTI,457027677,0,,2042211014498,https://basket-18.wbbasket.ru/vol3007/part300778/300778939/images/big/1.webp
3109,Продукты,406,Чай,243584018,чай-винный,"Травяной сбор с каркадэ и фруктами ""Винный сад""",SATTI,382243904,0,,2040654964325,https://basket-16.wbbasket.ru/vol2435/part243584/243584018/images/big/1.webp
3109,Продукты,406,Чай,371940591,чай-айва,"Фруктовый чай ""Айва с мятой""",SATTI,543434956,0,,2043389214192,
3109,Продукты,406,Чай,372029856,чай-барбарис,"Фруктовый чай ""Барбарис """,SATTI,543530383,0,,2043389846485,
3109,Продукты,406,Чай,372029855,чай-золотой-янтарь,"Фруктовый чай ""Золотой янтарь""",SATTI,543530382,0,,2043389846478,
3109,Продукты,406,Чай,329186311,чай-таежный,"Фруктовый чай ""Имперская чаша""",SATTI,493458917,0,,2042797244814,
3109,Продукты,406,Чай,372029854,чай-лесной-аромат,"Фруктовый чай ""Лесной Аромат""",SATTI,543530381,0,,2043389846461,
3109,Продукты,406,Чай,371940590,чай-фиторелакс,"Фруктовый чай ""Фиторелакс""",SATTI,543434955,0,,2043389214185,https://basket-22.wbbasket.ru/vol3719/part371940/371940590/images/big/1.webp
3109,Продукты,406,Чай,307528860,чай-персик,"Фруктовый чай с курагой и изюмом ""Персиковый бриз""",SATTI,466147109,0,,2042368678505,https://basket-19.wbbasket.ru/vol3075/part307528/307528860/images/big/1.webp
3109,Продукты,406,Чай,243584016,чай-манго,Фруктовый чай с манго и маракуйя,SATTI,382243902,0,,2040654937503,https://basket-16.wbbasket.ru/vol2435/part243584/243584016/images/big/1.webp
3109,Продукты,406,Чай,371940589,чай-апельсин,"Фруктовый чай с цитрусом ""Апельсиновый рай""",SATTI,543434954,0,,2043389214178,https://basket-22.wbbasket.ru/vol3719/part371940/371940589/images/big/1.webp
3109,Продукты,406,Чай,326049371,чай-имперский,"Фруктовый чай с яблоком и апельсином ""Имперская чаша""",SATTI,489458922,0,,2042746942990,https://basket-19.wbbasket.ru/vol3260/part326049/326049371/images/big/1.webp
3109,Продукты,406,Чай,243584017,чай-1001,"Фруктовый экзотический чай ""1001 ночь""",SATTI,382243903,0,,2040654950410,https://basket-16.wbbasket.ru/vol2435/part243584/243584017/images/big/1.webp
3109,Продукты,406,Чай,326049369,чай-цитрус,"Чай с лимоном ""Дикий цитрус""",SATTI,489458921,0,,2042745428297,https://basket-19.wbbasket.ru/vol3260/part326049/326049369/images/big/1.webp
3109,Продукты,406,Чай,285929941,чай-королевский,"Ягодно-фруктовый чай с клюквой ""Королевский""",SATTI,437590234,0,,2041893969898,https://basket-18.wbbasket.ru/vol2859/part285929/285929941/images/big/1.webp
3109,Продукты,406,Чай,331676026,чай-малина,"Ягодный зеленый чай ""Малиновый закат""",SATTI,496271348,0,,2042830972780,https://basket-20.wbbasket.ru/vol3316/part331676/331676026/images/big/1.webp
1605,Спортивные аксессуары,248,Шлемы спортивные,199041172,евер-красн,Бокс шлем для единоборств (Боксерский),Everlast,322260198,L,55-58,2039272301575,https://basket-13.wbbasket.ru/vol1990/part199041/199041172/images/big/1.webp
1605,Спортивные аксессуары,248,Шлемы спортивные,199043644,адидас-черн,Боксерский шлем детский,Lucky Sport,322263451,XL,58-61,2039272366956,https://basket-13.wbbasket.ru/vol1990/part199043/199043644/images/big/1.webp
1605,Спортивные аксессуары,248,Шлемы спортивные,201826821,евер-крс(M),Боксерский шлем детский,Lucky Sport,325764469,M,44-48,2039340015243,https://basket-13.wbbasket.ru/vol2018/part201826/201826821/images/big/1.webp
1605,Спортивные аксессуары,248,Шлемы спортивные,201826822,евер-крс(XL),Боксерский шлем детский,Lucky Sport,325764470,XL,54-58,2039340016264,https://basket-13.wbbasket.ru/vol2018/part201826/201826822/images/big/1.webp
1605,Спортивные аксессуары,248,Шлемы спортивные,347976246,бэдбой-шлем,Боксерский шлем BADBOY,Lucky Sport,515790344,S,54-56,2043087366995,https://basket-20.wbbasket.ru/vol3479/part347976/347976246/images/big/1.webp
1605,Спортивные аксессуары,248,Шлемы спортивные,347976246,бэдбой-шлем,Боксерский шлем BADBOY,Lucky Sport,515790345,M,55-56,2043087367008,https://basket-20.wbbasket.ru/vol3479/part347976/347976246/images/big/1.webp
1605,Спортивные аксессуары,248,Шлемы спортивные,347976246,бэдбой-шлем,Боксерский шлем BADBOY,Lucky Sport,515790346,L,56-58,2043087367015,https://basket-20.wbbasket.ru/vol3479/part347976/347976246/images/big/1.webp
1605,Спортивные аксессуары,248,Шлемы спортивные,347976246,бэдбой-шлем,Боксерский шлем BADBOY,Lucky Sport,515790347,XL,57-58,2043087367022,https://basket-20.wbbasket.ru/vol3479/part347976/347976246/images/big/1.webp
1605,Спортивные аксессуары,248,Шлемы спортивные,208104628,киоку,"Шлем для бокса, мма, единоборств и юфс",Lucky Sport,333623180,L,55-65 ог,2039463508844,https://basket-14.wbbasket.ru/vol2081/part208104/208104628/images/big/1.webp
1605,Спортивные аксессуары,248,Шлемы спортивные,208104628,киоку,"Шлем для бокса, мма, единоборств и юфс",Lucky Sport,547443549,M,52-56 ог,2043419294033,https://basket-14.wbbasket.ru/vol2081/part208104/208104628/images/big/1.webp
1605,Спортивные аксессуары,248,Шлемы спортивные,208104628,киоку,"Шлем для бокса, мма, единоборств и юфс",Lucky Sport,547443548,S,47-52 ог,2043419294026,https://basket-14.wbbasket.ru/vol2081/part208104/208104628/images/big/1.webp
1605,Спортивные аксессуары,248,Шлемы спортивные,208104628,киоку,"Шлем для бокса, мма, единоборств и юфс",Lucky Sport,547443551,XL,65+ ог,2043419294040,https://basket-14.wbbasket.ru/vol2081/part208104/208104628/images/big/1.webp
1605,Спортивные аксессуары,248,Шлемы спортивные,210592853,фф-киоку,"Шлем для карате, бокс фулфейс Киокушинкай",Lucky Sport,336937365,S,3-6 лет,2039514849704,https://basket-14.wbbasket.ru/vol2105/part210592/210592853/images/big/1.webp
1605,Спортивные аксессуары,248,Шлемы спортивные,210592853,фф-киоку,"Шлем для карате, бокс фулфейс Киокушинкай",Lucky Sport,338713727,XS,до 3 лет,2039544725535,https://basket-14.wbbasket.ru/vol2105/part210592/210592853/images/big/1.webp
1605,Спортивные аксессуары,248,Шлемы спортивные,210592853,фф-киоку,"Шлем для карате, бокс фулфейс Киокушинкай",Lucky Sport,352113827,XL,17+ лет,2039775816064,https://basket-14.wbbasket.ru/vol2105/part210592/210592853/images/big/1.webp
1605,Спортивные аксессуары,248,Шлемы спортивные,210592853,фф-киоку,"Шлем для карате, бокс фулфейс Киокушинкай",Lucky Sport,336937367,L,14-17 лет,2039514849728,https://basket-14.wbbasket.ru/vol2105/part210592/210592853/images/big/1.webp
1605,Спортивные аксессуары,248,Шлемы спортивные,210592853,фф-киоку,"Шлем для карате, бокс фулфейс Киокушинкай",Lucky Sport,336937366,M,9-14,2039514849711,https://basket-14.wbbasket.ru/vol2105/part210592/210592853/images/big/1.webp
1605,Спортивные аксессуары,248,Шлемы спортивные,214538092,решетка-киоку,"Шлем для карате, бокс фулфейс с решеткой Киокушинкай",Lucky Sport,342445302,L,14-17 лет,2039602643337,https://basket-14.wbbasket.ru/vol2145/part214538/214538092/images/big/1.webp
1605,Спортивные аксессуары,248,Шлемы спортивные,214538092,решетка-киоку,"Шлем для карате, бокс фулфейс с решеткой Киокушинкай",Lucky Sport,342445303,M,9-14,2039602643344,https://basket-14.wbbasket.ru/vol2145/part214538/214538092/images/big/1.webp
1605,Спортивные аксессуары,248,Шлемы спортивные,214538092,решетка-киоку,"Шлем для карате, бокс фулфейс с решеткой Киокушинкай",Lucky Sport,352113828,XL,17+ лет,2039775816453,https://basket-14.wbbasket.ru/vol2145/part214538/214538092/images/big/1.webp
1605,Спортивные аксессуары,248,Шлемы спортивные,214538092,решетка-киоку,"Шлем для карате, бокс фулфейс с решеткой Киокушинкай",Lucky Sport,342445304,S,3-6 лет,2039602643351,https://basket-14.wbbasket.ru/vol2145/part214538/214538092/images/big/1.webp
1605,Спортивные аксессуары,248,Шлемы спортивные,214538092,решетка-киоку,"Шлем для карате, бокс фулфейс с решеткой Киокушинкай",Lucky Sport,342445305,XS,до 3 лет,2039602643368,https://basket-14.wbbasket.ru/vol2145/part214538/214538092/images/big/1.webp
1605,Спортивные аксессуары,248,Шлемы спортивные,241262661,венум-шлем(злт-бел),Шлем Venum закрытый для бокса и единоборств,Lucky Sport,379056679,L,57-65 см,2040561523486,https://basket-16.wbbasket.ru/vol2412/part241262/241262661/images/big/1.webp
1605,Спортивные аксессуары,248,Шлемы спортивные,241262661,венум-шлем(злт-бел),Шлем Venum закрытый для бокса и единоборств,Lucky Sport,379056680,M,52-56 см,2040561523493,https://basket-16.wbbasket.ru/vol2412/part241262/241262661/images/big/1.webp
1605,Спортивные аксессуары,248,Шлемы спортивные,241263585,венум-шлем(белый),Шлем Venum закрытый для бокса и единоборств,Lucky Sport,379058790,L,57-65 см,2040561588973,https://basket-16.wbbasket.ru/vol2412/part241263/241263585/images/big/1.webp
1605,Спортивные аксессуары,248,Шлемы спортивные,241263585,венум-шлем(белый),Шлем Venum закрытый для бокса и единоборств,Lucky Sport,379058793,XL,65+ см,2040561593076,https://basket-16.wbbasket.ru/vol2412/part241263/241263585/images/big/1.webp
1605,Спортивные аксессуары,248,Шлемы спортивные,241263585,венум-шлем(белый),Шлем Venum закрытый для бокса и единоборств,Lucky Sport,379058794,S,47-52 см,2040561593083,https://basket-16.wbbasket.ru/vol2412/part241263/241263585/images/big/1.webp
1605,Спортивные аксессуары,248,Шлемы спортивные,241263585,венум-шлем(белый),Шлем Venum закрытый для бокса и единоборств,Lucky Sport,379058791,M,52-56 см,2040561588980,https://basket-16.wbbasket.ru/vol2412/part241263/241263585/images/big/1.webp
1605,Спортивные аксессуары,248,Шлемы спортивные,241263586,венум-шлем(зеленый),Шлем Venum закрытый для бокса и единоборств,Lucky Sport,379058795,L,57-65 см,2040561594110,https://basket-16.wbbasket.ru/vol2412/part241263/241263586/images/big/1.webp
1605,Спортивные аксессуары,248,Шлемы спортивные,241263586,венум-шлем(зеленый),Шлем Venum закрытый для бокса и единоборств,Lucky Sport,379058796,M,52-56 см,2040561594127,https://basket-16.wbbasket.ru/vol2412/part241263/241263586/images/big/1.webp
1605,Спортивные аксессуары,248,Шлемы спортивные,241263587,венум-шлем(черный),Шлем Venum закрытый для бокса и единоборств,Lucky Sport,379058797,L,57-65 см,2040561596428,https://basket-16.wbbasket.ru/vol2412/part241263/241263587/images/big/1.webp
1605,Спортивные аксессуары,248,Шлемы спортивные,241263587,венум-шлем(черный),Шлем Venum закрытый для бокса и единоборств,Lucky Sport,379058798,M,52-56 см,2040561596435,https://basket-16.wbbasket.ru/vol2412/part241263/241263587/images/big/1.webp
1605,Спортивные аксессуары,248,Шлемы спортивные,241263588,венум-шлем(неон),Шлем Venum закрытый для бокса и единоборств,Lucky Sport,379058799,L,57-65 см,2040561600798,https://basket-16.wbbasket.ru/vol2412/part241263/241263588/images/big/1.webp
1605,Спортивные аксессуары,248,Шлемы спортивные,241263588,венум-шлем(неон),Шлем Venum закрытый для бокса и единоборств,Lucky Sport,379058800,M,52-56 см,2040561600804,https://basket-16.wbbasket.ru/vol2412/part241263/241263588/images/big/1.webp
1605,Спортивные аксессуары,248,Шлемы спортивные,241263589,венум-шлем(оранж),Шлем Venum закрытый для бокса и единоборств,Lucky Sport,379058801,L,57-65 см,2040561602846,https://basket-16.wbbasket.ru/vol2412/part241263/241263589/images/big/1.webp
1605,Спортивные аксессуары,248,Шлемы спортивные,241263589,венум-шлем(оранж),Шлем Venum закрытый для бокса и единоборств,Lucky Sport,379058802,M,52-56 см,2040561602853,https://basket-16.wbbasket.ru/vol2412/part241263/241263589/images/big/1.webp
1605,Спортивные аксессуары,248,Шлемы спортивные,241263590,венум-шлем(серый),Шлем Venum закрытый для бокса и единоборств,Lucky Sport,379058803,L,57-65 см,2040561605229,https://basket-16.wbbasket.ru/vol2412/part241263/241263590/images/big/1.webp
1605,Спортивные аксессуары,248,Шлемы спортивные,241263590,венум-шлем(серый),Шлем Venum закрытый для бокса и единоборств,Lucky Sport,379058804,M,52-56 см,2040561605236,https://basket-16.wbbasket.ru/vol2412/part241263/241263590/images/big/1.webp
1605,Спортивные аксессуары,248,Шлемы спортивные,241264769,венум-шлем(китай-злт),Шлем Venum закрытый для бокса и единоборств,Lucky Sport,379060805,M,52-56 см,2040561637497,https://basket-16.wbbasket.ru/vol2412/part241264/241264769/images/big/1.webp
1605,Спортивные аксессуары,248,Шлемы спортивные,241264770,венум-шлем(китай-чрн),Шлем Venum закрытый для бокса и единоборств,Lucky Sport,379060806,M,52-56 см,2040561638760,https://basket-16.wbbasket.ru/vol2412/part241264/241264770/images/big/1.webp
1605,Спортивные аксессуары,248,Шлемы спортивные,370068089,венум-фф(черн),Шлем Venum закрытый для бокса и единоборств,Lucky Sport,541138814,L,57-65 см,2043359576886,https://basket-21.wbbasket.ru/vol3700/part370068/370068089/images/big/1.webp
1605,Спортивные аксессуары,248,Шлемы спортивные,370068089,венум-фф(черн),Шлем Venum закрытый для бокса и единоборств,Lucky Sport,598157209,M,52-56 см,2044000248398,https://basket-21.wbbasket.ru/vol3700/part370068/370068089/images/big/1.webp
1605,Спортивные аксессуары,248,Шлемы спортивные,370068089,венум-фф(черн),Шлем Venum закрытый для бокса и единоборств,Lucky Sport,598157210,S,47-52 см,2044000248404,https://basket-21.wbbasket.ru/vol3700/part370068/370068089/images/big/1.webp
1605,Спортивные аксессуары,248,Шлемы спортивные,370068089,венум-фф(черн),Шлем Venum закрытый для бокса и единоборств,Lucky Sport,598157211,XL,65+ см,2044000248411,https://basket-21.wbbasket.ru/vol3700/part370068/370068089/images/big/1.webp
1605,Спортивные аксессуары,248,Шлемы спортивные,208210293,ади-син,Adidas Боксерский шлем детский,Lucky Sport,353546211,L,48-54 см,2039799198405,https://basket-14.wbbasket.ru/vol2082/part208210/208210293/images/big/1.webp
1605,Спортивные аксессуары,248,Шлемы спортивные,208210293,ади-син,Adidas Боксерский шлем детский,Lucky Sport,353546212,M,44-48 см,2039799198412,https://basket-14.wbbasket.ru/vol2082/part208210/208210293/images/big/1.webp
1605,Спортивные аксессуары,248,Шлемы спортивные,208210293,ади-син,Adidas Боксерский шлем детский,Lucky Sport,353546213,S,38-44 см,2039799198429,https://basket-14.wbbasket.ru/vol2082/part208210/208210293/images/big/1.webp
1605,Спортивные аксессуары,248,Шлемы спортивные,208210293,ади-син,Adidas Боксерский шлем детский,Lucky Sport,333764644,XL,54-58,2039465591684,https://basket-14.wbbasket.ru/vol2082/part208210/208210293/images/big/1.webp
1605,Спортивные аксессуары,248,Шлемы спортивные,208210294,ади-крсн,Adidas Боксерский шлем детский,Lucky Sport,353546215,L,48-54 см,2039799193073,https://basket-14.wbbasket.ru/vol2082/part208210/208210294/images/big/1.webp
1605,Спортивные аксессуары,248,Шлемы спортивные,208210294,ади-крсн,Adidas Боксерский шлем детский,Lucky Sport,353546214,M,44-48 см,2039799193066,https://basket-14.wbbasket.ru/vol2082/part208210/208210294/images/big/1.webp
1605,Спортивные аксессуары,248,Шлемы спортивные,208210294,ади-крсн,Adidas Боксерский шлем детский,Lucky Sport,333764646,S,38-44 см,2039465594449,https://basket-14.wbbasket.ru/vol2082/part208210/208210294/images/big/1.webp
1605,Спортивные аксессуары,248,Шлемы спортивные,208210294,ади-крсн,Adidas Боксерский шлем детский,Lucky Sport,353546216,XL,54-58 см,2039799193080,https://basket-14.wbbasket.ru/vol2082/part208210/208210294/images/big/1.webp
1605,Спортивные аксессуары,248,Шлемы спортивные,201265146,ади-чер(хл),Adidas Шлем спортивный для бокса,Lucky Sport,353546209,M,44-48 см,2039799201600,https://basket-13.wbbasket.ru/vol2012/part201265/201265146/images/big/1.webp
1605,Спортивные аксессуары,248,Шлемы спортивные,201265146,ади-чер(хл),Adidas Шлем спортивный для бокса,Lucky Sport,353546210,L,48-54 см,2039799201617,https://basket-13.wbbasket.ru/vol2012/part201265/201265146/images/big/1.webp
1605,Спортивные аксессуары,248,Шлемы спортивные,201265146,ади-чер(хл),Adidas Шлем спортивный для бокса,Lucky Sport,334908484,S,38-44 см,2039481424409,https://basket-13.wbbasket.ru/vol2012/part201265/201265146/images/big/1.webp
1605,Спортивные аксессуары,248,Шлемы спортивные,201265146,ади-чер(хл),Adidas Шлем спортивный для бокса,Lucky Sport,325093376,XL,58-61 см,2039329760072,https://basket-13.wbbasket.ru/vol2012/part201265/201265146/images/big/1.webp
1605,Спортивные аксессуары,248,Шлемы спортивные,220001729,даедо-стекло(крсн),Daedo со стеклом Шлем для тхэквондо,Lucky Sport,349846095,L,54-56 см,2039729868040,https://basket-15.wbbasket.ru/vol2200/part220001/220001729/images/big/1.webp
1605,Спортивные аксессуары,248,Шлемы спортивные,220001729,даедо-стекло(крсн),Daedo со стеклом Шлем для тхэквондо,Lucky Sport,349846094,M,52-54 см,2039729868033,https://basket-15.wbbasket.ru/vol2200/part220001/220001729/images/big/1.webp
1605,Спортивные аксессуары,248,Шлемы спортивные,220001729,даедо-стекло(крсн),Daedo со стеклом Шлем для тхэквондо,Lucky Sport,349846093,S,50-52 см,2039729868026,https://basket-15.wbbasket.ru/vol2200/part220001/220001729/images/big/1.webp
1605,Спортивные аксессуары,248,Шлемы спортивные,220001729,даедо-стекло(крсн),Daedo со стеклом Шлем для тхэквондо,Lucky Sport,349846096,XL,56-58 см,2039729868057,https://basket-15.wbbasket.ru/vol2200/part220001/220001729/images/big/1.webp
1605,Спортивные аксессуары,248,Шлемы спортивные,220001729,даедо-стекло(крсн),Daedo со стеклом Шлем для тхэквондо,Lucky Sport,349846092,XS,48-50 см,2039729868019,https://basket-15.wbbasket.ru/vol2200/part220001/220001729/images/big/1.webp
1605,Спортивные аксессуары,248,Шлемы спортивные,220001730,даедо-стекло(син),Daedo со стеклом Шлем для тхэквондо,Lucky Sport,349846097,XS,48-50 см,2039729869351,https://basket-15.wbbasket.ru/vol2200/part220001/220001730/images/big/1.webp
1605,Спортивные аксессуары,248,Шлемы спортивные,220001730,даедо-стекло(син),Daedo со стеклом Шлем для тхэквондо,Lucky Sport,349846100,L,54-56 см,2039729869382,https://basket-15.wbbasket.ru/vol2200/part220001/220001730/images/big/1.webp
1605,Спортивные аксессуары,248,Шлемы спортивные,220001730,даедо-стекло(син),Daedo со стеклом Шлем для тхэквондо,Lucky Sport,349846099,M,52-54 см,2039729869375,https://basket-15.wbbasket.ru/vol2200/part220001/220001730/images/big/1.webp
1605,Спортивные аксессуары,248,Шлемы спортивные,220001730,даедо-стекло(син),Daedo со стеклом Шлем для тхэквондо,Lucky Sport,349846098,S,50-52 см,2039729869368,https://basket-15.wbbasket.ru/vol2200/part220001/220001730/images/big/1.webp
1605,Спортивные аксессуары,248,Шлемы спортивные,220001730,даедо-стекло(син),Daedo со стеклом Шлем для тхэквондо,Lucky Sport,349846101,XL,56-58 см,2039729869399,https://basket-15.wbbasket.ru/vol2200/part220001/220001730/images/big/1.webp
1605,Спортивные аксессуары,248,Шлемы спортивные,220001731,даедо-обыч-шлем(бел),Daedo Шлем для тхэквондо,Lucky Sport,349846105,L,54-56 см,2039729869733,https://basket-15.wbbasket.ru/vol2200/part220001/220001731/images/big/1.webp
1605,Спортивные аксессуары,248,Шлемы спортивные,220001731,даедо-обыч-шлем(бел),Daedo Шлем для тхэквондо,Lucky Sport,349846104,M,52-54 см,2039729869726,https://basket-15.wbbasket.ru/vol2200/part220001/220001731/images/big/1.webp
1605,Спортивные аксессуары,248,Шлемы спортивные,220001731,даедо-обыч-шлем(бел),Daedo Шлем для тхэквондо,Lucky Sport,349846103,S,50-52 см,2039729869719,https://basket-15.wbbasket.ru/vol2200/part220001/220001731/images/big/1.webp
1605,Спортивные аксессуары,248,Шлемы спортивные,220001731,даедо-обыч-шлем(бел),Daedo Шлем для тхэквондо,Lucky Sport,349846106,XL,56-58 см,2039729869740,https://basket-15.wbbasket.ru/vol2200/part220001/220001731/images/big/1.webp
1605,Спортивные аксессуары,248,Шлемы спортивные,220001731,даедо-обыч-шлем(бел),Daedo Шлем для тхэквондо,Lucky Sport,349846102,XS,48-50 см,2039729869702,https://basket-15.wbbasket.ru/vol2200/part220001/220001731/images/big/1.webp
1605,Спортивные аксессуары,248,Шлемы спортивные,201265147,евер-крс(L),Everlast Боксерский шлем детский,Lucky Sport,325093377,L,48-54,2039329781947,https://basket-13.wbbasket.ru/vol2012/part201265/201265147/images/big/1.webp
1605,Спортивные аксессуары,248,Шлемы спортивные,201265147,евер-крс(L),Everlast Боксерский шлем детский,Lucky Sport,325770263,M,44-48,2039340088070,https://basket-13.wbbasket.ru/vol2012/part201265/201265147/images/big/1.webp
1605,Спортивные аксессуары,248,Шлемы спортивные,201265147,евер-крс(L),Everlast Боксерский шлем детский,Lucky Sport,346857195,S,38-44,2039670558045,https://basket-13.wbbasket.ru/vol2012/part201265/201265147/images/big/1.webp
1605,Спортивные аксессуары,248,Шлемы спортивные,201265147,евер-крс(L),Everlast Боксерский шлем детский,Lucky Sport,325770264,XL,54-58,2039340088360,https://basket-13.wbbasket.ru/vol2012/part201265/201265147/images/big/1.webp
1605,Спортивные аксессуары,248,Шлемы спортивные,203207366,евер-синий,Everlast Боксерский шлем детский,Lucky Sport,327414789,L,48-54,2039374954952,https://basket-13.wbbasket.ru/vol2032/part203207/203207366/images/big/1.webp
1605,Спортивные аксессуары,248,Шлемы спортивные,203207366,евер-синий,Everlast Боксерский шлем детский,Lucky Sport,327414798,M,44-48,2039374954969,https://basket-13.wbbasket.ru/vol2032/part203207/203207366/images/big/1.webp
1605,Спортивные аксессуары,248,Шлемы спортивные,203207366,евер-синий,Everlast Боксерский шлем детский,Lucky Sport,346857196,S,38-44,2039670558762,https://basket-13.wbbasket.ru/vol2032/part203207/203207366/images/big/1.webp
1605,Спортивные аксессуары,248,Шлемы спортивные,203207366,евер-синий,Everlast Боксерский шлем детский,Lucky Sport,327414800,XL,54-58,2039374954976,https://basket-13.wbbasket.ru/vol2032/part203207/203207366/images/big/1.webp
1605,Спортивные аксессуары,248,Шлемы спортивные,205633959,евер-черный,Everlast Боксерский шлем детский,Lucky Sport,330443180,L,48-54,2039417900519,https://basket-14.wbbasket.ru/vol2056/part205633/205633959/images/big/1.webp
1605,Спортивные аксессуары,248,Шлемы спортивные,205633959,евер-черный,Everlast Боксерский шлем детский,Lucky Sport,330443181,M,44-48,2039417900526,https://basket-14.wbbasket.ru/vol2056/part205633/205633959/images/big/1.webp
1605,Спортивные аксессуары,248,Шлемы спортивные,205633959,евер-черный,Everlast Боксерский шлем детский,Lucky Sport,330448514,S,38-44,2039417960612,https://basket-14.wbbasket.ru/vol2056/part205633/205633959/images/big/1.webp
1605,Спортивные аксессуары,248,Шлемы спортивные,205633959,евер-черный,Everlast Боксерский шлем детский,Lucky Sport,330443182,XL,54-58,2039417900533,https://basket-14.wbbasket.ru/vol2056/part205633/205633959/images/big/1.webp
1605,Спортивные аксессуары,248,Шлемы спортивные,225656207,евер-черный-черный кварц,Everlast Боксерский шлем детский,Lucky Sport,357446049,L,48-54,2039863864694,https://basket-15.wbbasket.ru/vol2256/part225656/225656207/images/big/1.webp
1605,Спортивные аксессуары,248,Шлемы спортивные,225656207,евер-черный-черный кварц,Everlast Боксерский шлем детский,Lucky Sport,411193076,S,S,2041319220923,https://basket-15.wbbasket.ru/vol2256/part225656/225656207/images/big/1.webp
1605,Спортивные аксессуары,248,Шлемы спортивные,225656207,евер-черный-черный кварц,Everlast Боксерский шлем детский,Lucky Sport,415456343,XL,XL,2041390674165,https://basket-15.wbbasket.ru/vol2256/part225656/225656207/images/big/1.webp
1605,Спортивные аксессуары,248,Шлемы спортивные,223274972,топтен-шлем(крсн),Topten Боксерский шлем детский,Lucky Sport,354243078,L,48-54 см,2039809891760,https://basket-15.wbbasket.ru/vol2232/part223274/223274972/images/big/1.webp
1605,Спортивные аксессуары,248,Шлемы спортивные,223274972,топтен-шлем(крсн),Topten Боксерский шлем детский,Lucky Sport,354243079,M,44-48 см,2039809891777,https://basket-15.wbbasket.ru/vol2232/part223274/223274972/images/big/1.webp
1605,Спортивные аксессуары,248,Шлемы спортивные,223274972,топтен-шлем(крсн),Topten Боксерский шлем детский,Lucky Sport,354243080,S,38-44 см,2039809891784,https://basket-15.wbbasket.ru/vol2232/part223274/223274972/images/big/1.webp
1605,Спортивные аксессуары,248,Шлемы спортивные,223274972,топтен-шлем(крсн),Topten Боксерский шлем детский,Lucky Sport,354243081,XL,54-58 см,2039809891791,https://basket-15.wbbasket.ru/vol2232/part223274/223274972/images/big/1.webp
1605,Спортивные аксессуары,248,Шлемы спортивные,223274973,топтен-шлем(син),Topten Боксерский шлем детский,Lucky Sport,354243082,L,48-54 см,2039809892095,https://basket-15.wbbasket.ru/vol2232/part223274/223274973/images/big/1.webp
1605,Спортивные аксессуары,248,Шлемы спортивные,223274973,топтен-шлем(син),Topten Боксерский шлем детский,Lucky Sport,354243083,M,44-48 см,2039809892101,https://basket-15.wbbasket.ru/vol2232/part223274/223274973/images/big/1.webp
1605,Спортивные аксессуары,248,Шлемы спортивные,223274973,топтен-шлем(син),Topten Боксерский шлем детский,Lucky Sport,354243084,S,38-44 см,2039809892118,https://basket-15.wbbasket.ru/vol2232/part223274/223274973/images/big/1.webp
1605,Спортивные аксессуары,248,Шлемы спортивные,223274973,топтен-шлем(син),Topten Боксерский шлем детский,Lucky Sport,354243085,XL,54-58 см,2039809892125,https://basket-15.wbbasket.ru/vol2232/part223274/223274973/images/big/1.webp
1605,Спортивные аксессуары,248,Шлемы спортивные,222222972,венум-фф(бел),Venum шлем закрытый для бокса и единоборств,Lucky Sport,352829660,L,57-65 см,2039786556041,https://basket-15.wbbasket.ru/vol2222/part222222/222222972/images/big/1.webp
1605,Спортивные аксессуары,248,Шлемы спортивные,222222972,венум-фф(бел),Venum шлем закрытый для бокса и единоборств,Lucky Sport,352829659,M,52-56 см,2039786556034,https://basket-15.wbbasket.ru/vol2222/part222222/222222972/images/big/1.webp
1605,Спортивные аксессуары,248,Шлемы спортивные,222222973,венум-фф(сер),Venum шлем закрытый для бокса и единоборств,Lucky Sport,352829662,L,57-65 см,2039786564572,https://basket-15.wbbasket.ru/vol2222/part222222/222222973/images/big/1.webp
1605,Спортивные аксессуары,248,Шлемы спортивные,222222973,венум-фф(сер),Venum шлем закрытый для бокса и единоборств,Lucky Sport,352829661,M,52-56 см,2039786564565,https://basket-15.wbbasket.ru/vol2222/part222222/222222973/images/big/1.webp
1605,Спортивные аксессуары,248,Шлемы спортивные,223271947,венум-фф(прст-бел),Venum шлем закрытый для бокса и единоборств,Lucky Sport,354239751,M,52-56 см,2039809834637,https://basket-15.wbbasket.ru/vol2232/part223271/223271947/images/big/1.webp
1605,Спортивные аксессуары,248,Шлемы спортивные,223271947,венум-фф(прст-бел),Venum шлем закрытый для бокса и единоборств,Lucky Sport,354239752,S,47-52 см,2039809834644,https://basket-15.wbbasket.ru/vol2232/part223271/223271947/images/big/1.webp
1605,Спортивные аксессуары,248,Шлемы спортивные,223271947,венум-фф(прст-бел),Venum шлем закрытый для бокса и единоборств,Lucky Sport,360180512,XL,65+ см,2039903930082,https://basket-15.wbbasket.ru/vol2232/part223271/223271947/images/big/1.webp
1605,Спортивные аксессуары,248,Шлемы спортивные,223271947,венум-фф(прст-бел),Venum шлем закрытый для бокса и единоборств,Lucky Sport,354239750,L,57-65 см,2039809834620,https://basket-15.wbbasket.ru/vol2232/part223271/223271947/images/big/1.webp
1605,Спортивные аксессуары,248,Шлемы спортивные,223271948,венум-фф(зел),Venum шлем закрытый для бокса и единоборств,Lucky Sport,354239753,L,57-65 см,2039809836013,https://basket-15.wbbasket.ru/vol2232/part223271/223271948/images/big/1.webp
1605,Спортивные аксессуары,248,Шлемы спортивные,223271948,венум-фф(зел),Venum шлем закрытый для бокса и единоборств,Lucky Sport,354239754,M,52-56 см,2039809836020,https://basket-15.wbbasket.ru/vol2232/part223271/223271948/images/big/1.webp
1605,Спортивные аксессуары,248,Шлемы спортивные,223271948,венум-фф(зел),Venum шлем закрытый для бокса и единоборств,Lucky Sport,354239755,S,47-52 см,2039809836037,https://basket-15.wbbasket.ru/vol2232/part223271/223271948/images/big/1.webp
1605,Спортивные аксессуары,248,Шлемы спортивные,223271948,венум-фф(зел),Venum шлем закрытый для бокса и единоборств,Lucky Sport,360180513,XL,65+ см,2039903934462,https://basket-15.wbbasket.ru/vol2232/part223271/223271948/images/big/1.webp
1605,Спортивные аксессуары,248,Шлемы спортивные,227856307,венум-фф(оранж),Venum шлем закрытый для бокса и единоборств,Lucky Sport,360440656,L,57-65 см,2039907872906,https://basket-15.wbbasket.ru/vol2278/part227856/227856307/images/big/1.webp
1605,Спортивные аксессуары,248,Шлемы спортивные,227856307,венум-фф(оранж),Venum шлем закрытый для бокса и единоборств,Lucky Sport,360440657,M,52-56 см,2039907872913,https://basket-15.wbbasket.ru/vol2278/part227856/227856307/images/big/1.webp
1605,Спортивные аксессуары,248,Шлемы спортивные,227856307,венум-фф(оранж),Venum шлем закрытый для бокса и единоборств,Lucky Sport,360440658,XL,65+ см,2039907872920,https://basket-15.wbbasket.ru/vol2278/part227856/227856307/images/big/1.webp
1605,Спортивные аксессуары,248,Шлемы спортивные,227856308,венум-фф(неон),Venum шлем закрытый для бокса и единоборств,Lucky Sport,360440659,L,57-65 см,2039907874207,https://basket-15.wbbasket.ru/vol2278/part227856/227856308/images/big/1.webp
1605,Спортивные аксессуары,248,Шлемы спортивные,227856308,венум-фф(неон),Venum шлем закрытый для бокса и единоборств,Lucky Sport,360440660,M,52-56 см,2039907874214,https://basket-15.wbbasket.ru/vol2278/part227856/227856308/images/big/1.webp
1605,Спортивные аксессуары,248,Шлемы спортивные,227856308,венум-фф(неон),Venum шлем закрытый для бокса и единоборств,Lucky Sport,360440661,XL,65+ см,2039907874221,https://basket-15.wbbasket.ru/vol2278/part227856/227856308/images/big/1.webp
1605,Спортивные аксессуары,248,Шлемы спортивные,232142211,венум-фф(чрнзлт),Venum шлем закрытый для бокса и единоборств,Lucky Sport,366276791,M,52-56 см,2040036529852,https://basket-15.wbbasket.ru/vol2321/part232142/232142211/images/big/1.webp
1605,Спортивные аксессуары,248,Шлемы спортивные,232142212,венум-фф(чрнкитай),Venum шлем закрытый для бокса и единоборств,Lucky Sport,366276792,M,52-56 см,2040036530124,https://basket-15.wbbasket.ru/vol2321/part232142/232142212/images/big/1.webp
1605,Спортивные аксессуары,248,Шлемы спортивные,418101265,венум-фф(белый),Venum шлем закрытый для бокса и единоборств,Lucky Sport,598157212,L,57-65 см,2044000352989,https://basket-24.wbbasket.ru/vol4181/part418101/418101265/images/big/1.webp
1605,Спортивные аксессуары,248,Шлемы спортивные,418101265,венум-фф(белый),Venum шлем закрытый для бокса и единоборств,Lucky Sport,598157214,S,47-52 см,2044000353009,https://basket-24.wbbasket.ru/vol4181/part418101/418101265/images/big/1.webp
1605,Спортивные аксессуары,248,Шлемы спортивные,418101265,венум-фф(белый),Venum шлем закрытый для бокса и единоборств,Lucky Sport,598157213,M,52-56 см,2044000352996,https://basket-24.wbbasket.ru/vol4181/part418101/418101265/images/big/1.webp
1605,Спортивные аксессуары,248,Шлемы спортивные,418101265,венум-фф(белый),Venum шлем закрытый для бокса и единоборств,Lucky Sport,598157215,XL,65+ см,2044000353016,https://basket-24.wbbasket.ru/vol4181/part418101/418101265/images/big/1.webp
1605,Спортивные аксессуары,248,Шлемы спортивные,418101266,венум-фф(зеленый),Venum шлем закрытый для бокса и единоборств,Lucky Sport,598157216,L,57-65 см,2044000353030,https://basket-24.wbbasket.ru/vol4181/part418101/418101266/images/big/1.webp
1605,Спортивные аксессуары,248,Шлемы спортивные,418101266,венум-фф(зеленый),Venum шлем закрытый для бокса и единоборств,Lucky Sport,598157217,M,52-56 см,2044000353047,https://basket-24.wbbasket.ru/vol4181/part418101/418101266/images/big/1.webp
1605,Спортивные аксессуары,248,Шлемы спортивные,418101266,венум-фф(зеленый),Venum шлем закрытый для бокса и единоборств,Lucky Sport,598157218,S,47-52 см,2044000353054,https://basket-24.wbbasket.ru/vol4181/part418101/418101266/images/big/1.webp
1605,Спортивные аксессуары,248,Шлемы спортивные,418101266,венум-фф(зеленый),Venum шлем закрытый для бокса и единоборств,Lucky Sport,598157219,XL,65+ см,2044000353061,https://basket-24.wbbasket.ru/vol4181/part418101/418101266/images/big/1.webp
1605,Спортивные аксессуары,240,Щитки,211952792,киоку-футы,"Футы, щитки для каратэ, мма защита ног",Lucky Sport,338943675,L,165-175см,2039547491383,https://basket-14.wbbasket.ru/vol2119/part211952/211952792/images/big/1.webp
1605,Спортивные аксессуары,240,Щитки,211952792,киоку-футы,"Футы, щитки для каратэ, мма защита ног",Lucky Sport,338943674,M,145-160см,2039547491376,https://basket-14.wbbasket.ru/vol2119/part211952/211952792/images/big/1.webp
1605,Спортивные аксессуары,240,Щитки,211952792,киоку-футы,"Футы, щитки для каратэ, мма защита ног",Lucky Sport,338943673,S,130-140см,2039547491369,https://basket-14.wbbasket.ru/vol2119/part211952/211952792/images/big/1.webp
1605,Спортивные аксессуары,240,Щитки,211952792,киоку-футы,"Футы, щитки для каратэ, мма защита ног",Lucky Sport,338943676,XL,175-185см,2039547491390,https://basket-14.wbbasket.ru/vol2119/part211952/211952792/images/big/1.webp
1605,Спортивные аксессуары,240,Щитки,211952792,киоку-футы,"Футы, щитки для каратэ, мма защита ног",Lucky Sport,338943672,XS,110-125см,2039547491352,https://basket-14.wbbasket.ru/vol2119/part211952/211952792/images/big/1.webp
1605,Спортивные аксессуары,240,Щитки,218945012,хаябус-фут(бел),"Hayabusa Футы, щитки для мма и единоборств",Lucky Sport,348392608,XL,175-185 см,2039697468815,https://basket-14.wbbasket.ru/vol2189/part218945/218945012/images/big/1.webp
1605,Спортивные аксессуары,240,Щитки,218945012,хаябус-фут(бел),"Hayabusa Футы, щитки для мма и единоборств",Lucky Sport,348392606,M,155-165 см,2039697468792,https://basket-14.wbbasket.ru/vol2189/part218945/218945012/images/big/1.webp
1605,Спортивные аксессуары,240,Щитки,218945012,хаябус-фут(бел),"Hayabusa Футы, щитки для мма и единоборств",Lucky Sport,348392607,L,165-175 см,2039697468808,https://basket-14.wbbasket.ru/vol2189/part218945/218945012/images/big/1.webp
1605,Спортивные аксессуары,240,Щитки,220906089,хаябус-фут(чрн),"Hayabusa Футы, щитки для мма и единоборств",Lucky Sport,351019514,L,165-175 см,2039752085667,https://basket-15.wbbasket.ru/vol2209/part220906/220906089/images/big/1.webp
1605,Спортивные аксессуары,240,Щитки,220906089,хаябус-фут(чрн),"Hayabusa Футы, щитки для мма и единоборств",Lucky Sport,351019515,M,155-165 см,2039752085674,https://basket-15.wbbasket.ru/vol2209/part220906/220906089/images/big/1.webp
1605,Спортивные аксессуары,240,Щитки,220906089,хаябус-фут(чрн),"Hayabusa Футы, щитки для мма и единоборств",Lucky Sport,351019516,XL,175-185 см,2039752085681,https://basket-15.wbbasket.ru/vol2209/part220906/220906089/images/big/1.webp
1605,Спортивные аксессуары,240,Щитки,219440246,кинг-фут(син),"King Футы, щитки для мма и единоборств",Lucky Sport,349092817,S,145-155,2039716618252,https://basket-15.wbbasket.ru/vol2194/part219440/219440246/images/big/1.webp
1605,Спортивные аксессуары,240,Щитки,219440246,кинг-фут(син),"King Футы, щитки для мма и единоборств",Lucky Sport,349092813,L,165-175 см,2039716618214,https://basket-15.wbbasket.ru/vol2194/part219440/219440246/images/big/1.webp
1605,Спортивные аксессуары,240,Щитки,219440246,кинг-фут(син),"King Футы, щитки для мма и единоборств",Lucky Sport,349092814,M,155-165 см,2039716618221,https://basket-15.wbbasket.ru/vol2194/part219440/219440246/images/big/1.webp
1605,Спортивные аксессуары,240,Щитки,219440246,кинг-фут(син),"King Футы, щитки для мма и единоборств",Lucky Sport,349092815,XL,175-185 см,2039716618238,https://basket-15.wbbasket.ru/vol2194/part219440/219440246/images/big/1.webp
1605,Спортивные аксессуары,240,Щитки,219440246,кинг-фут(син),"King Футы, щитки для мма и единоборств",Lucky Sport,349092816,XS,125-145 см,2039716618245,https://basket-15.wbbasket.ru/vol2194/part219440/219440246/images/big/1.webp
1605,Спортивные аксессуары,240,Щитки,219440245,кинг-фут(крсн),"King Sport Футы, щитки для мма и единоборств",Lucky Sport,349092812,S,145-155,2039716616494,https://basket-15.wbbasket.ru/vol2194/part219440/219440245/images/big/1.webp
1605,Спортивные аксессуары,240,Щитки,219440245,кинг-фут(крсн),"King Sport Футы, щитки для мма и единоборств",Lucky Sport,349092808,L,165-175 см,2039716616456,https://basket-15.wbbasket.ru/vol2194/part219440/219440245/images/big/1.webp
1605,Спортивные аксессуары,240,Щитки,219440245,кинг-фут(крсн),"King Sport Футы, щитки для мма и единоборств",Lucky Sport,349092809,M,155-165 см,2039716616463,https://basket-15.wbbasket.ru/vol2194/part219440/219440245/images/big/1.webp
1605,Спортивные аксессуары,240,Щитки,219440245,кинг-фут(крсн),"King Sport Футы, щитки для мма и единоборств",Lucky Sport,349092810,XL,175-185 см,2039716616470,https://basket-15.wbbasket.ru/vol2194/part219440/219440245/images/big/1.webp
1605,Спортивные аксессуары,240,Щитки,219440245,кинг-фут(крсн),"King Sport Футы, щитки для мма и единоборств",Lucky Sport,349092811,XS,125-145 см,2039716616487,https://basket-15.wbbasket.ru/vol2194/part219440/219440245/images/big/1.webp
1605,Спортивные аксессуары,240,Щитки,219440244,леоне-фут(крчн),"Leone Футы, щитки для мма и единоборств",Lucky Sport,349092803,L,165-175 см,2039716611109,https://basket-15.wbbasket.ru/vol2194/part219440/219440244/images/big/1.webp
1605,Спортивные аксессуары,240,Щитки,219440244,леоне-фут(крчн),"Leone Футы, щитки для мма и единоборств",Lucky Sport,349092804,M,155-165 см,2039716611116,https://basket-15.wbbasket.ru/vol2194/part219440/219440244/images/big/1.webp
1605,Спортивные аксессуары,240,Щитки,219440244,леоне-фут(крчн),"Leone Футы, щитки для мма и единоборств",Lucky Sport,349092807,S,145-155,2039716611147,https://basket-15.wbbasket.ru/vol2194/part219440/219440244/images/big/1.webp
1605,Спортивные аксессуары,240,Щитки,219440244,леоне-фут(крчн),"Leone Футы, щитки для мма и единоборств",Lucky Sport,349092805,XL,175-185 см,2039716611123,https://basket-15.wbbasket.ru/vol2194/part219440/219440244/images/big/1.webp
1605,Спортивные аксессуары,240,Щитки,219440244,леоне-фут(крчн),"Leone Футы, щитки для мма и единоборств",Lucky Sport,349092806,XS,125-145 см,2039716611130,https://basket-15.wbbasket.ru/vol2194/part219440/219440244/images/big/1.webp
1605,Спортивные аксессуары,240,Щитки,419490337,футы-манто,"Manto футы, щитки для мма и единоборств",Lucky Sport,599835928,S,145-155 см,2044026460064,https://basket-24.wbbasket.ru/vol4194/part419490/419490337/images/big/1.webp
1605,Спортивные аксессуары,240,Щитки,419490337,футы-манто,"Manto футы, щитки для мма и единоборств",Lucky Sport,599835926,L,165-175 см,2044026460040,https://basket-24.wbbasket.ru/vol4194/part419490/419490337/images/big/1.webp
1605,Спортивные аксессуары,240,Щитки,419490337,футы-манто,"Manto футы, щитки для мма и единоборств",Lucky Sport,599835927,M,155-165 см,2044026460057,https://basket-24.wbbasket.ru/vol4194/part419490/419490337/images/big/1.webp
1605,Спортивные аксессуары,240,Щитки,419490337,футы-манто,"Manto футы, щитки для мма и единоборств",Lucky Sport,599835929,XL,175+ см,2044026460071,https://basket-24.wbbasket.ru/vol4194/part419490/419490337/images/big/1.webp
1605,Спортивные аксессуары,240,Щитки,446325666,футы-47,"Venum 47 футы, щитки для мма и единоборств",Lucky Sport,630901619,L,165-175 см,2044473419684,https://basket-25.wbbasket.ru/vol4463/part446325/446325666/images/big/1.webp
1605,Спортивные аксессуары,240,Щитки,446325666,футы-47,"Venum 47 футы, щитки для мма и единоборств",Lucky Sport,630901620,M,155-165 см,2044473419691,https://basket-25.wbbasket.ru/vol4463/part446325/446325666/images/big/1.webp
1605,Спортивные аксессуары,240,Щитки,446325666,футы-47,"Venum 47 футы, щитки для мма и единоборств",Lucky Sport,630901621,S,145-155 см,2044473419707,https://basket-25.wbbasket.ru/vol4463/part446325/446325666/images/big/1.webp
1605,Спортивные аксессуары,240,Щитки,446325666,футы-47,"Venum 47 футы, щитки для мма и единоборств",Lucky Sport,630901623,XL,175+ см,2044473419714,https://basket-25.wbbasket.ru/vol4463/part446325/446325666/images/big/1.webp
1605,Спортивные аксессуары,240,Щитки,240591057,венум-футы(чер),"Venum футы, щитки для мма и единоборств",Lucky Sport,378114549,L,165-175 см,2040535045518,https://basket-15.wbbasket.ru/vol2405/part240591/240591057/images/big/1.webp
1605,Спортивные аксессуары,240,Щитки,240591057,венум-футы(чер),"Venum футы, щитки для мма и единоборств",Lucky Sport,378114551,S,145-155 см,2040535045532,https://basket-15.wbbasket.ru/vol2405/part240591/240591057/images/big/1.webp
1605,Спортивные аксессуары,240,Щитки,240591057,венум-футы(чер),"Venum футы, щитки для мма и единоборств",Lucky Sport,378114550,M,155-165 см,2040535045525,https://basket-15.wbbasket.ru/vol2405/part240591/240591057/images/big/1.webp
1605,Спортивные аксессуары,240,Щитки,240591057,венум-футы(чер),"Venum футы, щитки для мма и единоборств",Lucky Sport,378114552,XL,175+ см,2040535045549,https://basket-15.wbbasket.ru/vol2405/part240591/240591057/images/big/1.webp
1605,Спортивные аксессуары,240,Щитки,240591057,венум-футы(чер),"Venum футы, щитки для мма и единоборств",Lucky Sport,378114553,XS,до 145 см,2040535045556,https://basket-15.wbbasket.ru/vol2405/part240591/240591057/images/big/1.webp
1605,Спортивные аксессуары,240,Щитки,241178684,венум-футы(серый),"Venum футы, щитки для мма и единоборств",Lucky Sport,378886760,L,165-175 см,2040554735797,https://basket-16.wbbasket.ru/vol2411/part241178/241178684/images/big/1.webp
1605,Спортивные аксессуары,240,Щитки,241178684,венум-футы(серый),"Venum футы, щитки для мма и единоборств",Lucky Sport,378886761,M,155-165 см,2040554735803,https://basket-16.wbbasket.ru/vol2411/part241178/241178684/images/big/1.webp
1605,Спортивные аксессуары,240,Щитки,241178684,венум-футы(серый),"Venum футы, щитки для мма и единоборств",Lucky Sport,378886762,XL,175+ см,2040554735827,https://basket-16.wbbasket.ru/vol2411/part241178/241178684/images/big/1.webp
1605,Спортивные аксессуары,240,Щитки,241178685,венум-футы(зеленый),"Venum футы, щитки для мма и единоборств",Lucky Sport,378886763,L,165-175 см,2040554741323,https://basket-16.wbbasket.ru/vol2411/part241178/241178685/images/big/1.webp
1605,Спортивные аксессуары,240,Щитки,241178685,венум-футы(зеленый),"Venum футы, щитки для мма и единоборств",Lucky Sport,378886764,M,155-165 см,2040554741330,https://basket-16.wbbasket.ru/vol2411/part241178/241178685/images/big/1.webp
1605,Спортивные аксессуары,240,Щитки,241178685,венум-футы(зеленый),"Venum футы, щитки для мма и единоборств",Lucky Sport,378886765,XL,175+ см,2040554741347,https://basket-16.wbbasket.ru/vol2411/part241178/241178685/images/big/1.webp
1605,Спортивные аксессуары,240,Щитки,248820629,футы-черн,"Venum футы, щитки для мма и единоборств",Lucky Sport,389516208,XL,185-195 см,2040814649086,https://basket-16.wbbasket.ru/vol2488/part248820/248820629/images/big/1.webp
1605,Спортивные аксессуары,240,Щитки,248820629,футы-черн,"Venum футы, щитки для мма и единоборств",Lucky Sport,389516205,L,175-185 см,2040814649055,https://basket-16.wbbasket.ru/vol2488/part248820/248820629/images/big/1.webp
1605,Спортивные аксессуары,240,Щитки,248820629,футы-черн,"Venum футы, щитки для мма и единоборств",Lucky Sport,754266885,XXL,195+ см,2046350577456,https://basket-16.wbbasket.ru/vol2488/part248820/248820629/images/big/1.webp
1605,Спортивные аксессуары,240,Щитки,248820629,футы-черн,"Venum футы, щитки для мма и единоборств",Lucky Sport,389516206,M,165-175 см,2040814649062,https://basket-16.wbbasket.ru/vol2488/part248820/248820629/images/big/1.webp
1605,Спортивные аксессуары,240,Щитки,248820629,футы-черн,"Venum футы, щитки для мма и единоборств",Lucky Sport,389516207,S,165-165 см,2040814649079,https://basket-16.wbbasket.ru/vol2488/part248820/248820629/images/big/1.webp
1605,Спортивные аксессуары,240,Щитки,248820629,футы-черн,"Venum футы, щитки для мма и единоборств",Lucky Sport,389516209,XS,до 145 см,2040814649093,https://basket-16.wbbasket.ru/vol2488/part248820/248820629/images/big/1.webp
1605,Спортивные аксессуары,240,Щитки,248820630,футы-зел,"Venum футы, щитки для мма и единоборств",Venum,389516211,M,155-165 см,2040815713823,https://basket-16.wbbasket.ru/vol2488/part248820/248820630/images/big/1.webp
1605,Спортивные аксессуары,240,Щитки,248820630,футы-зел,"Venum футы, щитки для мма и единоборств",Venum,389516210,L,165-175 см,2040815713816,https://basket-16.wbbasket.ru/vol2488/part248820/248820630/images/big/1.webp
1605,Спортивные аксессуары,240,Щитки,248820630,футы-зел,"Venum футы, щитки для мма и единоборств",Venum,389516212,XL,175+ см,2040815713830,https://basket-16.wbbasket.ru/vol2488/part248820/248820630/images/big/1.webp
1605,Спортивные аксессуары,240,Щитки,248820631,футы-сер,"Venum футы, щитки для мма и единоборств",Venum,403827821,S,145-155 см,2041171666709,https://basket-16.wbbasket.ru/vol2488/part248820/248820631/images/big/1.webp
1605,Спортивные аксессуары,240,Щитки,248820631,футы-сер,"Venum футы, щитки для мма и единоборств",Venum,389516213,L,165-175 см,2040815721415,https://basket-16.wbbasket.ru/vol2488/part248820/248820631/images/big/1.webp
1605,Спортивные аксессуары,240,Щитки,248820631,футы-сер,"Venum футы, щитки для мма и единоборств",Venum,389516214,M,155-165 см,2040815721422,https://basket-16.wbbasket.ru/vol2488/part248820/248820631/images/big/1.webp
1605,Спортивные аксессуары,240,Щитки,248820631,футы-сер,"Venum футы, щитки для мма и единоборств",Venum,389516215,XL,175+ см,2040815721439,https://basket-16.wbbasket.ru/vol2488/part248820/248820631/images/big/1.webp
1605,Спортивные аксессуары,240,Щитки,259726519,футы-бел,"Venum футы, щитки для мма и единоборств",Venum,403827823,M,155-165 см,2041171671253,https://basket-16.wbbasket.ru/vol2597/part259726/259726519/images/big/1.webp
1605,Спортивные аксессуары,240,Щитки,259726519,футы-бел,"Venum футы, щитки для мма и единоборств",Venum,403827824,XL,175+ см,2041171671260,https://basket-16.wbbasket.ru/vol2597/part259726/259726519/images/big/1.webp
1605,Спортивные аксессуары,240,Щитки,259726519,футы-бел,"Venum футы, щитки для мма и единоборств",Venum,403827822,L,165-175 см,2041171671246,https://basket-16.wbbasket.ru/vol2597/part259726/259726519/images/big/1.webp
1605,Спортивные аксессуары,240,Щитки,418431704,футы-синий,"Venum футы, щитки для мма и единоборств",Lucky Sport,598561264,L,165-175 см,2044005581551,https://basket-24.wbbasket.ru/vol4184/part418431/418431704/images/big/1.webp
1605,Спортивные аксессуары,240,Щитки,418431704,футы-синий,"Venum футы, щитки для мма и единоборств",Lucky Sport,598561268,S,145-155 см,2044005581575,https://basket-24.wbbasket.ru/vol4184/part418431/418431704/images/big/1.webp
1605,Спортивные аксессуары,240,Щитки,418431704,футы-синий,"Venum футы, щитки для мма и единоборств",Lucky Sport,598561266,M,155-165 см,2044005581568,https://basket-24.wbbasket.ru/vol4184/part418431/418431704/images/big/1.webp
1605,Спортивные аксессуары,240,Щитки,418431704,футы-синий,"Venum футы, щитки для мма и единоборств",Lucky Sport,598561269,XL,175+ см,2044005581582,https://basket-24.wbbasket.ru/vol4184/part418431/418431704/images/big/1.webp
1605,Спортивные аксессуары,240,Щитки,418909781,футы-золото,"Venum футы, щитки для мма и единоборств",Lucky Sport,599179905,L,165-175 см,2044020787365,https://basket-24.wbbasket.ru/vol4189/part418909/418909781/images/big/1.webp
1605,Спортивные аксессуары,240,Щитки,418909781,футы-золото,"Venum футы, щитки для мма и единоборств",Lucky Sport,599179906,M,155-165 см,2044020787372,https://basket-24.wbbasket.ru/vol4189/part418909/418909781/images/big/1.webp
1605,Спортивные аксессуары,240,Щитки,418909781,футы-золото,"Venum футы, щитки для мма и единоборств",Lucky Sport,599179907,S,145-155 см,2044020787389,https://basket-24.wbbasket.ru/vol4189/part418909/418909781/images/big/1.webp
1605,Спортивные аксессуары,240,Щитки,418909781,футы-золото,"Venum футы, щитки для мма и единоборств",Lucky Sport,599179908,XL,175+ см,2044020787396,https://basket-24.wbbasket.ru/vol4189/part418909/418909781/images/big/1.webp
1605,Спортивные аксессуары,240,Щитки,419490336,футы-серебро,"Venum футы, щитки для мма и единоборств",Lucky Sport,599835922,L,165-175 см,2044026453745,https://basket-24.wbbasket.ru/vol4194/part419490/419490336/images/big/1.webp
1605,Спортивные аксессуары,240,Щитки,419490336,футы-серебро,"Venum футы, щитки для мма и единоборств",Lucky Sport,599835923,M,155-165 см,2044026453752,https://basket-24.wbbasket.ru/vol4194/part419490/419490336/images/big/1.webp
1605,Спортивные аксессуары,240,Щитки,419490336,футы-серебро,"Venum футы, щитки для мма и единоборств",Lucky Sport,599835924,S,145-155 см,2044026453769,https://basket-24.wbbasket.ru/vol4194/part419490/419490336/images/big/1.webp
1605,Спортивные аксессуары,240,Щитки,419490336,футы-серебро,"Venum футы, щитки для мма и единоборств",Lucky Sport,599835925,XL,175+ см,2044026453776,https://basket-24.wbbasket.ru/vol4194/part419490/419490336/images/big/1.webp
1605,Спортивные аксессуары,240,Щитки,446325667,футы-бел(сер),"Venum футы, щитки для мма и единоборств",Lucky Sport,630901624,L,165-175 см,2044473421366,https://basket-25.wbbasket.ru/vol4463/part446325/446325667/images/big/1.webp
1605,Спортивные аксессуары,240,Щитки,446325667,футы-бел(сер),"Venum футы, щитки для мма и единоборств",Lucky Sport,630901625,M,155-165 см,2044473421373,https://basket-25.wbbasket.ru/vol4463/part446325/446325667/images/big/1.webp
1605,Спортивные аксессуары,240,Щитки,446325667,футы-бел(сер),"Venum футы, щитки для мма и единоборств",Lucky Sport,630901626,S,145-155 см,2044473421380,https://basket-25.wbbasket.ru/vol4463/part446325/446325667/images/big/1.webp
1605,Спортивные аксессуары,240,Щитки,446325667,футы-бел(сер),"Venum футы, щитки для мма и единоборств",Lucky Sport,630901627,XL,175+ см,2044473421397,https://basket-25.wbbasket.ru/vol4463/part446325/446325667/images/big/1.webp
1605,Спортивные аксессуары,240,Щитки,219440247,венум-футы(бел),"Venum Футы, щитки для мма и единоборств",Lucky Sport,349092818,L,165-175 см,2039716644893,https://basket-15.wbbasket.ru/vol2194/part219440/219440247/images/big/1.webp
1605,Спортивные аксессуары,240,Щитки,219440247,венум-футы(бел),"Venum Футы, щитки для мма и единоборств",Lucky Sport,349092819,M,155-165 см,2039716644909,https://basket-15.wbbasket.ru/vol2194/part219440/219440247/images/big/1.webp
1605,Спортивные аксессуары,240,Щитки,219440247,венум-футы(бел),"Venum Футы, щитки для мма и единоборств",Lucky Sport,353495910,XL,175+  см,2039798440093,https://basket-15.wbbasket.ru/vol2194/part219440/219440247/images/big/1.webp
1605,Спортивные аксессуары,240,Щитки,220305169,венум-футы(сер),"Venum Футы, щитки для мма и единоборств",Lucky Sport,350234590,M,155-165 см,2039736764830,https://basket-15.wbbasket.ru/vol2203/part220305/220305169/images/big/1.webp
1605,Спортивные аксессуары,240,Щитки,220305169,венум-футы(сер),"Venum Футы, щитки для мма и единоборств",Lucky Sport,350234589,L,165-175 см,2039736764823,https://basket-15.wbbasket.ru/vol2203/part220305/220305169/images/big/1.webp
1605,Спортивные аксессуары,240,Щитки,220305169,венум-футы(сер),"Venum Футы, щитки для мма и единоборств",Lucky Sport,360182361,XL,175-185 см,2039903946427,https://basket-15.wbbasket.ru/vol2203/part220305/220305169/images/big/1.webp
1605,Спортивные аксессуары,240,Щитки,220901282,венум-футы(чрн),"Venum Футы, щитки для мма и единоборств",Lucky Sport,351013886,L,165-175 см,2039751943890,https://basket-15.wbbasket.ru/vol2209/part220901/220901282/images/big/1.webp
1605,Спортивные аксессуары,240,Щитки,220901282,венум-футы(чрн),"Venum Футы, щитки для мма и единоборств",Lucky Sport,351013888,M,155-165 см,2039751943906,https://basket-15.wbbasket.ru/vol2209/part220901/220901282/images/big/1.webp
1605,Спортивные аксессуары,240,Щитки,220901282,венум-футы(чрн),"Venum Футы, щитки для мма и единоборств",Lucky Sport,351013890,S,145-155 см,2039751943920,https://basket-15.wbbasket.ru/vol2209/part220901/220901282/images/big/1.webp
1605,Спортивные аксессуары,240,Щитки,220901282,венум-футы(чрн),"Venum Футы, щитки для мма и единоборств",Lucky Sport,351013891,XL,175+ см,2039751943937,https://basket-15.wbbasket.ru/vol2209/part220901/220901282/images/big/1.webp
1605,Спортивные аксессуары,240,Щитки,220901282,венум-футы(чрн),"Venum Футы, щитки для мма и единоборств",Lucky Sport,351013889,XS,до 145 см,2039751943913,https://basket-15.wbbasket.ru/vol2209/part220901/220901282/images/big/1.webp
1605,Спортивные аксессуары,240,Щитки,227788542,венум-футы(зел),"Venum Футы, щитки для мма и единоборств",Lucky Sport,360337650,L,165-175 см,2039906464850,https://basket-15.wbbasket.ru/vol2277/part227788/227788542/images/big/1.webp
1605,Спортивные аксессуары,240,Щитки,227788542,венум-футы(зел),"Venum Футы, щитки для мма и единоборств",Lucky Sport,360337652,XL,175-185 см,2039906464874,https://basket-15.wbbasket.ru/vol2277/part227788/227788542/images/big/1.webp
1605,Спортивные аксессуары,240,Щитки,227788542,венум-футы(зел),"Venum Футы, щитки для мма и единоборств",Lucky Sport,360337651,M,155-165 см,2039906464867,https://basket-15.wbbasket.ru/vol2277/part227788/227788542/images/big/1.webp
1605,Спортивные аксессуары,240,Щитки,229715100,венум-футы(чрн)-антрацитовый,"Venum Футы, щитки для мма и единоборств",Lucky Sport,362923247,XL,xl,2039955904130,https://basket-15.wbbasket.ru/vol2297/part229715/229715100/images/big/1.webp
1605,Спортивные аксессуары,240,Щитки,263187695,венум-тряпка(черн),"Venum шингарды, щитки, футы для ног",Venum,408669453,L,160-175 см,2041268873812,https://basket-17.wbbasket.ru/vol2631/part263187/263187695/images/big/1.webp
1605,Спортивные аксессуары,240,Щитки,263187695,венум-тряпка(черн),"Venum шингарды, щитки, футы для ног",Venum,408669452,M,140-160 см,2041268873805,https://basket-17.wbbasket.ru/vol2631/part263187/263187695/images/big/1.webp
1605,Спортивные аксессуары,240,Щитки,263187695,венум-тряпка(черн),"Venum шингарды, щитки, футы для ног",Venum,408669451,S,125-140 см,2041268873799,https://basket-17.wbbasket.ru/vol2631/part263187/263187695/images/big/1.webp
1605,Спортивные аксессуары,240,Щитки,263187695,венум-тряпка(черн),"Venum шингарды, щитки, футы для ног",Venum,408669454,XL,175-185 см,2041268873829,https://basket-17.wbbasket.ru/vol2631/part263187/263187695/images/big/1.webp
1605,Спортивные аксессуары,240,Щитки,263187695,венум-тряпка(черн),"Venum шингарды, щитки, футы для ног",Venum,408669450,XS,110-125 см,2041268873782,https://basket-17.wbbasket.ru/vol2631/part263187/263187695/images/big/1.webp
1605,Спортивные аксессуары,240,Щитки,263187695,венум-тряпка(черн),"Venum шингарды, щитки, футы для ног",Venum,408669455,XXL,185+ см,2041268873836,https://basket-17.wbbasket.ru/vol2631/part263187/263187695/images/big/1.webp
1605,Спортивные аксессуары,240,Щитки,263187696,венум-тряпка(крсн),"Venum шингарды, щитки, футы для ног",Venum,408669460,XL,175-185 см,2041268880537,https://basket-17.wbbasket.ru/vol2631/part263187/263187696/images/big/1.webp
1605,Спортивные аксессуары,240,Щитки,263187696,венум-тряпка(крсн),"Venum шингарды, щитки, футы для ног",Venum,408669459,L,160-175 см,2041268880520,https://basket-17.wbbasket.ru/vol2631/part263187/263187696/images/big/1.webp
1605,Спортивные аксессуары,240,Щитки,263187696,венум-тряпка(крсн),"Venum шингарды, щитки, футы для ног",Venum,408669458,M,140-160 см,2041268880513,https://basket-17.wbbasket.ru/vol2631/part263187/263187696/images/big/1.webp
1605,Спортивные аксессуары,240,Щитки,263187696,венум-тряпка(крсн),"Venum шингарды, щитки, футы для ног",Venum,408669457,S,125-140 см,2041268880506,https://basket-17.wbbasket.ru/vol2631/part263187/263187696/images/big/1.webp
1605,Спортивные аксессуары,240,Щитки,263187696,венум-тряпка(крсн),"Venum шингарды, щитки, футы для ног",Venum,408669456,XS,110-125 см,2041268880490,https://basket-17.wbbasket.ru/vol2631/part263187/263187696/images/big/1.webp
1605,Спортивные аксессуары,240,Щитки,263187696,венум-тряпка(крсн),"Venum шингарды, щитки, футы для ног",Venum,408669461,XXL,185+ см,2041268880544,https://basket-17.wbbasket.ru/vol2631/part263187/263187696/images/big/1.webp
1605,Спортивные аксессуары,240,Щитки,263187697,венум-тряпка(син),"Venum шингарды, щитки, футы для ног",Venum,408669462,XS,110-125 см,2041268882883,https://basket-17.wbbasket.ru/vol2631/part263187/263187697/images/big/1.webp
1605,Спортивные аксессуары,240,Щитки,263187697,венум-тряпка(син),"Venum шингарды, щитки, футы для ног",Venum,408669465,L,160-175 см,2041268882913,https://basket-17.wbbasket.ru/vol2631/part263187/263187697/images/big/1.webp
1605,Спортивные аксессуары,240,Щитки,263187697,венум-тряпка(син),"Venum шингарды, щитки, футы для ног",Venum,408669464,M,140-160 см,2041268882906,https://basket-17.wbbasket.ru/vol2631/part263187/263187697/images/big/1.webp
1605,Спортивные аксессуары,240,Щитки,263187697,венум-тряпка(син),"Venum шингарды, щитки, футы для ног",Venum,408669463,S,125-140 см,2041268882890,https://basket-17.wbbasket.ru/vol2631/part263187/263187697/images/big/1.webp
1605,Спортивные аксессуары,240,Щитки,263187697,венум-тряпка(син),"Venum шингарды, щитки, футы для ног",Venum,408669466,XL,175-185 см,2041268882920,https://basket-17.wbbasket.ru/vol2631/part263187/263187697/images/big/1.webp
1605,Спортивные аксессуары,240,Щитки,263187697,венум-тряпка(син),"Venum шингарды, щитки, футы для ног",Venum,408669467,XXL,185+ см,2041268882937,https://basket-17.wbbasket.ru/vol2631/part263187/263187697/images/big/1.webp
1605,Спортивные аксессуары,240,Щитки,419090867,венум-тряпка(без-бел),"Venum шингарды, щитки, футы для ног",Venum,599416034,S,125-140 см,2044024489746,https://basket-24.wbbasket.ru/vol4190/part419090/419090867/images/big/1.webp
1605,Спортивные аксессуары,240,Щитки,419090867,венум-тряпка(без-бел),"Venum шингарды, щитки, футы для ног",Venum,599416035,XL,175-185 см,2044024489753,https://basket-24.wbbasket.ru/vol4190/part419090/419090867/images/big/1.webp
1605,Спортивные аксессуары,240,Щитки,419090867,венум-тряпка(без-бел),"Venum шингарды, щитки, футы для ног",Venum,599416036,XS,110-125 см,2044024489760,https://basket-24.wbbasket.ru/vol4190/part419090/419090867/images/big/1.webp
1605,Спортивные аксессуары,240,Щитки,419090867,венум-тряпка(без-бел),"Venum шингарды, щитки, футы для ног",Venum,599416032,L,160-175 см,2044024489722,https://basket-24.wbbasket.ru/vol4190/part419090/419090867/images/big/1.webp
1605,Спортивные аксессуары,240,Щитки,419090867,венум-тряпка(без-бел),"Venum шингарды, щитки, футы для ног",Venum,599416033,M,140-160 см,2044024489739,https://basket-24.wbbasket.ru/vol4190/part419090/419090867/images/big/1.webp
1605,Спортивные аксессуары,240,Щитки,419092314,венум-тряпка(без-черн),"Venum шингарды, щитки, футы для ног",Venum,599417593,L,160-175 см,2044024604224,https://basket-24.wbbasket.ru/vol4190/part419092/419092314/images/big/1.webp
1605,Спортивные аксессуары,240,Щитки,419092314,венум-тряпка(без-черн),"Venum шингарды, щитки, футы для ног",Venum,599417594,M,140-160 см,2044024604231,https://basket-24.wbbasket.ru/vol4190/part419092/419092314/images/big/1.webp
1605,Спортивные аксессуары,240,Щитки,419092314,венум-тряпка(без-черн),"Venum шингарды, щитки, футы для ног",Venum,599417595,S,125-140 см,2044024604248,https://basket-24.wbbasket.ru/vol4190/part419092/419092314/images/big/1.webp
1605,Спортивные аксессуары,240,Щитки,419092314,венум-тряпка(без-черн),"Venum шингарды, щитки, футы для ног",Venum,599417596,XL,175-185 см,2044024604255,https://basket-24.wbbasket.ru/vol4190/part419092/419092314/images/big/1.webp
1605,Спортивные аксессуары,240,Щитки,419092314,венум-тряпка(без-черн),"Venum шингарды, щитки, футы для ног",Venum,599417597,XS,110-125 см,2044024604262,https://basket-24.wbbasket.ru/vol4190/part419092/419092314/images/big/1.webp
239,Спортивный товар,249,Эспандеры,185705980,овал-желтый,"Резина эспандер для прокачивания рук и кистей, армреслинг",Эспандер кистовой,305274368,0,,2038875960769,https://basket-12.wbbasket.ru/vol1857/part185705/185705980/images/big/1.webp
239,Спортивный товар,249,Эспандеры,166898565,кисть,"Эспандер для кисти, качать кисти, армрестлинг",Эспандер кистовой,277667799,0,,2038095365771,https://basket-12.wbbasket.ru/vol1668/part166898/166898565/images/big/1.webp
239,Спортивный товар,249,Эспандеры,185705981,овал-синий,Эспандер для прокачивания рук и кистей,Эспандер кистовой,305274369,0,,2038876080640,https://basket-12.wbbasket.ru/vol1857/part185705/185705981/images/big/1.webp
239,Спортивный товар,249,Эспандеры,185705982,Овал-зеленый,Эспандер для прокачивания рук и кистей,Эспандер кистовой,305274370,0,,2038876096092,https://basket-12.wbbasket.ru/vol1857/part185705/185705982/images/big/1.webp
239,Спортивный товар,249,Эспандеры,208501625,боди-триммер,Эспандер от боков и талии,Lucky Sport,334174677,0,,2039470842603,https://basket-14.wbbasket.ru/vol2085/part208501/208501625/images/big/1.webp
239,Спортивный товар,249,Эспандеры,185612221,желтый-круг,"Эспандер-кольцо для рук, кистевой, для тренировок 18 кг",Эспандер кистовой,305157770,0,,2038874832098,https://basket-12.wbbasket.ru/vol1856/part185612/185612221/images/big/1.webp
49,Красота,1928,BB-кремы,1266800701,миша-бб(21),BB крем для лица тональный увлажняющий с spf 42 тон 21,Misha,1863871452,0,,2053455286879,https://basket-44.wbbasket.ru/vol12668/part1266800/1266800701/images/big/1.webp
49,Красота,1928,BB-кремы,1266800702,миша-бб(23),BB крем для лица тональный увлажняющий с spf 42 тон 21,Misha,1863871453,0,,2053455453080,https://basket-44.wbbasket.ru/vol12668/part1266800/1266800702/images/big/1.webp
